component_name,correlation_r,abs_correlation,p_value
bos_attention_proportion_per_head_layer_22_head_15,-0.31806,0.31806,0.00000
cas_alt_vs_final_layer_per_head_layer_23_head_2,-0.30548,0.30548,0.00000
bos_attention_proportion_per_head_layer_13_head_23,0.30454,0.30454,0.00000
bos_attention_proportion_per_head_layer_16_head_15,0.30212,0.30212,0.00000
cas_alt_vs_current_layer_per_head_layer_10_head_22,0.28589,0.28589,0.00001
attention_entropy_per_head_layer_12_head_14,-0.28528,0.28528,0.00001
cas_alt_vs_current_layer_per_head_layer_10_head_15,0.27742,0.27742,0.00002
cas_alt_vs_current_layer_per_head_layer_10_head_23,0.27675,0.27675,0.00002
cas_alt_vs_final_layer_per_head_layer_24_head_21,-0.27320,0.27320,0.00003
bos_attention_proportion_per_head_layer_15_head_20,0.27211,0.27211,0.00003
attention_entropy_per_head_layer_0_head_9,0.27117,0.27117,0.00003
cas_alt_vs_current_layer_per_head_layer_10_head_6,0.26887,0.26887,0.00004
cas_alt_vs_current_layer_per_head_layer_10_head_8,0.26870,0.26870,0.00004
cas_alt_vs_current_layer_per_head_layer_10_head_21,0.26825,0.26825,0.00004
cas_alt_vs_current_layer_per_head_layer_10_head_14,0.26817,0.26817,0.00004
cas_alt_vs_current_layer_per_head_layer_10_head_9,0.26795,0.26795,0.00004
cas_alt_vs_current_layer_per_head_layer_10_head_7,0.26748,0.26748,0.00004
bos_attention_proportion_per_head_layer_7_head_0,0.26748,0.26748,0.00004
bos_attention_proportion_per_head_layer_1_head_5,-0.26665,0.26665,0.00004
attention_entropy_per_head_layer_0_head_11,0.26580,0.26580,0.00004
cas_alt_vs_current_layer_per_head_layer_9_head_10,0.26545,0.26545,0.00005
cas_alt_vs_current_layer_per_head_layer_10_head_13,0.26509,0.26509,0.00005
bos_attention_proportion_per_head_layer_7_head_2,0.26240,0.26240,0.00006
bos_attention_proportion_per_head_layer_0_head_10,-0.26206,0.26206,0.00006
ecs_prompt_specific_layer_per_head_layer_3_head_0,0.26102,0.26102,0.00006
bos_attention_proportion_per_head_layer_0_head_9,-0.26055,0.26055,0.00006
attention_entropy_per_head_layer_0_head_10,0.26026,0.26026,0.00006
v_ffn_norm_per_layer_layer_27,-0.26011,0.26011,0.00007
cas_alt_vs_current_layer_per_head_layer_10_head_12,0.25759,0.25759,0.00008
bos_attention_proportion_per_head_layer_12_head_1,0.25736,0.25736,0.00008
ecs_specific_layer_per_head_layer_27_head_5,-0.25691,0.25691,0.00008
ecs_final_layer_per_head_layer_27_head_5,-0.25691,0.25691,0.00008
bos_attention_proportion_per_head_layer_24_head_3,-0.25655,0.25655,0.00008
cas_alt_vs_current_layer_per_head_layer_10_head_20,0.25646,0.25646,0.00008
bos_attention_proportion_per_head_layer_20_head_13,0.25619,0.25619,0.00008
v_attn_norm_per_layer_layer_19,-0.25596,0.25596,0.00009
ecs_prompt_specific_layer_per_head_layer_27_head_5,-0.25362,0.25362,0.00010
ecs_prompt_final_layer_per_head_layer_27_head_5,-0.25362,0.25362,0.00010
bos_attention_proportion_per_head_layer_26_head_17,0.25334,0.25334,0.00010
cas_alt_vs_current_layer_per_head_layer_10_head_5,0.25280,0.25280,0.00011
cas_alt_vs_final_layer_per_head_layer_23_head_0,-0.25089,0.25089,0.00012
cas_alt_vs_current_layer_per_head_layer_13_head_12,0.24944,0.24944,0.00013
cas_alt_vs_current_layer_per_head_layer_13_head_7,0.24874,0.24874,0.00014
bos_attention_proportion_per_head_layer_10_head_12,0.24862,0.24862,0.00014
cas_alt_vs_current_layer_per_head_layer_27_head_5,-0.24806,0.24806,0.00014
cas_alt_vs_final_layer_per_head_layer_27_head_5,-0.24806,0.24806,0.00014
cas_alt_vs_current_layer_per_head_layer_13_head_23,0.24727,0.24727,0.00015
attention_entropy_per_head_layer_17_head_21,-0.24685,0.24685,0.00016
cas_alt_vs_current_layer_per_head_layer_13_head_8,0.24521,0.24521,0.00017
bos_attention_proportion_per_head_layer_0_head_16,-0.24418,0.24418,0.00018
ecs_prompt_final_layer_per_head_layer_26_head_0,-0.24384,0.24384,0.00019
attention_entropy_per_head_layer_3_head_20,-0.24380,0.24380,0.00019
ecs_final_layer_per_head_layer_14_head_18,-0.24371,0.24371,0.00019
ecs_prompt_specific_layer_per_head_layer_3_head_2,0.24353,0.24353,0.00019
cas_alt_vs_current_layer_per_head_layer_13_head_20,0.24335,0.24335,0.00019
ecs_prompt_final_layer_per_head_layer_26_head_17,-0.24328,0.24328,0.00019
bos_attention_proportion_per_head_layer_18_head_19,0.24300,0.24300,0.00020
ecs_prompt_final_layer_per_head_layer_16_head_8,-0.24300,0.24300,0.00020
bos_attention_proportion_per_head_layer_24_head_22,-0.24225,0.24225,0.00021
attention_entropy_per_head_layer_16_head_0,-0.24176,0.24176,0.00021
cas_alt_vs_current_layer_per_head_layer_10_head_3,0.24144,0.24144,0.00022
x_post_ffn_norm_per_layer_layer_27,-0.24137,0.24137,0.00022
cas_alt_vs_current_layer_per_head_layer_10_head_16,0.24093,0.24093,0.00023
cas_alt_vs_current_layer_per_head_layer_9_head_11,0.24069,0.24069,0.00023
ecs_prompt_final_layer_per_head_layer_26_head_4,-0.24044,0.24044,0.00023
ecs_prompt_final_layer_per_head_layer_6_head_9,-0.24035,0.24035,0.00023
cas_alt_vs_current_layer_per_head_layer_10_head_17,0.23999,0.23999,0.00024
cas_alt_vs_current_layer_per_head_layer_13_head_18,0.23939,0.23939,0.00025
ecs_prompt_final_layer_per_head_layer_11_head_18,-0.23909,0.23909,0.00025
cas_alt_vs_final_layer_per_head_layer_5_head_3,-0.23900,0.23900,0.00025
ecs_prompt_final_layer_per_head_layer_11_head_20,-0.23875,0.23875,0.00026
ecs_prompt_final_layer_per_head_layer_12_head_17,-0.23872,0.23872,0.00026
cas_alt_vs_current_layer_per_head_layer_9_head_17,0.23867,0.23867,0.00026
bos_attention_proportion_per_head_layer_20_head_7,0.23855,0.23855,0.00026
ecs_prompt_final_layer_per_head_layer_25_head_7,-0.23842,0.23842,0.00026
ecs_prompt_final_layer_per_head_layer_11_head_15,-0.23840,0.23840,0.00026
bos_attention_proportion_per_head_layer_10_head_13,0.23832,0.23832,0.00026
cas_alt_vs_current_layer_per_head_layer_13_head_0,0.23830,0.23830,0.00027
ecs_prompt_final_layer_per_head_layer_25_head_10,-0.23817,0.23817,0.00027
attention_entropy_per_head_layer_5_head_5,-0.23764,0.23764,0.00028
cas_alt_vs_current_layer_per_head_layer_9_head_3,0.23753,0.23753,0.00028
cas_alt_vs_current_layer_per_head_layer_9_head_20,0.23746,0.23746,0.00028
ecs_final_layer_per_head_layer_15_head_20,-0.23743,0.23743,0.00028
cas_alt_vs_current_layer_per_head_layer_13_head_1,0.23737,0.23737,0.00028
ecs_prompt_final_layer_per_head_layer_11_head_19,-0.23699,0.23699,0.00029
cas_alt_vs_current_layer_per_head_layer_9_head_15,0.23690,0.23690,0.00029
bos_attention_proportion_per_head_layer_25_head_20,-0.23670,0.23670,0.00029
ecs_prompt_final_layer_per_head_layer_11_head_7,-0.23611,0.23611,0.00030
cas_alt_vs_current_layer_per_head_layer_13_head_19,0.23600,0.23600,0.00031
cas_alt_vs_current_layer_per_head_layer_9_head_18,0.23596,0.23596,0.00031
cas_alt_vs_current_layer_per_head_layer_13_head_21,0.23588,0.23588,0.00031
ecs_prompt_final_layer_per_head_layer_4_head_21,-0.23585,0.23585,0.00031
ecs_prompt_final_layer_per_head_layer_15_head_11,-0.23575,0.23575,0.00031
bos_attention_proportion_per_head_layer_23_head_1,-0.23537,0.23537,0.00032
ecs_prompt_final_layer_per_head_layer_24_head_14,-0.23532,0.23532,0.00032
ecs_prompt_specific_layer_per_head_layer_1_head_21,0.23529,0.23529,0.00032
ecs_prompt_final_layer_per_head_layer_25_head_23,-0.23516,0.23516,0.00032
cas_alt_vs_current_layer_per_head_layer_9_head_14,0.23514,0.23514,0.00032
ecs_final_layer_per_head_layer_15_head_19,-0.23510,0.23510,0.00032
ecs_prompt_final_layer_per_head_layer_11_head_8,-0.23493,0.23493,0.00033
ecs_final_layer_per_head_layer_26_head_0,-0.23492,0.23492,0.00033
ecs_prompt_final_layer_per_head_layer_25_head_21,-0.23484,0.23484,0.00033
ecs_prompt_specific_layer_per_head_layer_26_head_0,-0.23476,0.23476,0.00033
ecs_prompt_final_layer_per_head_layer_18_head_21,-0.23473,0.23473,0.00033
cas_alt_vs_final_layer_per_head_layer_13_head_14,-0.23472,0.23472,0.00033
ecs_prompt_final_layer_per_head_layer_6_head_11,-0.23463,0.23463,0.00033
ecs_prompt_final_layer_per_head_layer_9_head_22,-0.23434,0.23434,0.00034
ecs_prompt_final_layer_per_head_layer_14_head_6,-0.23416,0.23416,0.00034
ecs_prompt_final_layer_per_head_layer_23_head_16,-0.23406,0.23406,0.00034
cas_alt_vs_current_layer_per_head_layer_10_head_0,0.23380,0.23380,0.00035
ecs_final_layer_per_head_layer_10_head_17,-0.23377,0.23377,0.00035
ecs_prompt_final_layer_per_head_layer_18_head_6,-0.23370,0.23370,0.00035
ecs_prompt_final_layer_per_head_layer_5_head_17,-0.23339,0.23339,0.00036
ecs_final_layer_per_head_layer_12_head_0,-0.23324,0.23324,0.00036
cas_alt_vs_current_layer_per_head_layer_10_head_1,0.23324,0.23324,0.00036
cas_alt_vs_current_layer_per_head_layer_9_head_19,0.23323,0.23323,0.00036
ecs_prompt_final_layer_per_head_layer_25_head_11,-0.23322,0.23322,0.00036
x_pre_ffn_norm_per_layer_layer_22,0.23320,0.23320,0.00036
ecs_prompt_final_layer_per_head_layer_6_head_10,-0.23300,0.23300,0.00037
attention_entropy_per_head_layer_6_head_18,-0.23297,0.23297,0.00037
ecs_prompt_final_layer_per_head_layer_13_head_20,-0.23284,0.23284,0.00037
cas_alt_vs_current_layer_per_head_layer_13_head_16,0.23282,0.23282,0.00037
attention_entropy_per_head_layer_16_head_14,-0.23272,0.23272,0.00037
ecs_prompt_specific_layer_per_head_layer_27_head_3,-0.23259,0.23259,0.00038
ecs_prompt_final_layer_per_head_layer_27_head_3,-0.23259,0.23259,0.00038
ecs_final_layer_per_head_layer_9_head_21,-0.23258,0.23258,0.00038
ecs_prompt_final_layer_per_head_layer_17_head_4,-0.23252,0.23252,0.00038
ecs_prompt_final_layer_per_head_layer_11_head_3,-0.23247,0.23247,0.00038
ecs_prompt_final_layer_per_head_layer_21_head_0,-0.23240,0.23240,0.00038
ecs_prompt_final_layer_per_head_layer_10_head_7,-0.23236,0.23236,0.00038
ecs_final_layer_per_head_layer_26_head_19,-0.23224,0.23224,0.00038
ecs_prompt_final_layer_per_head_layer_21_head_6,-0.23212,0.23212,0.00039
ecs_final_layer_per_head_layer_10_head_4,-0.23172,0.23172,0.00039
ecs_final_layer_per_head_layer_25_head_7,-0.23165,0.23165,0.00040
ecs_prompt_final_layer_per_head_layer_23_head_17,-0.23154,0.23154,0.00040
ecs_prompt_final_layer_per_head_layer_15_head_0,-0.23127,0.23127,0.00041
ecs_final_layer_per_head_layer_9_head_11,-0.23125,0.23125,0.00041
ecs_prompt_final_layer_per_head_layer_10_head_17,-0.23122,0.23122,0.00041
ecs_prompt_final_layer_per_head_layer_15_head_9,-0.23115,0.23115,0.00041
ecs_prompt_final_layer_per_head_layer_24_head_23,-0.23111,0.23111,0.00041
cas_alt_vs_current_layer_per_head_layer_10_head_18,0.23111,0.23111,0.00041
ecs_prompt_final_layer_per_head_layer_9_head_5,-0.23109,0.23109,0.00041
cas_alt_vs_current_layer_per_head_layer_9_head_5,0.23108,0.23108,0.00041
ecs_prompt_specific_layer_per_head_layer_27_head_4,-0.23097,0.23097,0.00041
ecs_prompt_final_layer_per_head_layer_27_head_4,-0.23097,0.23097,0.00041
ecs_final_layer_per_head_layer_13_head_20,-0.23093,0.23093,0.00041
ecs_prompt_final_layer_per_head_layer_19_head_13,-0.23077,0.23077,0.00042
ecs_prompt_final_layer_per_head_layer_17_head_19,-0.23075,0.23075,0.00042
attention_entropy_per_head_layer_0_head_16,0.23073,0.23073,0.00042
ecs_prompt_final_layer_per_head_layer_5_head_20,-0.23068,0.23068,0.00042
ecs_prompt_final_layer_per_head_layer_25_head_9,-0.23031,0.23031,0.00043
cas_alt_vs_current_layer_per_head_layer_13_head_22,0.23021,0.23021,0.00043
cas_alt_vs_final_layer_per_head_layer_10_head_5,-0.23014,0.23014,0.00043
ecs_prompt_final_layer_per_head_layer_25_head_13,-0.23006,0.23006,0.00044
ecs_prompt_final_layer_per_head_layer_10_head_13,-0.23002,0.23002,0.00044
ecs_prompt_final_layer_per_head_layer_14_head_18,-0.22995,0.22995,0.00044
bos_attention_proportion_per_head_layer_9_head_7,0.22993,0.22993,0.00044
ecs_prompt_final_layer_per_head_layer_14_head_1,-0.22989,0.22989,0.00044
ecs_prompt_final_layer_per_head_layer_26_head_18,-0.22975,0.22975,0.00044
ecs_prompt_final_layer_per_head_layer_18_head_9,-0.22974,0.22974,0.00044
cas_alt_vs_current_layer_per_head_layer_9_head_21,0.22971,0.22971,0.00044
ecs_prompt_final_layer_per_head_layer_10_head_23,-0.22954,0.22954,0.00045
ecs_prompt_final_layer_per_head_layer_15_head_14,-0.22950,0.22950,0.00045
ecs_prompt_final_layer_per_head_layer_17_head_15,-0.22948,0.22948,0.00045
cas_alt_vs_current_layer_per_head_layer_9_head_16,0.22939,0.22939,0.00045
bos_attention_proportion_per_head_layer_15_head_16,0.22934,0.22934,0.00045
bos_attention_proportion_per_head_layer_15_head_10,0.22928,0.22928,0.00046
ecs_prompt_final_layer_per_head_layer_9_head_21,-0.22926,0.22926,0.00046
ecs_prompt_final_layer_per_head_layer_10_head_2,-0.22925,0.22925,0.00046
ecs_prompt_final_layer_per_head_layer_14_head_8,-0.22923,0.22923,0.00046
ecs_prompt_final_layer_per_head_layer_20_head_17,-0.22922,0.22922,0.00046
ecs_prompt_final_layer_per_head_layer_26_head_3,-0.22922,0.22922,0.00046
ecs_prompt_final_layer_per_head_layer_10_head_4,-0.22911,0.22911,0.00046
cas_alt_vs_current_layer_per_head_layer_9_head_9,0.22906,0.22906,0.00046
ecs_prompt_final_layer_per_head_layer_18_head_23,-0.22903,0.22903,0.00046
cas_alt_vs_final_layer_per_head_layer_13_head_13,-0.22894,0.22894,0.00047
attention_entropy_per_head_layer_15_head_20,-0.22891,0.22891,0.00047
cas_alt_vs_current_layer_per_head_layer_10_head_2,0.22890,0.22890,0.00047
bos_attention_proportion_per_head_layer_22_head_17,-0.22885,0.22885,0.00047
cas_alt_vs_current_layer_per_head_layer_14_head_2,0.22885,0.22885,0.00047
ecs_prompt_final_layer_per_head_layer_25_head_5,-0.22885,0.22885,0.00047
ecs_prompt_final_layer_per_head_layer_13_head_5,-0.22876,0.22876,0.00047
ecs_prompt_final_layer_per_head_layer_24_head_20,-0.22875,0.22875,0.00047
cos_sim_input_pre_ffn_per_layer_layer_19,0.22850,0.22850,0.00048
cas_alt_vs_current_layer_per_head_layer_10_head_19,0.22849,0.22849,0.00048
ecs_prompt_final_layer_per_head_layer_23_head_14,-0.22843,0.22843,0.00048
pos_cos_similarity_per_layer_layer_27,-0.22840,0.22840,0.00048
ecs_specific_layer_per_head_layer_27_head_4,-0.22831,0.22831,0.00048
ecs_final_layer_per_head_layer_27_head_4,-0.22831,0.22831,0.00048
ecs_final_layer_per_head_layer_15_head_16,-0.22825,0.22825,0.00048
cas_alt_vs_final_layer_per_head_layer_13_head_12,-0.22825,0.22825,0.00048
ecs_prompt_final_layer_per_head_layer_11_head_6,-0.22809,0.22809,0.00049
ecs_prompt_final_layer_per_head_layer_8_head_0,-0.22807,0.22807,0.00049
ecs_prompt_final_layer_per_head_layer_27_head_20,-0.22804,0.22804,0.00049
ecs_prompt_specific_layer_per_head_layer_27_head_20,-0.22804,0.22804,0.00049
ecs_prompt_final_layer_per_head_layer_14_head_7,-0.22801,0.22801,0.00049
ecs_prompt_final_layer_per_head_layer_27_head_0,-0.22799,0.22799,0.00049
ecs_prompt_specific_layer_per_head_layer_27_head_0,-0.22799,0.22799,0.00049
bos_attention_proportion_per_head_layer_14_head_1,-0.22784,0.22784,0.00050
ecs_specific_layer_per_head_layer_26_head_0,-0.22779,0.22779,0.00050
ecs_prompt_final_layer_per_head_layer_5_head_2,-0.22775,0.22775,0.00050
ecs_prompt_final_layer_per_head_layer_12_head_20,-0.22769,0.22769,0.00050
ecs_prompt_final_layer_per_head_layer_6_head_16,-0.22767,0.22767,0.00050
ecs_prompt_final_layer_per_head_layer_5_head_4,-0.22765,0.22765,0.00050
ecs_prompt_final_layer_per_head_layer_9_head_16,-0.22765,0.22765,0.00050
ecs_prompt_final_layer_per_head_layer_26_head_19,-0.22745,0.22745,0.00051
cos_sim_input_post_ffn_per_layer_layer_27,0.22745,0.22745,0.00051
cas_alt_vs_final_layer_per_head_layer_11_head_19,-0.22732,0.22732,0.00051
cas_alt_vs_current_layer_per_head_layer_13_head_6,0.22727,0.22727,0.00051
cas_alt_vs_current_layer_per_head_layer_13_head_17,0.22713,0.22713,0.00052
ecs_final_layer_per_head_layer_25_head_23,-0.22703,0.22703,0.00052
ecs_prompt_final_layer_per_head_layer_24_head_0,-0.22690,0.22690,0.00052
cas_alt_vs_final_layer_per_head_layer_26_head_13,-0.22677,0.22677,0.00053
ecs_prompt_specific_layer_per_head_layer_27_head_18,-0.22675,0.22675,0.00053
ecs_prompt_final_layer_per_head_layer_27_head_18,-0.22675,0.22675,0.00053
ecs_prompt_final_layer_per_head_layer_5_head_18,-0.22668,0.22668,0.00053
ecs_final_layer_per_head_layer_10_head_11,-0.22649,0.22649,0.00054
cas_vs_final_layer_per_head_layer_0_head_21,-0.22647,0.22647,0.00054
ecs_prompt_final_layer_per_head_layer_24_head_12,-0.22643,0.22643,0.00054
ecs_prompt_final_layer_per_head_layer_4_head_16,-0.22642,0.22642,0.00054
ecs_prompt_final_layer_per_head_layer_17_head_8,-0.22642,0.22642,0.00054
ecs_final_layer_per_head_layer_12_head_20,-0.22637,0.22637,0.00054
cas_alt_vs_final_layer_per_head_layer_24_head_12,-0.22636,0.22636,0.00054
ecs_prompt_final_layer_per_head_layer_9_head_3,-0.22635,0.22635,0.00054
ecs_prompt_final_layer_per_head_layer_25_head_0,-0.22630,0.22630,0.00054
ecs_prompt_final_layer_per_head_layer_24_head_1,-0.22628,0.22628,0.00054
ecs_prompt_final_layer_per_head_layer_19_head_20,-0.22621,0.22621,0.00055
ecs_prompt_final_layer_per_head_layer_20_head_0,-0.22617,0.22617,0.00055
cas_alt_vs_final_layer_per_head_layer_11_head_18,-0.22614,0.22614,0.00055
ecs_prompt_final_layer_per_head_layer_10_head_1,-0.22600,0.22600,0.00055
cas_alt_vs_final_layer_per_head_layer_17_head_19,-0.22600,0.22600,0.00055
ecs_prompt_final_layer_per_head_layer_18_head_8,-0.22598,0.22598,0.00055
ecs_prompt_final_layer_per_head_layer_27_head_19,-0.22584,0.22584,0.00056
ecs_prompt_specific_layer_per_head_layer_27_head_19,-0.22584,0.22584,0.00056
cas_alt_vs_current_layer_per_head_layer_9_head_4,0.22573,0.22573,0.00056
ecs_prompt_final_layer_per_head_layer_26_head_5,-0.22568,0.22568,0.00056
ecs_prompt_final_layer_per_head_layer_3_head_19,-0.22568,0.22568,0.00056
ecs_prompt_final_layer_per_head_layer_8_head_6,-0.22567,0.22567,0.00056
ecs_prompt_final_layer_per_head_layer_13_head_10,-0.22566,0.22566,0.00056
ecs_final_layer_per_head_layer_14_head_8,-0.22565,0.22565,0.00056
ecs_prompt_final_layer_per_head_layer_18_head_4,-0.22563,0.22563,0.00057
ecs_prompt_final_layer_per_head_layer_25_head_2,-0.22559,0.22559,0.00057
ecs_prompt_final_layer_per_head_layer_17_head_21,-0.22554,0.22554,0.00057
ecs_prompt_final_layer_per_head_layer_22_head_6,-0.22549,0.22549,0.00057
ecs_prompt_final_layer_per_head_layer_10_head_18,-0.22547,0.22547,0.00057
ecs_final_layer_per_head_layer_12_head_11,-0.22543,0.22543,0.00057
ecs_final_layer_per_head_layer_14_head_1,-0.22532,0.22532,0.00058
ecs_prompt_final_layer_per_head_layer_12_head_23,-0.22520,0.22520,0.00058
ecs_prompt_final_layer_per_head_layer_1_head_6,-0.22517,0.22517,0.00058
ecs_prompt_specific_layer_per_head_layer_27_head_10,-0.22515,0.22515,0.00058
ecs_prompt_final_layer_per_head_layer_27_head_10,-0.22515,0.22515,0.00058
cas_alt_vs_final_layer_per_head_layer_25_head_7,-0.22512,0.22512,0.00058
ecs_final_layer_per_head_layer_25_head_21,-0.22505,0.22505,0.00058
ecs_final_layer_per_head_layer_23_head_14,-0.22501,0.22501,0.00059
ecs_final_layer_per_head_layer_26_head_2,-0.22498,0.22498,0.00059
ecs_prompt_final_layer_per_head_layer_21_head_10,-0.22490,0.22490,0.00059
cas_alt_vs_final_layer_per_head_layer_25_head_6,-0.22486,0.22486,0.00059
ecs_prompt_final_layer_per_head_layer_6_head_0,-0.22482,0.22482,0.00059
ecs_prompt_final_layer_per_head_layer_21_head_5,-0.22479,0.22479,0.00059
ecs_prompt_final_layer_per_head_layer_18_head_0,-0.22479,0.22479,0.00059
ecs_prompt_final_layer_per_head_layer_15_head_16,-0.22479,0.22479,0.00059
ecs_final_layer_per_head_layer_18_head_0,-0.22476,0.22476,0.00059
cas_alt_vs_final_layer_per_head_layer_14_head_18,-0.22475,0.22475,0.00059
ecs_prompt_final_layer_per_head_layer_7_head_3,-0.22461,0.22461,0.00060
ecs_prompt_final_layer_per_head_layer_11_head_17,-0.22459,0.22459,0.00060
ecs_prompt_final_layer_per_head_layer_16_head_11,-0.22459,0.22459,0.00060
ecs_prompt_final_layer_per_head_layer_6_head_22,-0.22450,0.22450,0.00060
ecs_prompt_final_layer_per_head_layer_9_head_17,-0.22449,0.22449,0.00060
ecs_final_layer_per_head_layer_11_head_15,-0.22433,0.22433,0.00061
ecs_prompt_final_layer_per_head_layer_25_head_4,-0.22429,0.22429,0.00061
cas_alt_vs_final_layer_per_head_layer_25_head_8,-0.22425,0.22425,0.00061
ecs_prompt_final_layer_per_head_layer_25_head_22,-0.22420,0.22420,0.00061
ecs_prompt_final_layer_per_head_layer_16_head_20,-0.22416,0.22416,0.00062
ecs_final_layer_per_head_layer_11_head_8,-0.22414,0.22414,0.00062
bos_attention_proportion_per_head_layer_6_head_17,-0.22408,0.22408,0.00062
ecs_prompt_final_layer_per_head_layer_18_head_3,-0.22405,0.22405,0.00062
cas_alt_vs_current_layer_per_head_layer_9_head_0,0.22402,0.22402,0.00062
cas_alt_vs_final_layer_per_head_layer_17_head_12,-0.22399,0.22399,0.00062
ecs_prompt_final_layer_per_head_layer_14_head_9,-0.22397,0.22397,0.00062
ecs_prompt_final_layer_per_head_layer_16_head_18,-0.22396,0.22396,0.00062
ecs_prompt_final_layer_per_head_layer_27_head_23,-0.22388,0.22388,0.00063
ecs_prompt_specific_layer_per_head_layer_27_head_23,-0.22388,0.22388,0.00063
ecs_prompt_specific_layer_per_head_layer_3_head_8,0.22384,0.22384,0.00063
bos_attention_proportion_per_head_layer_14_head_16,0.22378,0.22378,0.00063
ecs_prompt_final_layer_per_head_layer_20_head_6,-0.22374,0.22374,0.00063
attention_entropy_per_head_layer_17_head_17,-0.22370,0.22370,0.00063
ecs_final_layer_per_head_layer_18_head_9,-0.22365,0.22365,0.00063
ecs_prompt_final_layer_per_head_layer_11_head_16,-0.22364,0.22364,0.00063
attention_entropy_per_head_layer_14_head_13,-0.22362,0.22362,0.00064
ecs_final_layer_per_head_layer_8_head_6,-0.22354,0.22354,0.00064
ecs_final_layer_per_head_layer_11_head_7,-0.22352,0.22352,0.00064
cas_alt_vs_current_layer_per_head_layer_9_head_22,0.22348,0.22348,0.00064
ecs_prompt_final_layer_per_head_layer_20_head_18,-0.22348,0.22348,0.00064
cas_alt_vs_current_layer_per_head_layer_9_head_8,0.22338,0.22338,0.00064
ecs_prompt_final_layer_per_head_layer_17_head_22,-0.22327,0.22327,0.00065
ecs_prompt_final_layer_per_head_layer_9_head_2,-0.22326,0.22326,0.00065
bos_attention_proportion_per_head_layer_3_head_9,0.22319,0.22319,0.00065
cas_alt_vs_final_layer_per_head_layer_26_head_0,-0.22310,0.22310,0.00065
ecs_prompt_final_layer_per_head_layer_8_head_11,-0.22310,0.22310,0.00065
ecs_prompt_final_layer_per_head_layer_11_head_9,-0.22307,0.22307,0.00066
ecs_prompt_final_layer_per_head_layer_5_head_3,-0.22306,0.22306,0.00066
cas_alt_vs_current_layer_per_head_layer_2_head_9,0.22302,0.22302,0.00066
ecs_prompt_final_layer_per_head_layer_10_head_19,-0.22298,0.22298,0.00066
ecs_prompt_final_layer_per_head_layer_26_head_13,-0.22297,0.22297,0.00066
ecs_prompt_final_layer_per_head_layer_22_head_22,-0.22293,0.22293,0.00066
ecs_prompt_final_layer_per_head_layer_16_head_2,-0.22289,0.22289,0.00066
ecs_prompt_final_layer_per_head_layer_25_head_12,-0.22288,0.22288,0.00066
ecs_prompt_final_layer_per_head_layer_8_head_21,-0.22287,0.22287,0.00066
ecs_prompt_final_layer_per_head_layer_20_head_8,-0.22279,0.22279,0.00067
ecs_prompt_final_layer_per_head_layer_10_head_0,-0.22275,0.22275,0.00067
ecs_prompt_final_layer_per_head_layer_7_head_16,-0.22274,0.22274,0.00067
ecs_prompt_final_layer_per_head_layer_2_head_8,-0.22271,0.22271,0.00067
ecs_prompt_final_layer_per_head_layer_26_head_14,-0.22267,0.22267,0.00067
ecs_final_layer_per_head_layer_26_head_18,-0.22266,0.22266,0.00067
ecs_final_layer_per_head_layer_16_head_8,-0.22263,0.22263,0.00067
ecs_prompt_final_layer_per_head_layer_19_head_9,-0.22261,0.22261,0.00067
ecs_prompt_final_layer_per_head_layer_17_head_23,-0.22260,0.22260,0.00067
ecs_final_layer_per_head_layer_10_head_5,-0.22256,0.22256,0.00067
ecs_prompt_final_layer_per_head_layer_24_head_13,-0.22256,0.22256,0.00067
ecs_prompt_final_layer_per_head_layer_26_head_1,-0.22251,0.22251,0.00068
ecs_prompt_final_layer_per_head_layer_15_head_10,-0.22244,0.22244,0.00068
cas_alt_vs_final_layer_per_head_layer_26_head_19,-0.22244,0.22244,0.00068
cas_alt_vs_final_layer_per_head_layer_25_head_23,-0.22243,0.22243,0.00068
ecs_prompt_final_layer_per_head_layer_17_head_7,-0.22240,0.22240,0.00068
ecs_prompt_final_layer_per_head_layer_14_head_4,-0.22234,0.22234,0.00068
ecs_prompt_final_layer_per_head_layer_16_head_0,-0.22232,0.22232,0.00068
cas_alt_vs_final_layer_per_head_layer_9_head_21,-0.22232,0.22232,0.00068
cas_alt_vs_final_layer_per_head_layer_14_head_8,-0.22230,0.22230,0.00068
ecs_prompt_final_layer_per_head_layer_13_head_7,-0.22229,0.22229,0.00069
ecs_prompt_final_layer_per_head_layer_9_head_23,-0.22229,0.22229,0.00069
ecs_prompt_final_layer_per_head_layer_13_head_19,-0.22222,0.22222,0.00069
attention_entropy_per_head_layer_21_head_10,-0.22218,0.22218,0.00069
ecs_final_layer_per_head_layer_18_head_7,-0.22217,0.22217,0.00069
ecs_prompt_final_layer_per_head_layer_24_head_22,-0.22213,0.22213,0.00069
ecs_prompt_final_layer_per_head_layer_9_head_18,-0.22211,0.22211,0.00069
ecs_prompt_final_layer_per_head_layer_24_head_2,-0.22207,0.22207,0.00069
cas_alt_vs_current_layer_per_head_layer_9_head_7,0.22195,0.22195,0.00070
ecs_prompt_final_layer_per_head_layer_23_head_18,-0.22189,0.22189,0.00070
ecs_prompt_final_layer_per_head_layer_15_head_8,-0.22183,0.22183,0.00070
ecs_prompt_final_layer_per_head_layer_24_head_21,-0.22179,0.22179,0.00070
cas_alt_vs_final_layer_per_head_layer_9_head_11,-0.22178,0.22178,0.00071
cas_alt_vs_current_layer_per_head_layer_9_head_1,0.22176,0.22176,0.00071
ecs_final_layer_per_head_layer_24_head_23,-0.22174,0.22174,0.00071
ecs_prompt_final_layer_per_head_layer_9_head_11,-0.22174,0.22174,0.00071
ecs_prompt_final_layer_per_head_layer_8_head_17,-0.22164,0.22164,0.00071
ecs_prompt_specific_layer_per_head_layer_2_head_1,0.22156,0.22156,0.00071
ecs_prompt_final_layer_per_head_layer_9_head_12,-0.22155,0.22155,0.00071
ecs_final_layer_per_head_layer_13_head_12,-0.22155,0.22155,0.00071
ecs_prompt_final_layer_per_head_layer_23_head_4,-0.22152,0.22152,0.00072
ecs_prompt_final_layer_per_head_layer_6_head_19,-0.22148,0.22148,0.00072
ecs_final_layer_per_head_layer_11_head_18,-0.22147,0.22147,0.00072
ecs_prompt_final_layer_per_head_layer_22_head_12,-0.22147,0.22147,0.00072
ecs_prompt_final_layer_per_head_layer_4_head_9,-0.22144,0.22144,0.00072
ecs_prompt_specific_layer_per_head_layer_4_head_3,0.22140,0.22140,0.00072
ecs_prompt_final_layer_per_head_layer_24_head_19,-0.22134,0.22134,0.00072
ecs_prompt_final_layer_per_head_layer_5_head_0,-0.22127,0.22127,0.00073
v_attn_norm_per_layer_layer_25,0.22125,0.22125,0.00073
cas_alt_vs_final_layer_per_head_layer_16_head_3,-0.22122,0.22122,0.00073
ecs_final_layer_per_head_layer_15_head_5,-0.22117,0.22117,0.00073
ecs_prompt_final_layer_per_head_layer_13_head_4,-0.22116,0.22116,0.00073
ecs_prompt_final_layer_per_head_layer_21_head_1,-0.22113,0.22113,0.00073
ecs_prompt_final_layer_per_head_layer_23_head_0,-0.22113,0.22113,0.00073
cas_alt_vs_final_layer_per_head_layer_26_head_18,-0.22109,0.22109,0.00073
ecs_final_layer_per_head_layer_26_head_1,-0.22101,0.22101,0.00074
cas_alt_vs_final_layer_per_head_layer_9_head_23,-0.22096,0.22096,0.00074
ecs_prompt_final_layer_per_head_layer_25_head_1,-0.22091,0.22091,0.00074
ecs_prompt_final_layer_per_head_layer_12_head_19,-0.22090,0.22090,0.00074
ecs_prompt_final_layer_per_head_layer_13_head_8,-0.22086,0.22086,0.00074
ecs_prompt_final_layer_per_head_layer_19_head_14,-0.22085,0.22085,0.00074
ecs_prompt_final_layer_per_head_layer_23_head_12,-0.22083,0.22083,0.00074
ecs_final_layer_per_head_layer_4_head_21,-0.22078,0.22078,0.00075
ecs_prompt_final_layer_per_head_layer_6_head_18,-0.22077,0.22077,0.00075
ecs_prompt_final_layer_per_head_layer_5_head_5,-0.22076,0.22076,0.00075
ecs_prompt_final_layer_per_head_layer_18_head_12,-0.22076,0.22076,0.00075
cas_alt_vs_final_layer_per_head_layer_9_head_9,-0.22068,0.22068,0.00075
ecs_prompt_final_layer_per_head_layer_23_head_6,-0.22068,0.22068,0.00075
ecs_prompt_final_layer_per_head_layer_6_head_2,-0.22064,0.22064,0.00075
ecs_prompt_final_layer_per_head_layer_1_head_21,-0.22062,0.22062,0.00075
ecs_prompt_final_layer_per_head_layer_21_head_8,-0.22058,0.22058,0.00076
ecs_prompt_final_layer_per_head_layer_6_head_13,-0.22055,0.22055,0.00076
ecs_prompt_final_layer_per_head_layer_22_head_7,-0.22054,0.22054,0.00076
ecs_prompt_final_layer_per_head_layer_19_head_2,-0.22051,0.22051,0.00076
ecs_prompt_final_layer_per_head_layer_7_head_19,-0.22047,0.22047,0.00076
ecs_prompt_final_layer_per_head_layer_5_head_9,-0.22039,0.22039,0.00076
ecs_prompt_final_layer_per_head_layer_18_head_5,-0.22037,0.22037,0.00076
ecs_prompt_final_layer_per_head_layer_0_head_13,-0.22037,0.22037,0.00076
ecs_final_layer_per_head_layer_10_head_7,-0.22031,0.22031,0.00077
ecs_prompt_final_layer_per_head_layer_25_head_6,-0.22026,0.22026,0.00077
ecs_final_layer_per_head_layer_12_head_16,-0.22025,0.22025,0.00077
ecs_prompt_final_layer_per_head_layer_7_head_13,-0.22019,0.22019,0.00077
ecs_prompt_final_layer_per_head_layer_20_head_2,-0.22017,0.22017,0.00077
ecs_final_layer_per_head_layer_19_head_2,-0.22015,0.22015,0.00077
ecs_prompt_specific_layer_per_head_layer_26_head_17,-0.22010,0.22010,0.00078
ecs_prompt_final_layer_per_head_layer_10_head_16,-0.22007,0.22007,0.00078
ecs_final_layer_per_head_layer_12_head_2,-0.22006,0.22006,0.00078
ecs_prompt_final_layer_per_head_layer_8_head_9,-0.22006,0.22006,0.00078
ecs_prompt_final_layer_per_head_layer_16_head_4,-0.22005,0.22005,0.00078
ecs_prompt_final_layer_per_head_layer_15_head_13,-0.21995,0.21995,0.00078
ecs_prompt_final_layer_per_head_layer_23_head_8,-0.21995,0.21995,0.00078
ecs_prompt_final_layer_per_head_layer_1_head_4,-0.21989,0.21989,0.00079
bos_attention_proportion_per_head_layer_20_head_21,0.21988,0.21988,0.00079
ecs_final_layer_per_head_layer_11_head_19,-0.21986,0.21986,0.00079
ecs_prompt_final_layer_per_head_layer_16_head_10,-0.21983,0.21983,0.00079
ecs_final_layer_per_head_layer_17_head_4,-0.21977,0.21977,0.00079
ecs_final_layer_per_head_layer_17_head_19,-0.21970,0.21970,0.00079
ecs_prompt_final_layer_per_head_layer_14_head_14,-0.21966,0.21966,0.00080
ecs_prompt_final_layer_per_head_layer_23_head_2,-0.21965,0.21965,0.00080
ecs_prompt_final_layer_per_head_layer_3_head_6,-0.21965,0.21965,0.00080
ecs_final_layer_per_head_layer_26_head_4,-0.21964,0.21964,0.00080
ecs_prompt_final_layer_per_head_layer_21_head_11,-0.21964,0.21964,0.00080
ecs_prompt_final_layer_per_head_layer_22_head_13,-0.21958,0.21958,0.00080
ecs_prompt_final_layer_per_head_layer_10_head_5,-0.21944,0.21944,0.00081
ecs_prompt_final_layer_per_head_layer_11_head_11,-0.21942,0.21942,0.00081
ecs_final_layer_per_head_layer_17_head_8,-0.21938,0.21938,0.00081
cas_alt_vs_final_layer_per_head_layer_25_head_21,-0.21935,0.21935,0.00081
ecs_final_layer_per_head_layer_13_head_5,-0.21931,0.21931,0.00081
ecs_prompt_final_layer_per_head_layer_8_head_1,-0.21929,0.21929,0.00081
cas_alt_vs_final_layer_per_head_layer_4_head_21,-0.21928,0.21928,0.00081
ecs_prompt_final_layer_per_head_layer_8_head_10,-0.21921,0.21921,0.00082
ecs_prompt_final_layer_per_head_layer_7_head_5,-0.21919,0.21919,0.00082
ecs_final_layer_per_head_layer_10_head_10,-0.21919,0.21919,0.00082
ecs_prompt_final_layer_per_head_layer_8_head_23,-0.21919,0.21919,0.00082
ecs_prompt_final_layer_per_head_layer_15_head_7,-0.21913,0.21913,0.00082
cas_alt_vs_final_layer_per_head_layer_25_head_0,-0.21912,0.21912,0.00082
ecs_prompt_final_layer_per_head_layer_21_head_14,-0.21910,0.21910,0.00082
ecs_prompt_final_layer_per_head_layer_7_head_4,-0.21908,0.21908,0.00082
ecs_prompt_final_layer_per_head_layer_11_head_22,-0.21908,0.21908,0.00082
ecs_prompt_final_layer_per_head_layer_19_head_18,-0.21904,0.21904,0.00082
ecs_final_layer_per_head_layer_18_head_21,-0.21904,0.21904,0.00082
ecs_prompt_final_layer_per_head_layer_10_head_22,-0.21898,0.21898,0.00083
ecs_prompt_final_layer_per_head_layer_13_head_15,-0.21897,0.21897,0.00083
ecs_prompt_final_layer_per_head_layer_22_head_8,-0.21893,0.21893,0.00083
ecs_prompt_final_layer_per_head_layer_20_head_7,-0.21892,0.21892,0.00083
cas_alt_vs_current_layer_per_head_layer_14_head_0,0.21890,0.21890,0.00083
ecs_final_layer_per_head_layer_12_head_4,-0.21889,0.21889,0.00083
ecs_prompt_final_layer_per_head_layer_16_head_19,-0.21880,0.21880,0.00084
cas_alt_vs_final_layer_per_head_layer_19_head_2,-0.21876,0.21876,0.00084
ecs_final_layer_per_head_layer_19_head_1,-0.21873,0.21873,0.00084
ecs_prompt_final_layer_per_head_layer_8_head_2,-0.21865,0.21865,0.00084
ecs_final_layer_per_head_layer_15_head_9,-0.21862,0.21862,0.00084
ecs_prompt_final_layer_per_head_layer_8_head_3,-0.21860,0.21860,0.00085
ecs_prompt_final_layer_per_head_layer_17_head_14,-0.21853,0.21853,0.00085
ecs_final_layer_per_head_layer_12_head_19,-0.21852,0.21852,0.00085
ecs_prompt_final_layer_per_head_layer_10_head_11,-0.21848,0.21848,0.00085
ecs_prompt_final_layer_per_head_layer_17_head_5,-0.21846,0.21846,0.00085
ecs_prompt_final_layer_per_head_layer_21_head_3,-0.21842,0.21842,0.00085
ecs_prompt_final_layer_per_head_layer_18_head_7,-0.21831,0.21831,0.00086
ecs_final_layer_per_head_layer_18_head_4,-0.21826,0.21826,0.00086
cas_alt_vs_current_layer_per_head_layer_13_head_13,0.21822,0.21822,0.00086
ecs_final_layer_per_head_layer_13_head_10,-0.21816,0.21816,0.00087
ecs_final_layer_per_head_layer_25_head_6,-0.21813,0.21813,0.00087
cas_alt_vs_final_layer_per_head_layer_1_head_4,-0.21806,0.21806,0.00087
ecs_prompt_final_layer_per_head_layer_5_head_13,-0.21805,0.21805,0.00087
ecs_prompt_final_layer_per_head_layer_19_head_12,-0.21805,0.21805,0.00087
ecs_prompt_final_layer_per_head_layer_15_head_4,-0.21804,0.21804,0.00087
cas_alt_vs_final_layer_per_head_layer_10_head_11,-0.21803,0.21803,0.00087
ecs_prompt_final_layer_per_head_layer_0_head_8,-0.21800,0.21800,0.00087
cas_alt_vs_current_layer_per_head_layer_13_head_9,0.21799,0.21799,0.00087
ecs_final_layer_per_head_layer_24_head_20,-0.21790,0.21790,0.00088
ecs_prompt_final_layer_per_head_layer_5_head_1,-0.21790,0.21790,0.00088
cas_alt_vs_current_layer_per_head_layer_13_head_4,0.21784,0.21784,0.00088
cas_alt_vs_current_layer_per_head_layer_13_head_5,0.21783,0.21783,0.00088
ecs_prompt_final_layer_per_head_layer_8_head_13,-0.21781,0.21781,0.00088
ecs_final_layer_per_head_layer_9_head_9,-0.21772,0.21772,0.00089
ecs_prompt_final_layer_per_head_layer_16_head_9,-0.21771,0.21771,0.00089
attention_entropy_per_head_layer_17_head_8,-0.21770,0.21770,0.00089
ecs_prompt_final_layer_per_head_layer_20_head_1,-0.21770,0.21770,0.00089
ecs_prompt_final_layer_per_head_layer_23_head_1,-0.21769,0.21769,0.00089
ecs_prompt_final_layer_per_head_layer_2_head_11,-0.21764,0.21764,0.00089
ecs_prompt_final_layer_per_head_layer_10_head_6,-0.21763,0.21763,0.00089
cas_alt_vs_current_layer_per_head_layer_14_head_3,0.21763,0.21763,0.00089
ecs_prompt_final_layer_per_head_layer_2_head_18,-0.21753,0.21753,0.00090
ecs_prompt_final_layer_per_head_layer_21_head_4,-0.21749,0.21749,0.00090
ecs_prompt_final_layer_per_head_layer_9_head_0,-0.21747,0.21747,0.00090
bos_attention_proportion_per_head_layer_24_head_5,-0.21745,0.21745,0.00090
ecs_prompt_final_layer_per_head_layer_4_head_11,-0.21728,0.21728,0.00091
ecs_prompt_final_layer_per_head_layer_24_head_6,-0.21726,0.21726,0.00091
ecs_prompt_final_layer_per_head_layer_16_head_1,-0.21719,0.21719,0.00091
ecs_prompt_final_layer_per_head_layer_5_head_14,-0.21717,0.21717,0.00092
ecs_prompt_final_layer_per_head_layer_25_head_14,-0.21717,0.21717,0.00092
ecs_final_layer_per_head_layer_14_head_6,-0.21706,0.21706,0.00092
ecs_final_layer_per_head_layer_24_head_12,-0.21701,0.21701,0.00092
ecs_prompt_final_layer_per_head_layer_13_head_6,-0.21700,0.21700,0.00092
ecs_prompt_final_layer_per_head_layer_17_head_18,-0.21695,0.21695,0.00093
ecs_final_layer_per_head_layer_13_head_18,-0.21690,0.21690,0.00093
ecs_prompt_final_layer_per_head_layer_22_head_0,-0.21688,0.21688,0.00093
ecs_prompt_final_layer_per_head_layer_5_head_19,-0.21688,0.21688,0.00093
ecs_final_layer_per_head_layer_18_head_23,-0.21685,0.21685,0.00093
ecs_prompt_final_layer_per_head_layer_27_head_21,-0.21685,0.21685,0.00093
ecs_prompt_specific_layer_per_head_layer_27_head_21,-0.21685,0.21685,0.00093
ecs_prompt_final_layer_per_head_layer_2_head_9,-0.21681,0.21681,0.00093
ecs_prompt_final_layer_per_head_layer_19_head_7,-0.21679,0.21679,0.00094
cas_alt_vs_final_layer_per_head_layer_1_head_5,-0.21669,0.21669,0.00094
cas_alt_vs_final_layer_per_head_layer_13_head_6,-0.21663,0.21663,0.00094
ecs_prompt_final_layer_per_head_layer_0_head_16,-0.21654,0.21654,0.00095
ecs_prompt_final_layer_per_head_layer_17_head_16,-0.21647,0.21647,0.00095
cas_alt_vs_final_layer_per_head_layer_13_head_4,-0.21644,0.21644,0.00095
ecs_prompt_specific_layer_per_head_layer_27_head_1,-0.21643,0.21643,0.00095
ecs_prompt_final_layer_per_head_layer_27_head_1,-0.21643,0.21643,0.00095
ecs_final_layer_per_head_layer_23_head_20,-0.21640,0.21640,0.00096
ecs_prompt_final_layer_per_head_layer_8_head_8,-0.21639,0.21639,0.00096
ecs_final_layer_per_head_layer_11_head_20,-0.21633,0.21633,0.00096
cas_alt_vs_final_layer_per_head_layer_21_head_2,-0.21633,0.21633,0.00096
ecs_prompt_final_layer_per_head_layer_8_head_7,-0.21630,0.21630,0.00096
ecs_prompt_final_layer_per_head_layer_7_head_15,-0.21625,0.21625,0.00096
ecs_final_layer_per_head_layer_12_head_8,-0.21625,0.21625,0.00096
ecs_prompt_specific_layer_per_head_layer_3_head_15,0.21617,0.21617,0.00097
cas_alt_vs_current_layer_per_head_layer_9_head_12,0.21611,0.21611,0.00097
ecs_final_layer_per_head_layer_23_head_23,-0.21606,0.21606,0.00097
ecs_final_layer_per_head_layer_6_head_22,-0.21605,0.21605,0.00097
ecs_prompt_final_layer_per_head_layer_25_head_8,-0.21603,0.21603,0.00098
cas_alt_vs_final_layer_per_head_layer_24_head_2,-0.21601,0.21601,0.00098
ecs_prompt_final_layer_per_head_layer_13_head_11,-0.21599,0.21599,0.00098
ecs_prompt_final_layer_per_head_layer_8_head_14,-0.21596,0.21596,0.00098
ecs_prompt_final_layer_per_head_layer_14_head_3,-0.21593,0.21593,0.00098
ecs_final_layer_per_head_layer_24_head_6,-0.21584,0.21584,0.00099
ecs_prompt_final_layer_per_head_layer_7_head_14,-0.21583,0.21583,0.00099
ecs_prompt_final_layer_per_head_layer_14_head_12,-0.21582,0.21582,0.00099
cas_alt_vs_final_layer_per_head_layer_23_head_23,-0.21582,0.21582,0.00099
ecs_specific_layer_per_head_layer_27_head_3,-0.21582,0.21582,0.00099
ecs_final_layer_per_head_layer_27_head_3,-0.21582,0.21582,0.00099
ecs_prompt_final_layer_per_head_layer_25_head_3,-0.21582,0.21582,0.00099
ecs_prompt_final_layer_per_head_layer_23_head_23,-0.21582,0.21582,0.00099
ecs_prompt_final_layer_per_head_layer_2_head_3,-0.21580,0.21580,0.00099
ecs_prompt_final_layer_per_head_layer_9_head_19,-0.21578,0.21578,0.00099
ecs_final_layer_per_head_layer_21_head_0,-0.21575,0.21575,0.00099
cas_alt_vs_final_layer_per_head_layer_19_head_12,-0.21574,0.21574,0.00099
bos_attention_proportion_per_head_layer_26_head_3,-0.21573,0.21573,0.00099
ecs_specific_layer_per_head_layer_1_head_9,-0.21572,0.21572,0.00099
ecs_final_layer_per_head_layer_8_head_21,-0.21565,0.21565,0.00100
ecs_prompt_final_layer_per_head_layer_18_head_13,-0.21560,0.21560,0.00100
ecs_final_layer_per_head_layer_26_head_20,-0.21560,0.21560,0.00100
ecs_final_layer_per_head_layer_9_head_0,-0.21558,0.21558,0.00100
cas_alt_vs_current_layer_per_head_layer_27_head_19,-0.21553,0.21553,0.00100
cas_alt_vs_final_layer_per_head_layer_27_head_19,-0.21553,0.21553,0.00100
ecs_prompt_final_layer_per_head_layer_9_head_14,-0.21553,0.21553,0.00100
ecs_prompt_final_layer_per_head_layer_7_head_12,-0.21551,0.21551,0.00100
cas_alt_vs_final_layer_per_head_layer_8_head_6,-0.21547,0.21547,0.00101
ecs_prompt_final_layer_per_head_layer_11_head_4,-0.21547,0.21547,0.00101
cas_alt_vs_current_layer_per_head_layer_14_head_20,0.21546,0.21546,0.00101
ecs_prompt_final_layer_per_head_layer_23_head_13,-0.21543,0.21543,0.00101
ecs_prompt_final_layer_per_head_layer_7_head_6,-0.21531,0.21531,0.00102
ecs_final_layer_per_head_layer_3_head_6,-0.21530,0.21530,0.00102
ecs_final_layer_per_head_layer_12_head_12,-0.21529,0.21529,0.00102
ecs_prompt_final_layer_per_head_layer_1_head_5,-0.21527,0.21527,0.00102
ecs_final_layer_per_head_layer_10_head_23,-0.21526,0.21526,0.00102
ecs_prompt_final_layer_per_head_layer_23_head_20,-0.21525,0.21525,0.00102
ecs_prompt_final_layer_per_head_layer_2_head_22,-0.21524,0.21524,0.00102
ecs_final_layer_per_head_layer_18_head_8,-0.21523,0.21523,0.00102
ecs_prompt_final_layer_per_head_layer_0_head_11,-0.21522,0.21522,0.00102
ecs_prompt_final_layer_per_head_layer_17_head_1,-0.21518,0.21518,0.00102
ecs_prompt_final_layer_per_head_layer_5_head_15,-0.21517,0.21517,0.00102
cas_alt_vs_final_layer_per_head_layer_16_head_21,-0.21513,0.21513,0.00103
cas_alt_vs_current_layer_per_head_layer_14_head_7,0.21513,0.21513,0.00103
ecs_prompt_final_layer_per_head_layer_23_head_15,-0.21512,0.21512,0.00103
ecs_final_layer_per_head_layer_9_head_23,-0.21510,0.21510,0.00103
cas_alt_vs_final_layer_per_head_layer_18_head_21,-0.21508,0.21508,0.00103
ecs_prompt_final_layer_per_head_layer_11_head_5,-0.21505,0.21505,0.00103
ecs_prompt_final_layer_per_head_layer_10_head_12,-0.21505,0.21505,0.00103
bos_attention_proportion_per_head_layer_16_head_17,0.21499,0.21499,0.00103
ecs_final_layer_per_head_layer_9_head_16,-0.21499,0.21499,0.00103
cas_alt_vs_current_layer_per_head_layer_14_head_5,0.21494,0.21494,0.00104
cas_alt_vs_final_layer_per_head_layer_24_head_13,-0.21483,0.21483,0.00104
ecs_prompt_final_layer_per_head_layer_15_head_12,-0.21479,0.21479,0.00105
ecs_prompt_final_layer_per_head_layer_6_head_14,-0.21470,0.21470,0.00105
cas_alt_vs_final_layer_per_head_layer_23_head_5,-0.21468,0.21468,0.00105
cas_alt_vs_current_layer_per_head_layer_9_head_13,0.21465,0.21465,0.00105
ecs_prompt_final_layer_per_head_layer_17_head_12,-0.21459,0.21459,0.00106
ecs_prompt_final_layer_per_head_layer_13_head_3,-0.21458,0.21458,0.00106
cas_alt_vs_final_layer_per_head_layer_8_head_9,-0.21458,0.21458,0.00106
ecs_specific_layer_per_head_layer_27_head_19,-0.21452,0.21452,0.00106
ecs_final_layer_per_head_layer_27_head_19,-0.21452,0.21452,0.00106
ecs_prompt_final_layer_per_head_layer_21_head_9,-0.21447,0.21447,0.00106
ecs_prompt_final_layer_per_head_layer_4_head_4,-0.21444,0.21444,0.00107
ecs_prompt_final_layer_per_head_layer_14_head_20,-0.21443,0.21443,0.00107
cas_alt_vs_current_layer_per_head_layer_27_head_0,-0.21442,0.21442,0.00107
cas_alt_vs_final_layer_per_head_layer_27_head_0,-0.21442,0.21442,0.00107
bos_attention_proportion_per_head_layer_19_head_5,0.21440,0.21440,0.00107
ecs_prompt_final_layer_per_head_layer_22_head_16,-0.21439,0.21439,0.00107
ecs_final_layer_per_head_layer_18_head_6,-0.21437,0.21437,0.00107
ecs_final_layer_per_head_layer_17_head_14,-0.21436,0.21436,0.00107
ecs_prompt_final_layer_per_head_layer_4_head_0,-0.21435,0.21435,0.00107
ecs_final_layer_per_head_layer_6_head_9,-0.21426,0.21426,0.00108
ecs_prompt_final_layer_per_head_layer_19_head_6,-0.21425,0.21425,0.00108
ecs_final_layer_per_head_layer_10_head_16,-0.21424,0.21424,0.00108
ecs_prompt_final_layer_per_head_layer_15_head_1,-0.21423,0.21423,0.00108
cas_alt_vs_final_layer_per_head_layer_26_head_1,-0.21420,0.21420,0.00108
ecs_prompt_final_layer_per_head_layer_24_head_18,-0.21417,0.21417,0.00108
bos_attention_proportion_per_head_layer_2_head_8,0.21408,0.21408,0.00109
ecs_prompt_final_layer_per_head_layer_7_head_10,-0.21406,0.21406,0.00109
ecs_prompt_final_layer_per_head_layer_17_head_20,-0.21401,0.21401,0.00109
ecs_final_layer_per_head_layer_8_head_8,-0.21398,0.21398,0.00109
attention_entropy_per_head_layer_11_head_10,-0.21386,0.21386,0.00110
ecs_prompt_final_layer_per_head_layer_17_head_13,-0.21381,0.21381,0.00110
cas_alt_vs_final_layer_per_head_layer_20_head_20,-0.21380,0.21380,0.00110
ecs_prompt_final_layer_per_head_layer_19_head_1,-0.21378,0.21378,0.00111
ecs_final_layer_per_head_layer_23_head_2,-0.21372,0.21372,0.00111
ecs_prompt_final_layer_per_head_layer_4_head_12,-0.21361,0.21361,0.00112
ecs_prompt_final_layer_per_head_layer_10_head_21,-0.21359,0.21359,0.00112
ecs_prompt_final_layer_per_head_layer_0_head_21,-0.21349,0.21349,0.00112
ecs_prompt_final_layer_per_head_layer_4_head_3,-0.21339,0.21339,0.00113
ecs_prompt_final_layer_per_head_layer_8_head_5,-0.21337,0.21337,0.00113
ecs_prompt_final_layer_per_head_layer_0_head_9,-0.21337,0.21337,0.00113
ecs_prompt_final_layer_per_head_layer_12_head_11,-0.21329,0.21329,0.00114
ecs_prompt_final_layer_per_head_layer_6_head_23,-0.21327,0.21327,0.00114
ecs_prompt_final_layer_per_head_layer_24_head_10,-0.21326,0.21326,0.00114
cos_sim_pre_post_ffn_per_layer_layer_1,-0.21325,0.21325,0.00114
ecs_prompt_final_layer_per_head_layer_25_head_20,-0.21320,0.21320,0.00114
ecs_final_layer_per_head_layer_13_head_4,-0.21320,0.21320,0.00114
ecs_final_layer_per_head_layer_15_head_0,-0.21315,0.21315,0.00114
ecs_final_layer_per_head_layer_12_head_3,-0.21314,0.21314,0.00114
cas_vs_final_layer_per_head_layer_0_head_11,-0.21311,0.21311,0.00115
cas_alt_vs_current_layer_per_head_layer_13_head_10,0.21310,0.21310,0.00115
ecs_final_layer_per_head_layer_13_head_2,-0.21303,0.21303,0.00115
cas_alt_vs_final_layer_per_head_layer_23_head_17,-0.21302,0.21302,0.00115
ecs_prompt_final_layer_per_head_layer_4_head_2,-0.21302,0.21302,0.00115
cas_alt_vs_final_layer_per_head_layer_16_head_18,-0.21296,0.21296,0.00116
ecs_prompt_final_layer_per_head_layer_3_head_18,-0.21292,0.21292,0.00116
cas_alt_vs_final_layer_per_head_layer_23_head_20,-0.21287,0.21287,0.00116
ecs_prompt_final_layer_per_head_layer_24_head_9,-0.21281,0.21281,0.00117
ecs_prompt_final_layer_per_head_layer_6_head_20,-0.21274,0.21274,0.00117
ecs_prompt_final_layer_per_head_layer_6_head_17,-0.21269,0.21269,0.00117
ecs_final_layer_per_head_layer_13_head_0,-0.21268,0.21268,0.00117
ecs_prompt_final_layer_per_head_layer_20_head_14,-0.21267,0.21267,0.00118
ecs_prompt_final_layer_per_head_layer_23_head_5,-0.21262,0.21262,0.00118
ecs_final_layer_per_head_layer_13_head_1,-0.21262,0.21262,0.00118
ecs_final_layer_per_head_layer_13_head_3,-0.21257,0.21257,0.00118
cas_alt_vs_final_layer_per_head_layer_19_head_14,-0.21255,0.21255,0.00118
ecs_prompt_final_layer_per_head_layer_6_head_5,-0.21254,0.21254,0.00118
ecs_prompt_final_layer_per_head_layer_23_head_7,-0.21252,0.21252,0.00118
ecs_prompt_final_layer_per_head_layer_20_head_15,-0.21251,0.21251,0.00119
cos_sim_input_pre_ffn_per_layer_layer_16,0.21248,0.21248,0.00119
cas_alt_vs_final_layer_per_head_layer_14_head_6,-0.21246,0.21246,0.00119
ecs_prompt_final_layer_per_head_layer_9_head_6,-0.21245,0.21245,0.00119
ecs_prompt_final_layer_per_head_layer_9_head_15,-0.21245,0.21245,0.00119
ecs_prompt_final_layer_per_head_layer_18_head_14,-0.21244,0.21244,0.00119
bos_attention_proportion_per_head_layer_7_head_14,0.21241,0.21241,0.00119
ecs_final_layer_per_head_layer_13_head_15,-0.21234,0.21234,0.00120
ecs_final_layer_per_head_layer_23_head_13,-0.21232,0.21232,0.00120
ecs_final_layer_per_head_layer_23_head_17,-0.21231,0.21231,0.00120
cas_alt_vs_final_layer_per_head_layer_16_head_20,-0.21224,0.21224,0.00120
ecs_final_layer_per_head_layer_23_head_16,-0.21220,0.21220,0.00121
ecs_final_layer_per_head_layer_16_head_4,-0.21218,0.21218,0.00121
cas_alt_vs_final_layer_per_head_layer_3_head_6,-0.21218,0.21218,0.00121
ecs_prompt_final_layer_per_head_layer_1_head_7,-0.21217,0.21217,0.00121
ecs_prompt_specific_layer_per_head_layer_27_head_7,-0.21214,0.21214,0.00121
ecs_prompt_final_layer_per_head_layer_27_head_7,-0.21214,0.21214,0.00121
ecs_prompt_final_layer_per_head_layer_9_head_13,-0.21208,0.21208,0.00121
ecs_prompt_final_layer_per_head_layer_10_head_3,-0.21203,0.21203,0.00122
cas_alt_vs_final_layer_per_head_layer_9_head_16,-0.21196,0.21196,0.00122
ecs_prompt_specific_layer_per_head_layer_4_head_0,0.21195,0.21195,0.00122
ecs_final_layer_per_head_layer_16_head_18,-0.21195,0.21195,0.00122
ecs_prompt_final_layer_per_head_layer_3_head_11,-0.21187,0.21187,0.00123
cas_alt_vs_final_layer_per_head_layer_7_head_0,-0.21183,0.21183,0.00123
ecs_prompt_final_layer_per_head_layer_19_head_10,-0.21178,0.21178,0.00123
ecs_final_layer_per_head_layer_13_head_19,-0.21178,0.21178,0.00123
ecs_final_layer_per_head_layer_9_head_10,-0.21173,0.21173,0.00124
ecs_prompt_final_layer_per_head_layer_3_head_16,-0.21169,0.21169,0.00124
ecs_prompt_final_layer_per_head_layer_10_head_8,-0.21167,0.21167,0.00124
ecs_final_layer_per_head_layer_15_head_18,-0.21164,0.21164,0.00124
ecs_prompt_final_layer_per_head_layer_24_head_11,-0.21163,0.21163,0.00124
ecs_prompt_final_layer_per_head_layer_15_head_2,-0.21163,0.21163,0.00124
ecs_prompt_final_layer_per_head_layer_27_head_11,-0.21154,0.21154,0.00125
ecs_prompt_specific_layer_per_head_layer_27_head_11,-0.21154,0.21154,0.00125
ecs_prompt_specific_layer_per_head_layer_27_head_16,-0.21153,0.21153,0.00125
ecs_prompt_final_layer_per_head_layer_27_head_16,-0.21153,0.21153,0.00125
ecs_final_layer_per_head_layer_17_head_2,-0.21149,0.21149,0.00125
cas_alt_vs_final_layer_per_head_layer_12_head_14,-0.21146,0.21146,0.00125
cas_alt_vs_final_layer_per_head_layer_24_head_20,-0.21143,0.21143,0.00126
cas_alt_vs_current_layer_per_head_layer_27_head_1,-0.21138,0.21138,0.00126
cas_alt_vs_final_layer_per_head_layer_27_head_1,-0.21138,0.21138,0.00126
cas_alt_vs_final_layer_per_head_layer_11_head_20,-0.21134,0.21134,0.00126
cas_alt_vs_final_layer_per_head_layer_24_head_6,-0.21129,0.21129,0.00127
bos_attention_proportion_per_head_layer_7_head_18,0.21128,0.21128,0.00127
ecs_final_layer_per_head_layer_25_head_0,-0.21128,0.21128,0.00127
ecs_prompt_final_layer_per_head_layer_8_head_22,-0.21127,0.21127,0.00127
cas_alt_vs_final_layer_per_head_layer_25_head_12,-0.21127,0.21127,0.00127
ecs_prompt_final_layer_per_head_layer_8_head_16,-0.21125,0.21125,0.00127
ecs_prompt_final_layer_per_head_layer_23_head_19,-0.21123,0.21123,0.00127
cas_alt_vs_final_layer_per_head_layer_21_head_0,-0.21120,0.21120,0.00127
ecs_specific_layer_per_head_layer_26_head_13,-0.21120,0.21120,0.00127
ecs_specific_layer_per_head_layer_27_head_1,-0.21118,0.21118,0.00127
ecs_final_layer_per_head_layer_27_head_1,-0.21118,0.21118,0.00127
ecs_final_layer_per_head_layer_11_head_17,-0.21113,0.21113,0.00128
cas_alt_vs_final_layer_per_head_layer_17_head_7,-0.21110,0.21110,0.00128
ecs_final_layer_per_head_layer_22_head_12,-0.21108,0.21108,0.00128
ecs_prompt_final_layer_per_head_layer_0_head_22,-0.21105,0.21105,0.00128
ecs_prompt_final_layer_per_head_layer_22_head_14,-0.21105,0.21105,0.00128
ecs_prompt_final_layer_per_head_layer_19_head_19,-0.21105,0.21105,0.00128
cas_alt_vs_final_layer_per_head_layer_18_head_4,-0.21105,0.21105,0.00128
ecs_prompt_final_layer_per_head_layer_22_head_19,-0.21103,0.21103,0.00128
ecs_prompt_final_layer_per_head_layer_7_head_17,-0.21103,0.21103,0.00129
ecs_prompt_final_layer_per_head_layer_26_head_2,-0.21103,0.21103,0.00129
ecs_final_layer_per_head_layer_9_head_2,-0.21102,0.21102,0.00129
ecs_final_layer_per_head_layer_11_head_3,-0.21102,0.21102,0.00129
cas_vs_final_layer_per_head_layer_0_head_9,-0.21102,0.21102,0.00129
ecs_prompt_final_layer_per_head_layer_3_head_20,-0.21094,0.21094,0.00129
cas_alt_vs_final_layer_per_head_layer_23_head_4,-0.21094,0.21094,0.00129
cas_alt_vs_final_layer_per_head_layer_19_head_7,-0.21093,0.21093,0.00129
ecs_final_layer_per_head_layer_23_head_18,-0.21091,0.21091,0.00129
ecs_final_layer_per_head_layer_12_head_17,-0.21081,0.21081,0.00130
ecs_prompt_final_layer_per_head_layer_7_head_20,-0.21076,0.21076,0.00130
ecs_final_layer_per_head_layer_14_head_3,-0.21072,0.21072,0.00131
cas_alt_vs_final_layer_per_head_layer_18_head_14,-0.21071,0.21071,0.00131
ecs_final_layer_per_head_layer_1_head_4,-0.21071,0.21071,0.00131
ecs_prompt_final_layer_per_head_layer_11_head_21,-0.21069,0.21069,0.00131
ecs_final_layer_per_head_layer_13_head_13,-0.21067,0.21067,0.00131
ecs_prompt_final_layer_per_head_layer_8_head_12,-0.21066,0.21066,0.00131
ecs_prompt_final_layer_per_head_layer_22_head_1,-0.21066,0.21066,0.00131
ecs_final_layer_per_head_layer_8_head_9,-0.21066,0.21066,0.00131
ecs_prompt_specific_layer_per_head_layer_4_head_5,0.21065,0.21065,0.00131
ecs_final_layer_per_head_layer_19_head_9,-0.21063,0.21063,0.00131
ecs_prompt_final_layer_per_head_layer_11_head_10,-0.21062,0.21062,0.00131
ecs_prompt_final_layer_per_head_layer_9_head_9,-0.21061,0.21061,0.00131
cas_alt_vs_final_layer_per_head_layer_24_head_1,-0.21060,0.21060,0.00132
ecs_prompt_final_layer_per_head_layer_12_head_5,-0.21054,0.21054,0.00132
cas_alt_vs_current_layer_per_head_layer_27_head_4,-0.21054,0.21054,0.00132
cas_alt_vs_final_layer_per_head_layer_27_head_4,-0.21054,0.21054,0.00132
ecs_final_layer_per_head_layer_12_head_9,-0.21053,0.21053,0.00132
attention_entropy_per_head_layer_0_head_7,-0.21053,0.21053,0.00132
v_ffn_norm_per_layer_layer_14,-0.21045,0.21045,0.00133
ecs_final_layer_per_head_layer_10_head_13,-0.21043,0.21043,0.00133
cas_alt_vs_final_layer_per_head_layer_11_head_15,-0.21043,0.21043,0.00133
ecs_prompt_final_layer_per_head_layer_22_head_20,-0.21042,0.21042,0.00133
ecs_prompt_final_layer_per_head_layer_7_head_8,-0.21042,0.21042,0.00133
ecs_prompt_final_layer_per_head_layer_20_head_20,-0.21040,0.21040,0.00133
ecs_prompt_final_layer_per_head_layer_8_head_20,-0.21039,0.21039,0.00133
ecs_prompt_final_layer_per_head_layer_2_head_10,-0.21039,0.21039,0.00133
ecs_prompt_final_layer_per_head_layer_8_head_4,-0.21035,0.21035,0.00133
ecs_prompt_final_layer_per_head_layer_11_head_0,-0.21035,0.21035,0.00133
ecs_final_layer_per_head_layer_11_head_22,-0.21034,0.21034,0.00133
ecs_prompt_final_layer_per_head_layer_1_head_8,-0.21032,0.21032,0.00134
ecs_prompt_final_layer_per_head_layer_7_head_9,-0.21028,0.21028,0.00134
ecs_prompt_final_layer_per_head_layer_0_head_3,-0.21025,0.21025,0.00134
ecs_final_layer_per_head_layer_13_head_17,-0.21019,0.21019,0.00135
ecs_final_layer_per_head_layer_19_head_19,-0.21019,0.21019,0.00135
ecs_final_layer_per_head_layer_9_head_19,-0.21019,0.21019,0.00135
ecs_final_layer_per_head_layer_25_head_13,-0.21012,0.21012,0.00135
cas_alt_vs_final_layer_per_head_layer_18_head_23,-0.21009,0.21009,0.00135
ecs_prompt_final_layer_per_head_layer_15_head_6,-0.21007,0.21007,0.00135
ecs_final_layer_per_head_layer_27_head_18,-0.21003,0.21003,0.00136
ecs_specific_layer_per_head_layer_27_head_18,-0.21003,0.21003,0.00136
ecs_prompt_final_layer_per_head_layer_4_head_10,-0.20998,0.20998,0.00136
ecs_final_layer_per_head_layer_15_head_21,-0.20997,0.20997,0.00136
ecs_prompt_specific_layer_per_head_layer_26_head_4,-0.20995,0.20995,0.00136
cas_alt_vs_final_layer_per_head_layer_18_head_6,-0.20993,0.20993,0.00136
ecs_prompt_final_layer_per_head_layer_27_head_2,-0.20992,0.20992,0.00136
ecs_prompt_specific_layer_per_head_layer_27_head_2,-0.20992,0.20992,0.00136
ecs_final_layer_per_head_layer_13_head_16,-0.20991,0.20991,0.00137
ecs_prompt_final_layer_per_head_layer_19_head_17,-0.20988,0.20988,0.00137
ecs_prompt_final_layer_per_head_layer_7_head_0,-0.20985,0.20985,0.00137
ecs_prompt_final_layer_per_head_layer_22_head_18,-0.20982,0.20982,0.00137
cas_alt_vs_final_layer_per_head_layer_25_head_2,-0.20980,0.20980,0.00137
cas_alt_vs_final_layer_per_head_layer_6_head_0,-0.20979,0.20979,0.00137
ecs_prompt_final_layer_per_head_layer_9_head_7,-0.20974,0.20974,0.00138
ecs_prompt_final_layer_per_head_layer_1_head_11,-0.20973,0.20973,0.00138
cas_alt_vs_final_layer_per_head_layer_8_head_19,-0.20966,0.20966,0.00138
ecs_final_layer_per_head_layer_14_head_22,-0.20965,0.20965,0.00139
ecs_prompt_final_layer_per_head_layer_6_head_15,-0.20964,0.20964,0.00139
ecs_prompt_final_layer_per_head_layer_2_head_13,-0.20963,0.20963,0.00139
cas_alt_vs_final_layer_per_head_layer_17_head_6,-0.20962,0.20962,0.00139
ecs_prompt_final_layer_per_head_layer_3_head_0,-0.20962,0.20962,0.00139
ecs_prompt_final_layer_per_head_layer_11_head_2,-0.20959,0.20959,0.00139
ecs_prompt_final_layer_per_head_layer_0_head_12,-0.20958,0.20958,0.00139
cas_alt_vs_current_layer_per_head_layer_10_head_10,0.20957,0.20957,0.00139
ecs_final_layer_per_head_layer_9_head_17,-0.20956,0.20956,0.00139
ecs_prompt_final_layer_per_head_layer_14_head_5,-0.20952,0.20952,0.00139
ecs_final_layer_per_head_layer_19_head_8,-0.20951,0.20951,0.00140
ecs_final_layer_per_head_layer_25_head_10,-0.20951,0.20951,0.00140
ecs_final_layer_per_head_layer_21_head_6,-0.20949,0.20949,0.00140
ecs_prompt_specific_layer_per_head_layer_26_head_13,-0.20947,0.20947,0.00140
cas_alt_vs_final_layer_per_head_layer_26_head_16,-0.20947,0.20947,0.00140
ecs_final_layer_per_head_layer_25_head_8,-0.20946,0.20946,0.00140
ecs_prompt_final_layer_per_head_layer_1_head_9,-0.20946,0.20946,0.00140
ecs_final_layer_per_head_layer_11_head_6,-0.20943,0.20943,0.00140
ecs_prompt_final_layer_per_head_layer_7_head_18,-0.20943,0.20943,0.00140
ecs_prompt_final_layer_per_head_layer_2_head_23,-0.20939,0.20939,0.00140
ecs_final_layer_per_head_layer_19_head_20,-0.20939,0.20939,0.00140
cas_alt_vs_final_layer_per_head_layer_15_head_16,-0.20937,0.20937,0.00141
cas_alt_vs_final_layer_per_head_layer_18_head_7,-0.20936,0.20936,0.00141
ecs_prompt_final_layer_per_head_layer_9_head_8,-0.20931,0.20931,0.00141
ecs_final_layer_per_head_layer_12_head_1,-0.20928,0.20928,0.00141
bos_attention_proportion_per_head_layer_12_head_10,0.20925,0.20925,0.00142
cas_alt_vs_final_layer_per_head_layer_0_head_11,-0.20925,0.20925,0.00142
ecs_prompt_final_layer_per_head_layer_15_head_20,-0.20924,0.20924,0.00142
cas_alt_vs_current_layer_per_head_layer_14_head_6,0.20916,0.20916,0.00142
ecs_prompt_final_layer_per_head_layer_0_head_4,-0.20914,0.20914,0.00142
ecs_final_layer_per_head_layer_6_head_2,-0.20913,0.20913,0.00142
ecs_final_layer_per_head_layer_24_head_14,-0.20911,0.20911,0.00143
ecs_final_layer_per_head_layer_8_head_23,-0.20894,0.20894,0.00144
ecs_final_layer_per_head_layer_13_head_21,-0.20890,0.20890,0.00144
bos_attention_proportion_per_head_layer_14_head_6,0.20887,0.20887,0.00144
cas_alt_vs_final_layer_per_head_layer_0_head_9,-0.20887,0.20887,0.00144
cas_alt_vs_final_layer_per_head_layer_19_head_0,-0.20884,0.20884,0.00145
cas_alt_vs_final_layer_per_head_layer_16_head_8,-0.20881,0.20881,0.00145
ecs_prompt_final_layer_per_head_layer_21_head_23,-0.20880,0.20880,0.00145
ecs_final_layer_per_head_layer_6_head_18,-0.20880,0.20880,0.00145
ecs_final_layer_per_head_layer_6_head_0,-0.20876,0.20876,0.00145
ecs_final_layer_per_head_layer_14_head_7,-0.20874,0.20874,0.00145
ecs_final_layer_per_head_layer_9_head_3,-0.20874,0.20874,0.00145
cos_sim_input_post_ffn_per_layer_layer_19,0.20872,0.20872,0.00146
cas_alt_vs_final_layer_per_head_layer_25_head_10,-0.20870,0.20870,0.00146
ecs_final_layer_per_head_layer_12_head_7,-0.20867,0.20867,0.00146
cas_alt_vs_final_layer_per_head_layer_7_head_14,-0.20863,0.20863,0.00146
ecs_final_layer_per_head_layer_20_head_17,-0.20862,0.20862,0.00146
cas_alt_vs_final_layer_per_head_layer_17_head_8,-0.20859,0.20859,0.00147
ecs_prompt_final_layer_per_head_layer_11_head_13,-0.20857,0.20857,0.00147
ecs_final_layer_per_head_layer_27_head_10,-0.20857,0.20857,0.00147
ecs_specific_layer_per_head_layer_27_head_10,-0.20857,0.20857,0.00147
cas_alt_vs_final_layer_per_head_layer_9_head_17,-0.20852,0.20852,0.00147
cas_alt_vs_final_layer_per_head_layer_15_head_0,-0.20849,0.20849,0.00147
ecs_final_layer_per_head_layer_17_head_7,-0.20845,0.20845,0.00148
ecs_prompt_final_layer_per_head_layer_2_head_16,-0.20844,0.20844,0.00148
ecs_prompt_final_layer_per_head_layer_17_head_17,-0.20839,0.20839,0.00148
cas_alt_vs_final_layer_per_head_layer_10_head_13,-0.20839,0.20839,0.00148
cas_alt_vs_final_layer_per_head_layer_10_head_17,-0.20838,0.20838,0.00148
cas_alt_vs_final_layer_per_head_layer_0_head_14,-0.20836,0.20836,0.00148
cas_alt_vs_final_layer_per_head_layer_7_head_5,-0.20836,0.20836,0.00148
cas_alt_vs_final_layer_per_head_layer_0_head_13,-0.20835,0.20835,0.00149
ecs_prompt_final_layer_per_head_layer_4_head_1,-0.20831,0.20831,0.00149
ecs_prompt_specific_layer_per_head_layer_5_head_8,0.20829,0.20829,0.00149
ecs_prompt_final_layer_per_head_layer_7_head_1,-0.20827,0.20827,0.00149
ecs_final_layer_per_head_layer_26_head_13,-0.20822,0.20822,0.00150
cas_alt_vs_final_layer_per_head_layer_10_head_7,-0.20820,0.20820,0.00150
cas_alt_vs_final_layer_per_head_layer_17_head_4,-0.20820,0.20820,0.00150
ecs_final_layer_per_head_layer_16_head_20,-0.20819,0.20819,0.00150
ecs_final_layer_per_head_layer_21_head_8,-0.20817,0.20817,0.00150
cas_alt_vs_final_layer_per_head_layer_6_head_22,-0.20817,0.20817,0.00150
ecs_final_layer_per_head_layer_6_head_11,-0.20814,0.20814,0.00150
ecs_prompt_final_layer_per_head_layer_27_head_9,-0.20812,0.20812,0.00150
ecs_prompt_specific_layer_per_head_layer_27_head_9,-0.20812,0.20812,0.00150
ecs_prompt_final_layer_per_head_layer_10_head_20,-0.20809,0.20809,0.00151
ecs_prompt_final_layer_per_head_layer_9_head_4,-0.20809,0.20809,0.00151
cas_alt_vs_current_layer_per_head_layer_26_head_18,-0.20805,0.20805,0.00151
cas_alt_vs_final_layer_per_head_layer_9_head_12,-0.20804,0.20804,0.00151
ecs_final_layer_per_head_layer_19_head_0,-0.20804,0.20804,0.00151
ecs_prompt_final_layer_per_head_layer_5_head_12,-0.20803,0.20803,0.00151
cas_alt_vs_final_layer_per_head_layer_9_head_0,-0.20800,0.20800,0.00151
ecs_prompt_final_layer_per_head_layer_0_head_6,-0.20798,0.20798,0.00152
ecs_prompt_final_layer_per_head_layer_13_head_18,-0.20797,0.20797,0.00152
cas_alt_vs_final_layer_per_head_layer_23_head_14,-0.20797,0.20797,0.00152
ecs_prompt_final_layer_per_head_layer_3_head_1,-0.20796,0.20796,0.00152
cas_alt_vs_final_layer_per_head_layer_6_head_9,-0.20792,0.20792,0.00152
cas_alt_vs_final_layer_per_head_layer_20_head_16,-0.20781,0.20781,0.00153
attention_entropy_per_head_layer_7_head_17,-0.20780,0.20780,0.00153
ecs_final_layer_per_head_layer_2_head_22,-0.20778,0.20778,0.00153
ecs_specific_layer_per_head_layer_26_head_2,-0.20775,0.20775,0.00153
ecs_final_layer_per_head_layer_25_head_2,-0.20770,0.20770,0.00154
cas_alt_vs_final_layer_per_head_layer_18_head_0,-0.20769,0.20769,0.00154
ecs_final_layer_per_head_layer_26_head_7,-0.20767,0.20767,0.00154
parameter_knowledge_difference_layer_27,-0.20762,0.20762,0.00154
ecs_final_layer_per_head_layer_24_head_21,-0.20762,0.20762,0.00154
ecs_final_layer_per_head_layer_23_head_4,-0.20760,0.20760,0.00155
ecs_final_layer_per_head_layer_27_head_23,-0.20754,0.20754,0.00155
ecs_specific_layer_per_head_layer_27_head_23,-0.20754,0.20754,0.00155
cas_alt_vs_final_layer_per_head_layer_26_head_2,-0.20750,0.20750,0.00155
attention_entropy_per_head_layer_26_head_0,-0.20749,0.20749,0.00156
cas_alt_vs_final_layer_per_head_layer_23_head_16,-0.20748,0.20748,0.00156
ecs_prompt_final_layer_per_head_layer_7_head_7,-0.20745,0.20745,0.00156
ecs_final_layer_per_head_layer_8_head_11,-0.20741,0.20741,0.00156
ecs_prompt_final_layer_per_head_layer_2_head_21,-0.20740,0.20740,0.00156
ecs_final_layer_per_head_layer_26_head_16,-0.20737,0.20737,0.00157
cas_alt_vs_final_layer_per_head_layer_8_head_14,-0.20736,0.20736,0.00157
ecs_final_layer_per_head_layer_11_head_4,-0.20735,0.20735,0.00157
ecs_prompt_final_layer_per_head_layer_7_head_22,-0.20729,0.20729,0.00157
ecs_prompt_final_layer_per_head_layer_3_head_2,-0.20727,0.20727,0.00157
ecs_final_layer_per_head_layer_24_head_13,-0.20723,0.20723,0.00158
ecs_final_layer_per_head_layer_2_head_18,-0.20719,0.20719,0.00158
ecs_final_layer_per_head_layer_20_head_7,-0.20718,0.20718,0.00158
ecs_prompt_final_layer_per_head_layer_4_head_14,-0.20718,0.20718,0.00158
ecs_prompt_final_layer_per_head_layer_16_head_21,-0.20716,0.20716,0.00158
ecs_final_layer_per_head_layer_13_head_22,-0.20715,0.20715,0.00158
ecs_final_layer_per_head_layer_22_head_14,-0.20707,0.20707,0.00159
ecs_final_layer_per_head_layer_10_head_3,-0.20704,0.20704,0.00159
ecs_prompt_final_layer_per_head_layer_5_head_6,-0.20703,0.20703,0.00159
ecs_prompt_final_layer_per_head_layer_23_head_3,-0.20703,0.20703,0.00159
bos_attention_proportion_per_head_layer_22_head_16,-0.20700,0.20700,0.00160
ecs_prompt_final_layer_per_head_layer_4_head_17,-0.20696,0.20696,0.00160
cas_alt_vs_current_layer_per_head_layer_14_head_4,0.20694,0.20694,0.00160
ecs_final_layer_per_head_layer_15_head_4,-0.20693,0.20693,0.00160
cas_vs_current_layer_per_head_layer_12_head_17,0.20693,0.20693,0.00160
ecs_final_layer_per_head_layer_9_head_1,-0.20692,0.20692,0.00160
cas_alt_vs_final_layer_per_head_layer_6_head_16,-0.20689,0.20689,0.00161
cas_alt_vs_final_layer_per_head_layer_22_head_6,-0.20684,0.20684,0.00161
ecs_prompt_final_layer_per_head_layer_9_head_10,-0.20684,0.20684,0.00161
ecs_prompt_final_layer_per_head_layer_3_head_7,-0.20683,0.20683,0.00161
ecs_prompt_final_layer_per_head_layer_13_head_0,-0.20679,0.20679,0.00161
ecs_prompt_final_layer_per_head_layer_0_head_5,-0.20676,0.20676,0.00162
cas_alt_vs_final_layer_per_head_layer_11_head_17,-0.20674,0.20674,0.00162
cas_alt_vs_final_layer_per_head_layer_9_head_8,-0.20673,0.20673,0.00162
ecs_prompt_final_layer_per_head_layer_21_head_7,-0.20673,0.20673,0.00162
ecs_final_layer_per_head_layer_10_head_19,-0.20673,0.20673,0.00162
ecs_prompt_final_layer_per_head_layer_2_head_6,-0.20669,0.20669,0.00162
ecs_final_layer_per_head_layer_20_head_6,-0.20666,0.20666,0.00163
ecs_prompt_final_layer_per_head_layer_17_head_6,-0.20665,0.20665,0.00163
ecs_prompt_specific_layer_per_head_layer_1_head_12,0.20661,0.20661,0.00163
cas_alt_vs_final_layer_per_head_layer_19_head_8,-0.20660,0.20660,0.00163
cas_alt_vs_current_layer_per_head_layer_14_head_9,0.20660,0.20660,0.00163
ecs_prompt_final_layer_per_head_layer_7_head_21,-0.20657,0.20657,0.00163
cas_alt_vs_final_layer_per_head_layer_2_head_11,-0.20657,0.20657,0.00163
ecs_final_layer_per_head_layer_25_head_18,-0.20656,0.20656,0.00163
ecs_final_layer_per_head_layer_13_head_14,-0.20655,0.20655,0.00164
cas_vs_current_layer_per_head_layer_1_head_16,-0.20652,0.20652,0.00164
cas_vs_final_layer_per_head_layer_0_head_13,-0.20652,0.20652,0.00164
ecs_final_layer_per_head_layer_20_head_20,-0.20649,0.20649,0.00164
cas_alt_vs_final_layer_per_head_layer_13_head_20,-0.20648,0.20648,0.00164
ecs_prompt_final_layer_per_head_layer_15_head_21,-0.20647,0.20647,0.00164
cas_alt_vs_final_layer_per_head_layer_18_head_9,-0.20647,0.20647,0.00164
cas_alt_vs_final_layer_per_head_layer_4_head_11,-0.20644,0.20644,0.00164
ecs_final_layer_per_head_layer_25_head_22,-0.20642,0.20642,0.00165
ecs_prompt_final_layer_per_head_layer_2_head_17,-0.20640,0.20640,0.00165
ecs_prompt_final_layer_per_head_layer_25_head_18,-0.20639,0.20639,0.00165
cas_alt_vs_final_layer_per_head_layer_21_head_11,-0.20637,0.20637,0.00165
cas_alt_vs_final_layer_per_head_layer_23_head_18,-0.20636,0.20636,0.00165
cas_alt_vs_current_layer_per_head_layer_11_head_19,0.20631,0.20631,0.00166
ecs_final_layer_per_head_layer_15_head_11,-0.20631,0.20631,0.00166
cas_alt_vs_final_layer_per_head_layer_18_head_8,-0.20631,0.20631,0.00166
ecs_final_layer_per_head_layer_25_head_20,-0.20629,0.20629,0.00166
ecs_final_layer_per_head_layer_9_head_22,-0.20627,0.20627,0.00166
bos_attention_proportion_per_head_layer_7_head_9,0.20626,0.20626,0.00166
ecs_prompt_final_layer_per_head_layer_10_head_9,-0.20625,0.20625,0.00166
cas_alt_vs_final_layer_per_head_layer_8_head_11,-0.20622,0.20622,0.00166
ecs_final_layer_per_head_layer_20_head_16,-0.20621,0.20621,0.00167
ecs_final_layer_per_head_layer_9_head_14,-0.20618,0.20618,0.00167
ecs_final_layer_per_head_layer_18_head_18,-0.20607,0.20607,0.00168
ecs_final_layer_per_head_layer_6_head_16,-0.20606,0.20606,0.00168
ecs_final_layer_per_head_layer_27_head_0,-0.20603,0.20603,0.00168
ecs_specific_layer_per_head_layer_27_head_0,-0.20603,0.20603,0.00168
ecs_prompt_final_layer_per_head_layer_3_head_9,-0.20597,0.20597,0.00169
cas_alt_vs_final_layer_per_head_layer_8_head_12,-0.20596,0.20596,0.00169
cas_alt_vs_current_layer_per_head_layer_14_head_17,0.20595,0.20595,0.00169
ecs_prompt_final_layer_per_head_layer_20_head_23,-0.20593,0.20593,0.00169
ecs_prompt_final_layer_per_head_layer_22_head_23,-0.20593,0.20593,0.00169
ecs_prompt_final_layer_per_head_layer_5_head_10,-0.20585,0.20585,0.00170
ecs_final_layer_per_head_layer_11_head_9,-0.20584,0.20584,0.00170
cas_alt_vs_final_layer_per_head_layer_15_head_5,-0.20582,0.20582,0.00170
ecs_prompt_final_layer_per_head_layer_10_head_15,-0.20580,0.20580,0.00170
ecs_prompt_final_layer_per_head_layer_4_head_15,-0.20578,0.20578,0.00170
bos_attention_proportion_per_head_layer_15_head_18,0.20577,0.20577,0.00171
cas_alt_vs_final_layer_per_head_layer_5_head_11,-0.20575,0.20575,0.00171
ecs_final_layer_per_head_layer_8_head_17,-0.20573,0.20573,0.00171
ecs_final_layer_per_head_layer_13_head_6,-0.20572,0.20572,0.00171
ecs_final_layer_per_head_layer_24_head_19,-0.20572,0.20572,0.00171
cas_alt_vs_current_layer_per_head_layer_9_head_23,0.20570,0.20570,0.00171
cas_alt_vs_final_layer_per_head_layer_10_head_12,-0.20568,0.20568,0.00171
ecs_prompt_final_layer_per_head_layer_2_head_5,-0.20566,0.20566,0.00171
ecs_prompt_final_layer_per_head_layer_2_head_14,-0.20562,0.20562,0.00172
cas_alt_vs_current_layer_per_head_layer_9_head_6,0.20559,0.20559,0.00172
ecs_final_layer_per_head_layer_23_head_12,-0.20559,0.20559,0.00172
ecs_prompt_final_layer_per_head_layer_2_head_4,-0.20557,0.20557,0.00172
ecs_final_layer_per_head_layer_7_head_0,-0.20557,0.20557,0.00172
ecs_final_layer_per_head_layer_12_head_14,-0.20556,0.20556,0.00172
cas_alt_vs_final_layer_per_head_layer_3_head_19,-0.20555,0.20555,0.00172
ecs_final_layer_per_head_layer_20_head_18,-0.20555,0.20555,0.00173
ecs_final_layer_per_head_layer_15_head_2,-0.20555,0.20555,0.00173
ecs_final_layer_per_head_layer_4_head_9,-0.20555,0.20555,0.00173
v_ffn_norm_per_layer_layer_11,-0.20555,0.20555,0.00173
bos_attention_proportion_per_head_layer_6_head_2,-0.20553,0.20553,0.00173
ecs_final_layer_per_head_layer_8_head_0,-0.20550,0.20550,0.00173
cas_alt_vs_final_layer_per_head_layer_20_head_6,-0.20549,0.20549,0.00173
ecs_final_layer_per_head_layer_22_head_22,-0.20549,0.20549,0.00173
ecs_final_layer_per_head_layer_12_head_5,-0.20549,0.20549,0.00173
ecs_prompt_final_layer_per_head_layer_6_head_12,-0.20546,0.20546,0.00173
bos_attention_proportion_per_head_layer_7_head_6,0.20546,0.20546,0.00173
cas_alt_vs_current_layer_per_head_layer_27_head_7,-0.20545,0.20545,0.00173
cas_alt_vs_final_layer_per_head_layer_27_head_7,-0.20545,0.20545,0.00173
ecs_prompt_final_layer_per_head_layer_3_head_4,-0.20544,0.20544,0.00173
ecs_prompt_final_layer_per_head_layer_14_head_23,-0.20542,0.20542,0.00174
ecs_final_layer_per_head_layer_1_head_5,-0.20542,0.20542,0.00174
ecs_prompt_final_layer_per_head_layer_26_head_6,-0.20541,0.20541,0.00174
v_attn_norm_per_layer_layer_12,-0.20539,0.20539,0.00174
cas_alt_vs_final_layer_per_head_layer_9_head_18,-0.20538,0.20538,0.00174
ecs_final_layer_per_head_layer_22_head_13,-0.20533,0.20533,0.00175
ecs_prompt_final_layer_per_head_layer_16_head_23,-0.20531,0.20531,0.00175
ecs_prompt_final_layer_per_head_layer_4_head_22,-0.20528,0.20528,0.00175
bos_attention_proportion_per_head_layer_16_head_7,0.20522,0.20522,0.00176
cas_alt_vs_final_layer_per_head_layer_6_head_17,-0.20522,0.20522,0.00176
ecs_final_layer_per_head_layer_2_head_11,-0.20522,0.20522,0.00176
ecs_final_layer_per_head_layer_19_head_18,-0.20522,0.20522,0.00176
cas_alt_vs_final_layer_per_head_layer_6_head_18,-0.20518,0.20518,0.00176
ecs_prompt_final_layer_per_head_layer_5_head_16,-0.20516,0.20516,0.00176
ecs_final_layer_per_head_layer_8_head_18,-0.20513,0.20513,0.00176
cas_alt_vs_final_layer_per_head_layer_4_head_9,-0.20512,0.20512,0.00177
ecs_prompt_final_layer_per_head_layer_0_head_10,-0.20509,0.20509,0.00177
cas_alt_vs_final_layer_per_head_layer_16_head_2,-0.20506,0.20506,0.00177
cas_alt_vs_final_layer_per_head_layer_17_head_23,-0.20504,0.20504,0.00177
ecs_prompt_specific_layer_per_head_layer_27_head_6,-0.20503,0.20503,0.00177
ecs_prompt_final_layer_per_head_layer_27_head_6,-0.20503,0.20503,0.00177
cas_alt_vs_final_layer_per_head_layer_25_head_13,-0.20500,0.20500,0.00178
ecs_final_layer_per_head_layer_19_head_14,-0.20499,0.20499,0.00178
cas_alt_vs_final_layer_per_head_layer_6_head_2,-0.20499,0.20499,0.00178
cas_alt_vs_final_layer_per_head_layer_6_head_11,-0.20498,0.20498,0.00178
ecs_final_layer_per_head_layer_16_head_21,-0.20496,0.20496,0.00178
ecs_prompt_final_layer_per_head_layer_26_head_15,-0.20496,0.20496,0.00178
ecs_prompt_final_layer_per_head_layer_13_head_12,-0.20494,0.20494,0.00178
bos_attention_proportion_per_head_layer_27_head_20,-0.20492,0.20492,0.00178
ecs_prompt_final_layer_per_head_layer_1_head_13,-0.20486,0.20486,0.00179
ecs_final_layer_per_head_layer_12_head_21,-0.20485,0.20485,0.00179
ecs_final_layer_per_head_layer_5_head_9,-0.20484,0.20484,0.00179
ecs_final_layer_per_head_layer_5_head_17,-0.20483,0.20483,0.00179
cos_sim_input_pre_ffn_per_layer_layer_25,-0.20481,0.20481,0.00179
cas_alt_vs_final_layer_per_head_layer_9_head_3,-0.20476,0.20476,0.00180
ecs_prompt_final_layer_per_head_layer_4_head_19,-0.20475,0.20475,0.00180
ecs_prompt_final_layer_per_head_layer_10_head_10,-0.20473,0.20473,0.00180
cas_alt_vs_final_layer_per_head_layer_18_head_20,-0.20465,0.20465,0.00181
ecs_final_layer_per_head_layer_9_head_6,-0.20457,0.20457,0.00182
cas_alt_vs_final_layer_per_head_layer_15_head_20,-0.20454,0.20454,0.00182
ecs_prompt_final_layer_per_head_layer_6_head_4,-0.20454,0.20454,0.00182
ecs_final_layer_per_head_layer_6_head_19,-0.20449,0.20449,0.00182
cas_alt_vs_final_layer_per_head_layer_24_head_0,-0.20449,0.20449,0.00183
ecs_prompt_specific_layer_per_head_layer_4_head_22,0.20442,0.20442,0.00183
ecs_prompt_final_layer_per_head_layer_26_head_12,-0.20442,0.20442,0.00183
ecs_final_layer_per_head_layer_18_head_20,-0.20440,0.20440,0.00183
ecs_prompt_final_layer_per_head_layer_1_head_18,-0.20439,0.20439,0.00183
ecs_prompt_final_layer_per_head_layer_0_head_20,-0.20438,0.20438,0.00184
cas_alt_vs_final_layer_per_head_layer_2_head_21,-0.20436,0.20436,0.00184
ecs_prompt_specific_layer_per_head_layer_27_head_8,-0.20436,0.20436,0.00184
ecs_prompt_final_layer_per_head_layer_27_head_8,-0.20436,0.20436,0.00184
ecs_final_layer_per_head_layer_26_head_3,-0.20436,0.20436,0.00184
cas_alt_vs_final_layer_per_head_layer_19_head_6,-0.20435,0.20435,0.00184
bos_attention_proportion_per_head_layer_21_head_0,0.20433,0.20433,0.00184
ecs_prompt_final_layer_per_head_layer_0_head_23,-0.20430,0.20430,0.00184
ecs_final_layer_per_head_layer_19_head_6,-0.20426,0.20426,0.00185
ecs_prompt_final_layer_per_head_layer_0_head_14,-0.20426,0.20426,0.00185
cas_alt_vs_final_layer_per_head_layer_15_head_11,-0.20426,0.20426,0.00185
ecs_prompt_final_layer_per_head_layer_3_head_3,-0.20426,0.20426,0.00185
pos_score_per_layer_layer_6,-0.20425,0.20425,0.00185
pos_cos_similarity_per_layer_layer_6,-0.20425,0.20425,0.00185
cas_alt_vs_final_layer_per_head_layer_17_head_21,-0.20423,0.20423,0.00185
ecs_prompt_final_layer_per_head_layer_11_head_23,-0.20422,0.20422,0.00185
ecs_final_layer_per_head_layer_10_head_9,-0.20421,0.20421,0.00185
ecs_prompt_final_layer_per_head_layer_3_head_5,-0.20414,0.20414,0.00186
ecs_final_layer_per_head_layer_25_head_14,-0.20414,0.20414,0.00186
cas_alt_vs_final_layer_per_head_layer_16_head_4,-0.20414,0.20414,0.00186
ecs_prompt_final_layer_per_head_layer_2_head_19,-0.20410,0.20410,0.00186
ecs_final_layer_per_head_layer_25_head_5,-0.20409,0.20409,0.00186
ecs_prompt_final_layer_per_head_layer_19_head_5,-0.20409,0.20409,0.00186
bos_attention_proportion_per_head_layer_10_head_5,0.20403,0.20403,0.00187
ecs_final_layer_per_head_layer_3_head_7,-0.20402,0.20402,0.00187
ecs_prompt_final_layer_per_head_layer_14_head_22,-0.20401,0.20401,0.00187
ecs_final_layer_per_head_layer_16_head_11,-0.20401,0.20401,0.00187
cas_alt_vs_current_layer_per_head_layer_11_head_18,0.20400,0.20400,0.00187
cas_alt_vs_final_layer_per_head_layer_27_head_18,-0.20399,0.20399,0.00187
cas_alt_vs_current_layer_per_head_layer_27_head_18,-0.20399,0.20399,0.00187
cas_alt_vs_final_layer_per_head_layer_8_head_23,-0.20396,0.20396,0.00188
cas_alt_vs_final_layer_per_head_layer_8_head_17,-0.20387,0.20387,0.00189
cas_alt_vs_final_layer_per_head_layer_0_head_21,-0.20386,0.20386,0.00189
ecs_final_layer_per_head_layer_9_head_15,-0.20385,0.20385,0.00189
ecs_prompt_final_layer_per_head_layer_4_head_5,-0.20382,0.20382,0.00189
ecs_final_layer_per_head_layer_16_head_19,-0.20381,0.20381,0.00189
ecs_prompt_final_layer_per_head_layer_1_head_15,-0.20380,0.20380,0.00189
cas_alt_vs_final_layer_per_head_layer_27_head_16,-0.20377,0.20377,0.00189
cas_alt_vs_current_layer_per_head_layer_27_head_16,-0.20377,0.20377,0.00189
ecs_final_layer_per_head_layer_25_head_1,-0.20374,0.20374,0.00190
ecs_prompt_final_layer_per_head_layer_5_head_11,-0.20373,0.20373,0.00190
ecs_prompt_final_layer_per_head_layer_12_head_14,-0.20373,0.20373,0.00190
ecs_final_layer_per_head_layer_12_head_6,-0.20370,0.20370,0.00190
cas_alt_vs_final_layer_per_head_layer_19_head_13,-0.20369,0.20369,0.00190
ecs_prompt_final_layer_per_head_layer_20_head_16,-0.20368,0.20368,0.00190
ecs_prompt_final_layer_per_head_layer_11_head_1,-0.20368,0.20368,0.00190
ecs_prompt_final_layer_per_head_layer_18_head_20,-0.20367,0.20367,0.00191
ecs_prompt_final_layer_per_head_layer_19_head_0,-0.20365,0.20365,0.00191
cas_vs_final_layer_per_head_layer_0_head_10,-0.20361,0.20361,0.00191
ecs_final_layer_per_head_layer_15_head_15,-0.20361,0.20361,0.00191
cas_alt_vs_final_layer_per_head_layer_7_head_12,-0.20359,0.20359,0.00191
cas_alt_vs_final_layer_per_head_layer_22_head_13,-0.20359,0.20359,0.00191
ecs_final_layer_per_head_layer_0_head_14,-0.20356,0.20356,0.00192
ecs_final_layer_per_head_layer_8_head_19,-0.20356,0.20356,0.00192
cas_alt_vs_final_layer_per_head_layer_5_head_1,-0.20351,0.20351,0.00192
cos_sim_pre_post_ffn_per_layer_layer_16,0.20349,0.20349,0.00192
cas_alt_vs_final_layer_per_head_layer_13_head_5,-0.20347,0.20347,0.00193
ecs_final_layer_per_head_layer_3_head_14,-0.20346,0.20346,0.00193
attention_entropy_per_head_layer_6_head_2,-0.20346,0.20346,0.00193
ecs_final_layer_per_head_layer_18_head_11,-0.20344,0.20344,0.00193
cas_alt_vs_final_layer_per_head_layer_25_head_5,-0.20344,0.20344,0.00193
ecs_final_layer_per_head_layer_2_head_23,-0.20342,0.20342,0.00193
ecs_prompt_final_layer_per_head_layer_22_head_21,-0.20341,0.20341,0.00193
ecs_final_layer_per_head_layer_0_head_22,-0.20340,0.20340,0.00193
cas_alt_vs_final_layer_per_head_layer_2_head_20,-0.20338,0.20338,0.00193
cas_alt_vs_final_layer_per_head_layer_8_head_18,-0.20337,0.20337,0.00194
cas_alt_vs_final_layer_per_head_layer_26_head_20,-0.20336,0.20336,0.00194
ecs_final_layer_per_head_layer_20_head_8,-0.20335,0.20335,0.00194
cas_alt_vs_current_layer_per_head_layer_13_head_2,0.20329,0.20329,0.00194
ecs_prompt_final_layer_per_head_layer_1_head_23,-0.20328,0.20328,0.00195
cas_alt_vs_final_layer_per_head_layer_20_head_7,-0.20327,0.20327,0.00195
cas_alt_vs_final_layer_per_head_layer_24_head_14,-0.20327,0.20327,0.00195
cas_alt_vs_final_layer_per_head_layer_27_head_6,-0.20326,0.20326,0.00195
cas_alt_vs_current_layer_per_head_layer_27_head_6,-0.20326,0.20326,0.00195
ecs_prompt_final_layer_per_head_layer_15_head_5,-0.20325,0.20325,0.00195
ecs_final_layer_per_head_layer_5_head_1,-0.20324,0.20324,0.00195
bos_attention_proportion_per_head_layer_15_head_3,0.20315,0.20315,0.00196
cas_alt_vs_final_layer_per_head_layer_5_head_0,-0.20309,0.20309,0.00196
bos_attention_proportion_per_head_layer_24_head_20,-0.20305,0.20305,0.00197
cas_alt_vs_final_layer_per_head_layer_0_head_4,-0.20305,0.20305,0.00197
cas_alt_vs_final_layer_per_head_layer_24_head_19,-0.20300,0.20300,0.00197
ecs_prompt_final_layer_per_head_layer_10_head_14,-0.20300,0.20300,0.00197
cas_alt_vs_final_layer_per_head_layer_18_head_12,-0.20299,0.20299,0.00197
ecs_prompt_final_layer_per_head_layer_12_head_18,-0.20297,0.20297,0.00198
ecs_final_layer_per_head_layer_23_head_1,-0.20297,0.20297,0.00198
ecs_final_layer_per_head_layer_19_head_13,-0.20294,0.20294,0.00198
ecs_prompt_final_layer_per_head_layer_14_head_11,-0.20294,0.20294,0.00198
ecs_specific_layer_per_head_layer_27_head_21,-0.20289,0.20289,0.00199
ecs_final_layer_per_head_layer_27_head_21,-0.20289,0.20289,0.00199
ecs_final_layer_per_head_layer_2_head_19,-0.20284,0.20284,0.00199
ecs_prompt_final_layer_per_head_layer_26_head_20,-0.20282,0.20282,0.00199
cas_alt_vs_final_layer_per_head_layer_11_head_6,-0.20280,0.20280,0.00199
ecs_final_layer_per_head_layer_21_head_11,-0.20278,0.20278,0.00200
cas_alt_vs_final_layer_per_head_layer_0_head_10,-0.20277,0.20277,0.00200
cas_alt_vs_final_layer_per_head_layer_6_head_7,-0.20272,0.20272,0.00200
ecs_prompt_final_layer_per_head_layer_1_head_17,-0.20262,0.20262,0.00201
cas_alt_vs_final_layer_per_head_layer_20_head_23,-0.20261,0.20261,0.00201
ecs_final_layer_per_head_layer_9_head_8,-0.20260,0.20260,0.00202
ecs_final_layer_per_head_layer_8_head_2,-0.20258,0.20258,0.00202
ecs_final_layer_per_head_layer_0_head_12,-0.20254,0.20254,0.00202
ecs_final_layer_per_head_layer_6_head_10,-0.20250,0.20250,0.00203
ecs_prompt_specific_layer_per_head_layer_6_head_14,0.20245,0.20245,0.00203
ecs_final_layer_per_head_layer_8_head_14,-0.20245,0.20245,0.00203
cas_alt_vs_final_layer_per_head_layer_16_head_0,-0.20243,0.20243,0.00203
ecs_final_layer_per_head_layer_17_head_5,-0.20235,0.20235,0.00204
ecs_final_layer_per_head_layer_6_head_7,-0.20235,0.20235,0.00204
ecs_final_layer_per_head_layer_5_head_2,-0.20234,0.20234,0.00204
ecs_prompt_specific_layer_per_head_layer_27_head_17,-0.20232,0.20232,0.00205
ecs_prompt_final_layer_per_head_layer_27_head_17,-0.20232,0.20232,0.00205
cas_alt_vs_final_layer_per_head_layer_18_head_13,-0.20231,0.20231,0.00205
ecs_final_layer_per_head_layer_3_head_19,-0.20229,0.20229,0.00205
ecs_prompt_final_layer_per_head_layer_2_head_1,-0.20228,0.20228,0.00205
cas_alt_vs_final_layer_per_head_layer_3_head_20,-0.20225,0.20225,0.00205
cas_alt_vs_final_layer_per_head_layer_20_head_8,-0.20221,0.20221,0.00206
ecs_final_layer_per_head_layer_25_head_19,-0.20221,0.20221,0.00206
cas_alt_vs_final_layer_per_head_layer_17_head_18,-0.20219,0.20219,0.00206
ecs_prompt_final_layer_per_head_layer_5_head_7,-0.20218,0.20218,0.00206
ecs_final_layer_per_head_layer_15_head_13,-0.20215,0.20215,0.00206
cas_alt_vs_final_layer_per_head_layer_11_head_21,-0.20213,0.20213,0.00207
ecs_prompt_final_layer_per_head_layer_1_head_14,-0.20213,0.20213,0.00207
ecs_final_layer_per_head_layer_24_head_22,-0.20209,0.20209,0.00207
cas_alt_vs_final_layer_per_head_layer_25_head_11,-0.20209,0.20209,0.00207
cas_alt_vs_final_layer_per_head_layer_26_head_4,-0.20209,0.20209,0.00207
ecs_final_layer_per_head_layer_23_head_0,-0.20204,0.20204,0.00208
ecs_prompt_final_layer_per_head_layer_27_head_12,-0.20200,0.20200,0.00208
ecs_prompt_specific_layer_per_head_layer_27_head_12,-0.20200,0.20200,0.00208
ecs_final_layer_per_head_layer_27_head_8,-0.20198,0.20198,0.00208
ecs_specific_layer_per_head_layer_27_head_8,-0.20198,0.20198,0.00208
ecs_final_layer_per_head_layer_20_head_23,-0.20197,0.20197,0.00208
cos_sim_pre_post_ffn_per_layer_layer_10,0.20195,0.20195,0.00209
attention_entropy_per_head_layer_20_head_14,-0.20192,0.20192,0.00209
cas_alt_vs_current_layer_per_head_layer_11_head_14,0.20191,0.20191,0.00209
bos_attention_proportion_per_head_layer_10_head_2,0.20190,0.20190,0.00209
ecs_prompt_final_layer_per_head_layer_0_head_7,-0.20190,0.20190,0.00209
ecs_prompt_final_layer_per_head_layer_7_head_23,-0.20189,0.20189,0.00209
cas_alt_vs_final_layer_per_head_layer_16_head_10,-0.20189,0.20189,0.00209
cas_alt_vs_final_layer_per_head_layer_10_head_16,-0.20189,0.20189,0.00209
cas_alt_vs_final_layer_per_head_layer_22_head_14,-0.20188,0.20188,0.00209
ecs_final_layer_per_head_layer_25_head_4,-0.20188,0.20188,0.00209
cas_alt_vs_final_layer_per_head_layer_23_head_8,-0.20188,0.20188,0.00209
ecs_final_layer_per_head_layer_21_head_2,-0.20187,0.20187,0.00209
ecs_final_layer_per_head_layer_10_head_21,-0.20181,0.20181,0.00210
ecs_prompt_final_layer_per_head_layer_4_head_6,-0.20181,0.20181,0.00210
ecs_final_layer_per_head_layer_2_head_8,-0.20177,0.20177,0.00211
cas_alt_vs_final_layer_per_head_layer_26_head_10,-0.20175,0.20175,0.00211
cas_alt_vs_current_layer_per_head_layer_11_head_16,0.20169,0.20169,0.00211
cas_alt_vs_final_layer_per_head_layer_5_head_21,-0.20167,0.20167,0.00212
ecs_final_layer_per_head_layer_27_head_20,-0.20164,0.20164,0.00212
ecs_specific_layer_per_head_layer_27_head_20,-0.20164,0.20164,0.00212
ecs_final_layer_per_head_layer_23_head_19,-0.20162,0.20162,0.00212
cas_alt_vs_final_layer_per_head_layer_8_head_0,-0.20161,0.20161,0.00212
cas_alt_vs_final_layer_per_head_layer_16_head_19,-0.20158,0.20158,0.00213
ecs_final_layer_per_head_layer_13_head_23,-0.20158,0.20158,0.00213
ecs_prompt_final_layer_per_head_layer_7_head_11,-0.20156,0.20156,0.00213
ecs_prompt_final_layer_per_head_layer_26_head_9,-0.20155,0.20155,0.00213
ecs_prompt_final_layer_per_head_layer_1_head_16,-0.20152,0.20152,0.00213
ecs_final_layer_per_head_layer_7_head_13,-0.20149,0.20149,0.00214
cas_alt_vs_final_layer_per_head_layer_11_head_7,-0.20143,0.20143,0.00214
ecs_final_layer_per_head_layer_20_head_0,-0.20142,0.20142,0.00214
ecs_final_layer_per_head_layer_0_head_3,-0.20138,0.20138,0.00215
ecs_prompt_specific_layer_per_head_layer_25_head_7,-0.20137,0.20137,0.00215
ecs_final_layer_per_head_layer_26_head_14,-0.20134,0.20134,0.00215
ecs_prompt_final_layer_per_head_layer_6_head_7,-0.20131,0.20131,0.00216
cas_alt_vs_final_layer_per_head_layer_5_head_9,-0.20128,0.20128,0.00216
ecs_final_layer_per_head_layer_18_head_19,-0.20127,0.20127,0.00216
ecs_final_layer_per_head_layer_0_head_9,-0.20124,0.20124,0.00216
ecs_prompt_specific_layer_per_head_layer_26_head_5,-0.20122,0.20122,0.00217
ecs_final_layer_per_head_layer_22_head_16,-0.20122,0.20122,0.00217
ecs_prompt_final_layer_per_head_layer_6_head_1,-0.20120,0.20120,0.00217
ecs_prompt_final_layer_per_head_layer_1_head_1,-0.20118,0.20118,0.00217
ecs_final_layer_per_head_layer_18_head_5,-0.20118,0.20118,0.00217
ecs_final_layer_per_head_layer_2_head_21,-0.20116,0.20116,0.00217
ecs_prompt_specific_layer_per_head_layer_3_head_16,0.20116,0.20116,0.00217
ecs_final_layer_per_head_layer_27_head_7,-0.20112,0.20112,0.00218
ecs_specific_layer_per_head_layer_27_head_7,-0.20112,0.20112,0.00218
ecs_final_layer_per_head_layer_22_head_6,-0.20110,0.20110,0.00218
cas_alt_vs_final_layer_per_head_layer_26_head_3,-0.20110,0.20110,0.00218
cas_alt_vs_final_layer_per_head_layer_6_head_23,-0.20106,0.20106,0.00218
ecs_final_layer_per_head_layer_1_head_16,-0.20105,0.20105,0.00219
ecs_prompt_final_layer_per_head_layer_5_head_21,-0.20103,0.20103,0.00219
cas_alt_vs_final_layer_per_head_layer_15_head_4,-0.20099,0.20099,0.00219
ecs_prompt_final_layer_per_head_layer_25_head_19,-0.20093,0.20093,0.00220
ecs_final_layer_per_head_layer_2_head_6,-0.20093,0.20093,0.00220
ecs_final_layer_per_head_layer_12_head_13,-0.20093,0.20093,0.00220
ecs_final_layer_per_head_layer_17_head_6,-0.20092,0.20092,0.00220
cas_alt_vs_final_layer_per_head_layer_11_head_9,-0.20090,0.20090,0.00220
ecs_final_layer_per_head_layer_16_head_22,-0.20089,0.20089,0.00220
ecs_final_layer_per_head_layer_10_head_22,-0.20088,0.20088,0.00220
ecs_final_layer_per_head_layer_25_head_9,-0.20088,0.20088,0.00220
ecs_prompt_final_layer_per_head_layer_22_head_15,-0.20088,0.20088,0.00221
ecs_prompt_final_layer_per_head_layer_12_head_0,-0.20082,0.20082,0.00221
ecs_prompt_final_layer_per_head_layer_6_head_8,-0.20079,0.20079,0.00222
ecs_final_layer_per_head_layer_3_head_1,-0.20079,0.20079,0.00222
ecs_prompt_final_layer_per_head_layer_19_head_3,-0.20078,0.20078,0.00222
cas_alt_vs_final_layer_per_head_layer_2_head_18,-0.20076,0.20076,0.00222
ecs_prompt_final_layer_per_head_layer_22_head_17,-0.20074,0.20074,0.00222
ecs_final_layer_per_head_layer_17_head_22,-0.20073,0.20073,0.00222
cas_alt_vs_final_layer_per_head_layer_18_head_3,-0.20073,0.20073,0.00222
cas_alt_vs_final_layer_per_head_layer_0_head_5,-0.20072,0.20072,0.00222
cas_alt_vs_final_layer_per_head_layer_9_head_1,-0.20070,0.20070,0.00223
ecs_prompt_final_layer_per_head_layer_4_head_18,-0.20069,0.20069,0.00223
ecs_final_layer_per_head_layer_11_head_23,-0.20069,0.20069,0.00223
ecs_prompt_final_layer_per_head_layer_3_head_13,-0.20067,0.20067,0.00223
ecs_final_layer_per_head_layer_9_head_18,-0.20067,0.20067,0.00223
cas_alt_vs_final_layer_per_head_layer_6_head_10,-0.20066,0.20066,0.00223
cas_alt_vs_final_layer_per_head_layer_9_head_22,-0.20065,0.20065,0.00223
ecs_prompt_final_layer_per_head_layer_1_head_2,-0.20065,0.20065,0.00223
cas_alt_vs_final_layer_per_head_layer_7_head_16,-0.20065,0.20065,0.00223
cas_alt_vs_final_layer_per_head_layer_2_head_2,-0.20063,0.20063,0.00223
cas_alt_vs_final_layer_per_head_layer_0_head_3,-0.20060,0.20060,0.00224
cas_alt_vs_final_layer_per_head_layer_8_head_1,-0.20059,0.20059,0.00224
ecs_prompt_final_layer_per_head_layer_0_head_17,-0.20057,0.20057,0.00224
cas_alt_vs_final_layer_per_head_layer_1_head_2,-0.20056,0.20056,0.00224
cas_alt_vs_final_layer_per_head_layer_2_head_5,-0.20052,0.20052,0.00225
cas_alt_vs_final_layer_per_head_layer_6_head_6,-0.20047,0.20047,0.00225
cas_alt_vs_final_layer_per_head_layer_22_head_12,-0.20046,0.20046,0.00225
cas_alt_vs_final_layer_per_head_layer_21_head_1,-0.20045,0.20045,0.00225
ecs_final_layer_per_head_layer_19_head_11,-0.20043,0.20043,0.00226
ecs_prompt_final_layer_per_head_layer_3_head_14,-0.20043,0.20043,0.00226
ecs_final_layer_per_head_layer_14_head_4,-0.20037,0.20037,0.00226
ecs_final_layer_per_head_layer_0_head_5,-0.20036,0.20036,0.00227
ecs_prompt_final_layer_per_head_layer_2_head_12,-0.20031,0.20031,0.00227
attention_entropy_per_head_layer_13_head_20,-0.20029,0.20029,0.00227
ecs_prompt_final_layer_per_head_layer_0_head_2,-0.20028,0.20028,0.00227
cas_alt_vs_final_layer_per_head_layer_27_head_8,-0.20028,0.20028,0.00227
cas_alt_vs_current_layer_per_head_layer_27_head_8,-0.20028,0.20028,0.00227
ecs_prompt_final_layer_per_head_layer_3_head_22,-0.20026,0.20026,0.00228
ecs_final_layer_per_head_layer_5_head_0,-0.20025,0.20025,0.00228
attention_entropy_per_head_layer_1_head_21,-0.20024,0.20024,0.00228
ecs_prompt_final_layer_per_head_layer_17_head_0,-0.20022,0.20022,0.00228
ecs_final_layer_per_head_layer_5_head_10,-0.20018,0.20018,0.00229
cas_alt_vs_final_layer_per_head_layer_9_head_6,-0.20013,0.20013,0.00229
ecs_final_layer_per_head_layer_5_head_3,-0.20012,0.20012,0.00229
ecs_final_layer_per_head_layer_19_head_12,-0.20011,0.20011,0.00229
ecs_prompt_specific_layer_per_head_layer_1_head_9,0.20010,0.20010,0.00230
cas_alt_vs_final_layer_per_head_layer_1_head_18,-0.20010,0.20010,0.00230
cas_alt_vs_final_layer_per_head_layer_18_head_5,-0.20009,0.20009,0.00230
ecs_prompt_final_layer_per_head_layer_24_head_8,-0.20009,0.20009,0.00230
cas_alt_vs_final_layer_per_head_layer_25_head_9,-0.20008,0.20008,0.00230
ecs_final_layer_per_head_layer_21_head_1,-0.20005,0.20005,0.00230
cas_alt_vs_final_layer_per_head_layer_17_head_13,-0.19999,0.19999,0.00231
ecs_prompt_specific_layer_per_head_layer_26_head_19,-0.19996,0.19996,0.00231
ecs_final_layer_per_head_layer_7_head_14,-0.19995,0.19995,0.00231
ecs_final_layer_per_head_layer_13_head_8,-0.19994,0.19994,0.00231
cas_vs_current_layer_per_head_layer_12_head_23,0.19994,0.19994,0.00231
ecs_final_layer_per_head_layer_25_head_11,-0.19994,0.19994,0.00231
cas_alt_vs_final_layer_per_head_layer_22_head_15,-0.19991,0.19991,0.00232
ecs_prompt_specific_layer_per_head_layer_26_head_1,-0.19985,0.19985,0.00233
ecs_prompt_final_layer_per_head_layer_4_head_20,-0.19984,0.19984,0.00233
ecs_final_layer_per_head_layer_23_head_6,-0.19983,0.19983,0.00233
ecs_final_layer_per_head_layer_16_head_0,-0.19982,0.19982,0.00233
ecs_prompt_final_layer_per_head_layer_22_head_2,-0.19980,0.19980,0.00233
cas_alt_vs_final_layer_per_head_layer_1_head_13,-0.19973,0.19973,0.00234
ecs_final_layer_per_head_layer_5_head_4,-0.19972,0.19972,0.00234
ecs_specific_layer_per_head_layer_26_head_1,-0.19972,0.19972,0.00234
ecs_prompt_final_layer_per_head_layer_14_head_10,-0.19964,0.19964,0.00235
cas_alt_vs_final_layer_per_head_layer_2_head_23,-0.19962,0.19962,0.00235
ecs_final_layer_per_head_layer_17_head_15,-0.19962,0.19962,0.00235
ecs_final_layer_per_head_layer_16_head_1,-0.19962,0.19962,0.00235
cas_alt_vs_final_layer_per_head_layer_26_head_14,-0.19960,0.19960,0.00236
ecs_prompt_final_layer_per_head_layer_27_head_15,-0.19958,0.19958,0.00236
ecs_prompt_specific_layer_per_head_layer_27_head_15,-0.19958,0.19958,0.00236
ecs_final_layer_per_head_layer_4_head_12,-0.19956,0.19956,0.00236
cas_alt_vs_final_layer_per_head_layer_15_head_18,-0.19954,0.19954,0.00236
cas_alt_vs_final_layer_per_head_layer_23_head_19,-0.19952,0.19952,0.00237
cas_alt_vs_final_layer_per_head_layer_4_head_22,-0.19952,0.19952,0.00237
ecs_prompt_final_layer_per_head_layer_6_head_6,-0.19952,0.19952,0.00237
ecs_final_layer_per_head_layer_7_head_1,-0.19952,0.19952,0.00237
ecs_specific_layer_per_head_layer_27_head_16,-0.19949,0.19949,0.00237
ecs_final_layer_per_head_layer_27_head_16,-0.19949,0.19949,0.00237
ecs_prompt_final_layer_per_head_layer_4_head_7,-0.19941,0.19941,0.00238
cas_alt_vs_final_layer_per_head_layer_12_head_18,-0.19940,0.19940,0.00238
ecs_final_layer_per_head_layer_0_head_23,-0.19940,0.19940,0.00238
ecs_prompt_final_layer_per_head_layer_20_head_12,-0.19938,0.19938,0.00238
ecs_prompt_final_layer_per_head_layer_26_head_16,-0.19937,0.19937,0.00238
cas_alt_vs_current_layer_per_head_layer_11_head_15,0.19936,0.19936,0.00239
cas_alt_vs_final_layer_per_head_layer_13_head_19,-0.19936,0.19936,0.00239
ecs_prompt_final_layer_per_head_layer_3_head_12,-0.19935,0.19935,0.00239
ecs_final_layer_per_head_layer_2_head_16,-0.19935,0.19935,0.00239
cas_alt_vs_current_layer_per_head_layer_13_head_11,0.19934,0.19934,0.00239
cas_alt_vs_final_layer_per_head_layer_21_head_8,-0.19933,0.19933,0.00239
cas_alt_vs_final_layer_per_head_layer_20_head_17,-0.19933,0.19933,0.00239
x_post_ffn_norm_per_layer_layer_15,0.19930,0.19930,0.00239
x_input_norm_per_layer_layer_16,0.19930,0.19930,0.00239
ecs_final_layer_per_head_layer_18_head_1,-0.19925,0.19925,0.00240
ecs_final_layer_per_head_layer_9_head_12,-0.19923,0.19923,0.00240
cas_alt_vs_final_layer_per_head_layer_10_head_3,-0.19921,0.19921,0.00240
parameter_knowledge_difference_layer_10,-0.19914,0.19914,0.00241
ecs_prompt_specific_layer_per_head_layer_26_head_18,-0.19914,0.19914,0.00241
ecs_final_layer_per_head_layer_10_head_12,-0.19914,0.19914,0.00241
cas_alt_vs_final_layer_per_head_layer_20_head_0,-0.19913,0.19913,0.00241
ecs_final_layer_per_head_layer_17_head_16,-0.19911,0.19911,0.00242
cas_alt_vs_final_layer_per_head_layer_3_head_8,-0.19910,0.19910,0.00242
cas_alt_vs_final_layer_per_head_layer_10_head_4,-0.19909,0.19909,0.00242
ecs_prompt_final_layer_per_head_layer_12_head_2,-0.19908,0.19908,0.00242
cas_alt_vs_final_layer_per_head_layer_0_head_8,-0.19905,0.19905,0.00242
cas_alt_vs_final_layer_per_head_layer_2_head_22,-0.19897,0.19897,0.00243
ecs_final_layer_per_head_layer_18_head_10,-0.19897,0.19897,0.00243
ecs_final_layer_per_head_layer_12_head_15,-0.19896,0.19896,0.00244
ecs_prompt_final_layer_per_head_layer_12_head_21,-0.19894,0.19894,0.00244
ecs_final_layer_per_head_layer_4_head_11,-0.19894,0.19894,0.00244
cas_alt_vs_current_layer_per_head_layer_27_head_21,-0.19889,0.19889,0.00244
cas_alt_vs_final_layer_per_head_layer_27_head_21,-0.19889,0.19889,0.00244
ecs_prompt_final_layer_per_head_layer_9_head_20,-0.19889,0.19889,0.00244
cas_alt_vs_current_layer_per_head_layer_13_head_3,0.19885,0.19885,0.00245
ecs_final_layer_per_head_layer_14_head_0,-0.19884,0.19884,0.00245
ecs_prompt_final_layer_per_head_layer_17_head_3,-0.19883,0.19883,0.00245
ecs_final_layer_per_head_layer_1_head_13,-0.19881,0.19881,0.00245
ecs_prompt_final_layer_per_head_layer_20_head_13,-0.19881,0.19881,0.00245
cas_alt_vs_final_layer_per_head_layer_16_head_1,-0.19881,0.19881,0.00245
ecs_prompt_final_layer_per_head_layer_19_head_11,-0.19880,0.19880,0.00245
ecs_prompt_final_layer_per_head_layer_9_head_1,-0.19877,0.19877,0.00246
ecs_specific_layer_per_head_layer_26_head_19,-0.19876,0.19876,0.00246
ecs_final_layer_per_head_layer_1_head_18,-0.19875,0.19875,0.00246
ecs_final_layer_per_head_layer_6_head_6,-0.19875,0.19875,0.00246
ecs_prompt_final_layer_per_head_layer_14_head_15,-0.19872,0.19872,0.00247
ecs_final_layer_per_head_layer_6_head_17,-0.19867,0.19867,0.00247
cas_alt_vs_final_layer_per_head_layer_15_head_15,-0.19863,0.19863,0.00248
cas_alt_vs_final_layer_per_head_layer_9_head_19,-0.19863,0.19863,0.00248
cas_alt_vs_final_layer_per_head_layer_6_head_19,-0.19863,0.19863,0.00248
cas_alt_vs_final_layer_per_head_layer_11_head_10,-0.19860,0.19860,0.00248
ecs_final_layer_per_head_layer_1_head_15,-0.19859,0.19859,0.00248
cas_alt_vs_final_layer_per_head_layer_1_head_6,-0.19855,0.19855,0.00249
ecs_final_layer_per_head_layer_10_head_0,-0.19853,0.19853,0.00249
ecs_final_layer_per_head_layer_10_head_18,-0.19852,0.19852,0.00249
ecs_prompt_final_layer_per_head_layer_15_head_17,-0.19851,0.19851,0.00249
ecs_final_layer_per_head_layer_15_head_14,-0.19850,0.19850,0.00249
cas_alt_vs_final_layer_per_head_layer_27_head_20,-0.19845,0.19845,0.00250
cas_alt_vs_current_layer_per_head_layer_27_head_20,-0.19845,0.19845,0.00250
ecs_final_layer_per_head_layer_26_head_5,-0.19842,0.19842,0.00250
cas_alt_vs_final_layer_per_head_layer_25_head_1,-0.19841,0.19841,0.00250
ecs_prompt_final_layer_per_head_layer_6_head_3,-0.19840,0.19840,0.00251
ecs_final_layer_per_head_layer_23_head_8,-0.19839,0.19839,0.00251
cas_alt_vs_final_layer_per_head_layer_17_head_5,-0.19838,0.19838,0.00251
ecs_final_layer_per_head_layer_1_head_14,-0.19831,0.19831,0.00252
cas_alt_vs_final_layer_per_head_layer_6_head_13,-0.19830,0.19830,0.00252
ecs_final_layer_per_head_layer_10_head_6,-0.19828,0.19828,0.00252
ecs_prompt_final_layer_per_head_layer_3_head_17,-0.19827,0.19827,0.00252
ecs_final_layer_per_head_layer_0_head_4,-0.19823,0.19823,0.00253
cas_alt_vs_final_layer_per_head_layer_12_head_20,-0.19821,0.19821,0.00253
cas_alt_vs_final_layer_per_head_layer_0_head_12,-0.19817,0.19817,0.00254
cas_alt_vs_final_layer_per_head_layer_26_head_5,-0.19817,0.19817,0.00254
ecs_final_layer_per_head_layer_15_head_7,-0.19816,0.19816,0.00254
cas_alt_vs_current_layer_per_head_layer_26_head_16,-0.19811,0.19811,0.00254
cas_alt_vs_final_layer_per_head_layer_8_head_4,-0.19810,0.19810,0.00255
ecs_final_layer_per_head_layer_21_head_20,-0.19808,0.19808,0.00255
ecs_final_layer_per_head_layer_21_head_14,-0.19806,0.19806,0.00255
cas_alt_vs_final_layer_per_head_layer_16_head_23,-0.19804,0.19804,0.00255
ecs_prompt_final_layer_per_head_layer_0_head_18,-0.19803,0.19803,0.00255
ecs_final_layer_per_head_layer_5_head_11,-0.19802,0.19802,0.00255
cas_alt_vs_final_layer_per_head_layer_16_head_22,-0.19802,0.19802,0.00256
cas_alt_vs_current_layer_per_head_layer_27_head_23,-0.19801,0.19801,0.00256
cas_alt_vs_final_layer_per_head_layer_27_head_23,-0.19801,0.19801,0.00256
ecs_final_layer_per_head_layer_1_head_6,-0.19800,0.19800,0.00256
cas_alt_vs_final_layer_per_head_layer_8_head_20,-0.19799,0.19799,0.00256
cas_alt_vs_final_layer_per_head_layer_14_head_3,-0.19798,0.19798,0.00256
ecs_final_layer_per_head_layer_7_head_19,-0.19797,0.19797,0.00256
cas_alt_vs_final_layer_per_head_layer_7_head_4,-0.19796,0.19796,0.00256
ecs_prompt_final_layer_per_head_layer_19_head_21,-0.19791,0.19791,0.00257
cas_alt_vs_final_layer_per_head_layer_23_head_1,-0.19789,0.19789,0.00257
ecs_final_layer_per_head_layer_24_head_1,-0.19788,0.19788,0.00257
ecs_prompt_final_layer_per_head_layer_8_head_19,-0.19784,0.19784,0.00258
ecs_final_layer_per_head_layer_17_head_23,-0.19776,0.19776,0.00259
cas_alt_vs_final_layer_per_head_layer_10_head_14,-0.19772,0.19772,0.00259
ecs_final_layer_per_head_layer_16_head_2,-0.19771,0.19771,0.00260
cas_alt_vs_final_layer_per_head_layer_24_head_22,-0.19770,0.19770,0.00260
ecs_final_layer_per_head_layer_0_head_8,-0.19767,0.19767,0.00260
ecs_prompt_final_layer_per_head_layer_12_head_12,-0.19764,0.19764,0.00261
attention_entropy_per_head_layer_16_head_16,-0.19762,0.19762,0.00261
ecs_final_layer_per_head_layer_5_head_21,-0.19759,0.19759,0.00261
ecs_final_layer_per_head_layer_19_head_17,-0.19755,0.19755,0.00262
cas_alt_vs_final_layer_per_head_layer_7_head_13,-0.19754,0.19754,0.00262
ecs_final_layer_per_head_layer_7_head_3,-0.19752,0.19752,0.00262
ecs_final_layer_per_head_layer_17_head_21,-0.19752,0.19752,0.00262
cos_sim_pre_post_ffn_per_layer_layer_14,0.19750,0.19750,0.00262
ecs_final_layer_per_head_layer_25_head_12,-0.19750,0.19750,0.00262
ecs_final_layer_per_head_layer_3_head_13,-0.19749,0.19749,0.00263
ecs_final_layer_per_head_layer_6_head_20,-0.19748,0.19748,0.00263
ecs_final_layer_per_head_layer_0_head_13,-0.19748,0.19748,0.00263
ecs_prompt_final_layer_per_head_layer_15_head_19,-0.19742,0.19742,0.00264
ecs_final_layer_per_head_layer_6_head_13,-0.19739,0.19739,0.00264
ecs_final_layer_per_head_layer_19_head_7,-0.19739,0.19739,0.00264
ecs_prompt_final_layer_per_head_layer_0_head_1,-0.19736,0.19736,0.00264
ecs_prompt_final_layer_per_head_layer_2_head_7,-0.19734,0.19734,0.00265
cas_alt_vs_final_layer_per_head_layer_17_head_14,-0.19730,0.19730,0.00265
ecs_prompt_specific_layer_per_head_layer_5_head_17,0.19725,0.19725,0.00266
ecs_prompt_final_layer_per_head_layer_2_head_0,-0.19720,0.19720,0.00266
cas_alt_vs_final_layer_per_head_layer_1_head_3,-0.19718,0.19718,0.00267
cas_alt_vs_final_layer_per_head_layer_3_head_7,-0.19718,0.19718,0.00267
ecs_final_layer_per_head_layer_14_head_9,-0.19712,0.19712,0.00268
ecs_prompt_final_layer_per_head_layer_12_head_1,-0.19710,0.19710,0.00268
ecs_prompt_specific_layer_per_head_layer_14_head_14,0.19708,0.19708,0.00268
cas_alt_vs_final_layer_per_head_layer_22_head_17,-0.19708,0.19708,0.00268
cas_alt_vs_current_layer_per_head_layer_14_head_12,0.19702,0.19702,0.00269
cas_alt_vs_current_layer_per_head_layer_14_head_16,0.19699,0.19699,0.00269
attention_entropy_per_head_layer_22_head_19,-0.19697,0.19697,0.00270
ecs_final_layer_per_head_layer_2_head_10,-0.19695,0.19695,0.00270
cas_alt_vs_final_layer_per_head_layer_14_head_0,-0.19695,0.19695,0.00270
ecs_prompt_final_layer_per_head_layer_19_head_22,-0.19694,0.19694,0.00270
ecs_final_layer_per_head_layer_8_head_4,-0.19694,0.19694,0.00270
bos_attention_proportion_per_head_layer_20_head_14,0.19693,0.19693,0.00270
cas_alt_vs_final_layer_per_head_layer_3_head_14,-0.19691,0.19691,0.00270
cas_alt_vs_final_layer_per_head_layer_2_head_12,-0.19691,0.19691,0.00271
ecs_final_layer_per_head_layer_2_head_5,-0.19688,0.19688,0.00271
ecs_prompt_final_layer_per_head_layer_4_head_13,-0.19684,0.19684,0.00271
ecs_prompt_final_layer_per_head_layer_1_head_0,-0.19683,0.19683,0.00272
ecs_final_layer_per_head_layer_12_head_10,-0.19683,0.19683,0.00272
cas_alt_vs_final_layer_per_head_layer_14_head_9,-0.19679,0.19679,0.00272
cas_alt_vs_current_layer_per_head_layer_14_head_15,0.19676,0.19676,0.00273
cas_alt_vs_final_layer_per_head_layer_10_head_23,-0.19673,0.19673,0.00273
ecs_final_layer_per_head_layer_21_head_7,-0.19668,0.19668,0.00274
ecs_final_layer_per_head_layer_2_head_9,-0.19660,0.19660,0.00275
ecs_final_layer_per_head_layer_0_head_20,-0.19658,0.19658,0.00275
ecs_final_layer_per_head_layer_23_head_15,-0.19657,0.19657,0.00275
cas_alt_vs_final_layer_per_head_layer_19_head_3,-0.19656,0.19656,0.00275
cas_alt_vs_final_layer_per_head_layer_5_head_10,-0.19654,0.19654,0.00276
ecs_prompt_final_layer_per_head_layer_5_head_22,-0.19653,0.19653,0.00276
ecs_final_layer_per_head_layer_11_head_21,-0.19653,0.19653,0.00276
ecs_prompt_specific_layer_per_head_layer_4_head_17,0.19651,0.19651,0.00276
cas_alt_vs_final_layer_per_head_layer_5_head_23,-0.19643,0.19643,0.00277
ecs_final_layer_per_head_layer_7_head_12,-0.19642,0.19642,0.00277
cas_vs_current_layer_per_head_layer_23_head_2,-0.19639,0.19639,0.00278
cas_alt_vs_final_layer_per_head_layer_9_head_15,-0.19637,0.19637,0.00278
cas_alt_vs_final_layer_per_head_layer_17_head_20,-0.19636,0.19636,0.00278
cas_alt_vs_final_layer_per_head_layer_17_head_15,-0.19635,0.19635,0.00278
ecs_final_layer_per_head_layer_11_head_10,-0.19635,0.19635,0.00278
cas_alt_vs_final_layer_per_head_layer_23_head_15,-0.19632,0.19632,0.00279
cas_alt_vs_final_layer_per_head_layer_20_head_15,-0.19628,0.19628,0.00279
ecs_prompt_final_layer_per_head_layer_13_head_17,-0.19626,0.19626,0.00280
ecs_final_layer_per_head_layer_9_head_7,-0.19625,0.19625,0.00280
ecs_final_layer_per_head_layer_27_head_2,-0.19625,0.19625,0.00280
ecs_specific_layer_per_head_layer_27_head_2,-0.19625,0.19625,0.00280
ecs_final_layer_per_head_layer_3_head_12,-0.19625,0.19625,0.00280
ecs_final_layer_per_head_layer_8_head_12,-0.19624,0.19624,0.00280
ecs_prompt_final_layer_per_head_layer_1_head_12,-0.19622,0.19622,0.00280
ecs_final_layer_per_head_layer_3_head_4,-0.19620,0.19620,0.00281
ecs_prompt_final_layer_per_head_layer_3_head_15,-0.19617,0.19617,0.00281
ecs_final_layer_per_head_layer_15_head_17,-0.19617,0.19617,0.00281
attention_entropy_per_head_layer_27_head_23,-0.19616,0.19616,0.00281
ecs_final_layer_per_head_layer_11_head_13,-0.19610,0.19610,0.00282
bos_attention_proportion_per_head_layer_16_head_12,-0.19607,0.19607,0.00282
ecs_final_layer_per_head_layer_17_head_20,-0.19606,0.19606,0.00282
ecs_prompt_final_layer_per_head_layer_2_head_2,-0.19605,0.19605,0.00283
cas_alt_vs_final_layer_per_head_layer_19_head_20,-0.19604,0.19604,0.00283
ecs_final_layer_per_head_layer_16_head_10,-0.19602,0.19602,0.00283
ecs_final_layer_per_head_layer_8_head_22,-0.19601,0.19601,0.00283
ecs_final_layer_per_head_layer_19_head_3,-0.19599,0.19599,0.00283
cas_alt_vs_current_layer_per_head_layer_13_head_15,0.19593,0.19593,0.00284
ecs_final_layer_per_head_layer_3_head_5,-0.19590,0.19590,0.00285
ecs_final_layer_per_head_layer_3_head_3,-0.19589,0.19589,0.00285
cas_alt_vs_final_layer_per_head_layer_10_head_8,-0.19585,0.19585,0.00285
cas_alt_vs_final_layer_per_head_layer_10_head_19,-0.19576,0.19576,0.00287
bos_attention_proportion_per_head_layer_3_head_11,0.19570,0.19570,0.00288
ecs_prompt_specific_layer_per_head_layer_26_head_2,-0.19569,0.19569,0.00288
ecs_final_layer_per_head_layer_1_head_3,-0.19568,0.19568,0.00288
ecs_prompt_specific_layer_per_head_layer_27_head_13,-0.19568,0.19568,0.00288
ecs_prompt_final_layer_per_head_layer_27_head_13,-0.19568,0.19568,0.00288
ecs_final_layer_per_head_layer_18_head_2,-0.19568,0.19568,0.00288
ecs_final_layer_per_head_layer_18_head_12,-0.19567,0.19567,0.00288
ecs_prompt_final_layer_per_head_layer_1_head_3,-0.19564,0.19564,0.00289
ecs_final_layer_per_head_layer_20_head_19,-0.19562,0.19562,0.00289
cas_alt_vs_final_layer_per_head_layer_25_head_19,-0.19562,0.19562,0.00289
ecs_prompt_final_layer_per_head_layer_26_head_7,-0.19560,0.19560,0.00289
ecs_final_layer_per_head_layer_8_head_1,-0.19560,0.19560,0.00289
ecs_prompt_final_layer_per_head_layer_13_head_1,-0.19560,0.19560,0.00289
cos_sim_pre_post_ffn_per_layer_layer_27,0.19559,0.19559,0.00289
cas_alt_vs_final_layer_per_head_layer_19_head_5,-0.19558,0.19558,0.00289
cas_alt_vs_final_layer_per_head_layer_23_head_13,-0.19558,0.19558,0.00289
cas_alt_vs_final_layer_per_head_layer_13_head_7,-0.19557,0.19557,0.00290
cas_alt_vs_final_layer_per_head_layer_2_head_0,-0.19556,0.19556,0.00290
ecs_final_layer_per_head_layer_5_head_5,-0.19556,0.19556,0.00290
cas_alt_vs_final_layer_per_head_layer_20_head_19,-0.19552,0.19552,0.00290
ecs_final_layer_per_head_layer_1_head_2,-0.19552,0.19552,0.00290
ecs_final_layer_per_head_layer_11_head_11,-0.19550,0.19550,0.00291
ecs_prompt_final_layer_per_head_layer_21_head_2,-0.19546,0.19546,0.00291
ecs_final_layer_per_head_layer_27_head_6,-0.19546,0.19546,0.00291
ecs_specific_layer_per_head_layer_27_head_6,-0.19546,0.19546,0.00291
ecs_prompt_final_layer_per_head_layer_1_head_20,-0.19545,0.19545,0.00291
ecs_prompt_final_layer_per_head_layer_12_head_16,-0.19543,0.19543,0.00292
bos_attention_proportion_per_head_layer_7_head_22,0.19538,0.19538,0.00292
ecs_final_layer_per_head_layer_12_head_18,-0.19538,0.19538,0.00292
cas_alt_vs_final_layer_per_head_layer_25_head_4,-0.19537,0.19537,0.00292
cas_alt_vs_final_layer_per_head_layer_14_head_4,-0.19537,0.19537,0.00293
ecs_prompt_final_layer_per_head_layer_17_head_11,-0.19534,0.19534,0.00293
ecs_specific_layer_per_head_layer_26_head_18,-0.19532,0.19532,0.00293
ecs_prompt_final_layer_per_head_layer_2_head_20,-0.19532,0.19532,0.00293
ecs_prompt_final_layer_per_head_layer_0_head_0,-0.19531,0.19531,0.00293
ecs_final_layer_per_head_layer_8_head_10,-0.19529,0.19529,0.00294
ecs_final_layer_per_head_layer_7_head_18,-0.19528,0.19528,0.00294
ecs_final_layer_per_head_layer_21_head_3,-0.19527,0.19527,0.00294
ecs_final_layer_per_head_layer_2_head_7,-0.19525,0.19525,0.00294
ecs_final_layer_per_head_layer_20_head_15,-0.19525,0.19525,0.00294
cas_alt_vs_current_layer_per_head_layer_11_head_20,0.19525,0.19525,0.00294
ecs_prompt_final_layer_per_head_layer_24_head_7,-0.19520,0.19520,0.00295
ecs_final_layer_per_head_layer_19_head_4,-0.19520,0.19520,0.00295
cas_alt_vs_final_layer_per_head_layer_24_head_18,-0.19520,0.19520,0.00295
ecs_final_layer_per_head_layer_0_head_2,-0.19519,0.19519,0.00295
ecs_prompt_final_layer_per_head_layer_18_head_22,-0.19516,0.19516,0.00296
cas_alt_vs_final_layer_per_head_layer_9_head_13,-0.19515,0.19515,0.00296
attention_entropy_per_head_layer_8_head_4,-0.19514,0.19514,0.00296
attention_entropy_per_head_layer_15_head_12,-0.19514,0.19514,0.00296
ecs_specific_layer_per_head_layer_27_head_11,-0.19513,0.19513,0.00296
ecs_final_layer_per_head_layer_27_head_11,-0.19513,0.19513,0.00296
ecs_final_layer_per_head_layer_24_head_18,-0.19511,0.19511,0.00296
ecs_final_layer_per_head_layer_4_head_20,-0.19510,0.19510,0.00296
ecs_prompt_final_layer_per_head_layer_13_head_2,-0.19510,0.19510,0.00296
ecs_final_layer_per_head_layer_16_head_6,-0.19508,0.19508,0.00297
ecs_final_layer_per_head_layer_15_head_8,-0.19504,0.19504,0.00297
ecs_final_layer_per_head_layer_20_head_2,-0.19503,0.19503,0.00298
ecs_final_layer_per_head_layer_0_head_10,-0.19500,0.19500,0.00298
cas_alt_vs_current_layer_per_head_layer_14_head_19,0.19492,0.19492,0.00299
ecs_final_layer_per_head_layer_17_head_0,-0.19490,0.19490,0.00300
ecs_prompt_final_layer_per_head_layer_13_head_14,-0.19488,0.19488,0.00300
ecs_final_layer_per_head_layer_2_head_2,-0.19487,0.19487,0.00300
ecs_final_layer_per_head_layer_7_head_5,-0.19482,0.19482,0.00301
ecs_prompt_final_layer_per_head_layer_20_head_19,-0.19482,0.19482,0.00301
ecs_final_layer_per_head_layer_11_head_16,-0.19480,0.19480,0.00301
ecs_final_layer_per_head_layer_16_head_7,-0.19479,0.19479,0.00301
cas_alt_vs_final_layer_per_head_layer_8_head_3,-0.19479,0.19479,0.00301
ecs_final_layer_per_head_layer_19_head_5,-0.19476,0.19476,0.00302
ecs_prompt_final_layer_per_head_layer_8_head_15,-0.19473,0.19473,0.00302
bos_attention_proportion_per_head_layer_8_head_18,0.19473,0.19473,0.00302
ecs_prompt_final_layer_per_head_layer_3_head_8,-0.19472,0.19472,0.00302
cas_alt_vs_final_layer_per_head_layer_8_head_10,-0.19472,0.19472,0.00302
attention_entropy_per_head_layer_25_head_1,-0.19472,0.19472,0.00302
cas_alt_vs_final_layer_per_head_layer_12_head_21,-0.19465,0.19465,0.00303
ecs_prompt_final_layer_per_head_layer_18_head_10,-0.19461,0.19461,0.00304
ecs_prompt_specific_layer_per_head_layer_6_head_1,0.19458,0.19458,0.00304
ecs_final_layer_per_head_layer_18_head_13,-0.19455,0.19455,0.00305
ecs_final_layer_per_head_layer_14_head_2,-0.19455,0.19455,0.00305
cas_alt_vs_final_layer_per_head_layer_4_head_14,-0.19455,0.19455,0.00305
cas_alt_vs_final_layer_per_head_layer_4_head_12,-0.19454,0.19454,0.00305
ecs_prompt_final_layer_per_head_layer_21_head_22,-0.19453,0.19453,0.00305
ecs_final_layer_per_head_layer_13_head_7,-0.19452,0.19452,0.00305
ecs_final_layer_per_head_layer_22_head_21,-0.19451,0.19451,0.00305
ecs_final_layer_per_head_layer_11_head_5,-0.19450,0.19450,0.00306
cas_alt_vs_final_layer_per_head_layer_7_head_10,-0.19448,0.19448,0.00306
cas_alt_vs_final_layer_per_head_layer_22_head_7,-0.19442,0.19442,0.00307
ecs_final_layer_per_head_layer_4_head_0,-0.19442,0.19442,0.00307
ecs_prompt_final_layer_per_head_layer_8_head_18,-0.19439,0.19439,0.00307
cas_alt_vs_final_layer_per_head_layer_5_head_20,-0.19438,0.19438,0.00308
ecs_final_layer_per_head_layer_8_head_3,-0.19438,0.19438,0.00308
ecs_prompt_final_layer_per_head_layer_12_head_8,-0.19437,0.19437,0.00308
cas_alt_vs_final_layer_per_head_layer_9_head_14,-0.19434,0.19434,0.00308
ecs_final_layer_per_head_layer_1_head_8,-0.19433,0.19433,0.00308
cas_alt_vs_final_layer_per_head_layer_16_head_11,-0.19432,0.19432,0.00308
ecs_final_layer_per_head_layer_6_head_23,-0.19429,0.19429,0.00309
cas_alt_vs_final_layer_per_head_layer_22_head_5,-0.19424,0.19424,0.00310
cas_alt_vs_final_layer_per_head_layer_18_head_22,-0.19423,0.19423,0.00310
cas_alt_vs_final_layer_per_head_layer_4_head_18,-0.19422,0.19422,0.00310
cas_alt_vs_final_layer_per_head_layer_0_head_6,-0.19419,0.19419,0.00310
cas_alt_vs_final_layer_per_head_layer_11_head_22,-0.19418,0.19418,0.00311
cas_alt_vs_final_layer_per_head_layer_0_head_19,-0.19413,0.19413,0.00311
cas_alt_vs_final_layer_per_head_layer_26_head_7,-0.19408,0.19408,0.00312
cas_alt_vs_final_layer_per_head_layer_8_head_21,-0.19405,0.19405,0.00313
ecs_final_layer_per_head_layer_22_head_19,-0.19404,0.19404,0.00313
cas_alt_vs_final_layer_per_head_layer_2_head_8,-0.19402,0.19402,0.00313
ecs_final_layer_per_head_layer_20_head_5,-0.19400,0.19400,0.00313
cas_alt_vs_final_layer_per_head_layer_1_head_8,-0.19400,0.19400,0.00313
ecs_final_layer_per_head_layer_26_head_17,-0.19398,0.19398,0.00314
ecs_prompt_final_layer_per_head_layer_14_head_0,-0.19391,0.19391,0.00315
cas_alt_vs_final_layer_per_head_layer_3_head_13,-0.19390,0.19390,0.00315
ecs_prompt_final_layer_per_head_layer_14_head_19,-0.19386,0.19386,0.00316
cas_alt_vs_final_layer_per_head_layer_1_head_15,-0.19382,0.19382,0.00316
ecs_final_layer_per_head_layer_17_head_17,-0.19381,0.19381,0.00316
cas_alt_vs_current_layer_per_head_layer_14_head_11,0.19376,0.19376,0.00317
cas_alt_vs_final_layer_per_head_layer_19_head_4,-0.19372,0.19372,0.00318
ecs_final_layer_per_head_layer_7_head_6,-0.19371,0.19371,0.00318
ecs_final_layer_per_head_layer_16_head_23,-0.19371,0.19371,0.00318
ecs_final_layer_per_head_layer_10_head_8,-0.19369,0.19369,0.00318
cas_alt_vs_final_layer_per_head_layer_3_head_12,-0.19369,0.19369,0.00318
cas_alt_vs_final_layer_per_head_layer_27_head_3,-0.19368,0.19368,0.00319
cas_alt_vs_current_layer_per_head_layer_27_head_3,-0.19368,0.19368,0.00319
cas_alt_vs_final_layer_per_head_layer_15_head_17,-0.19366,0.19366,0.00319
cas_alt_vs_final_layer_per_head_layer_17_head_1,-0.19365,0.19365,0.00319
ecs_prompt_final_layer_per_head_layer_23_head_21,-0.19363,0.19363,0.00319
cas_alt_vs_final_layer_per_head_layer_19_head_21,-0.19362,0.19362,0.00319
cas_alt_vs_final_layer_per_head_layer_6_head_8,-0.19356,0.19356,0.00320
ecs_prompt_final_layer_per_head_layer_0_head_19,-0.19355,0.19355,0.00321
ecs_final_layer_per_head_layer_4_head_14,-0.19355,0.19355,0.00321
cas_alt_vs_current_layer_per_head_layer_27_head_2,-0.19354,0.19354,0.00321
cas_alt_vs_final_layer_per_head_layer_27_head_2,-0.19354,0.19354,0.00321
ecs_prompt_final_layer_per_head_layer_21_head_21,-0.19353,0.19353,0.00321
ecs_final_layer_per_head_layer_26_head_10,-0.19351,0.19351,0.00321
bos_attention_proportion_per_head_layer_10_head_17,0.19348,0.19348,0.00322
ecs_specific_layer_per_head_layer_4_head_23,-0.19345,0.19345,0.00322
cas_alt_vs_final_layer_per_head_layer_11_head_5,-0.19345,0.19345,0.00322
ecs_final_layer_per_head_layer_6_head_1,-0.19344,0.19344,0.00322
cas_alt_vs_final_layer_per_head_layer_11_head_8,-0.19342,0.19342,0.00323
ecs_final_layer_per_head_layer_1_head_0,-0.19339,0.19339,0.00323
ecs_final_layer_per_head_layer_15_head_23,-0.19337,0.19337,0.00324
ecs_final_layer_per_head_layer_21_head_5,-0.19335,0.19335,0.00324
cas_alt_vs_final_layer_per_head_layer_12_head_13,-0.19334,0.19334,0.00324
cas_alt_vs_final_layer_per_head_layer_6_head_5,-0.19327,0.19327,0.00325
cas_alt_vs_final_layer_per_head_layer_10_head_22,-0.19318,0.19318,0.00327
cas_alt_vs_current_layer_per_head_layer_11_head_21,0.19316,0.19316,0.00327
ecs_prompt_final_layer_per_head_layer_19_head_4,-0.19315,0.19315,0.00327
ecs_final_layer_per_head_layer_26_head_6,-0.19313,0.19313,0.00327
ecs_final_layer_per_head_layer_5_head_18,-0.19311,0.19311,0.00328
ecs_prompt_final_layer_per_head_layer_16_head_12,-0.19310,0.19310,0.00328
bos_attention_proportion_per_head_layer_16_head_16,0.19310,0.19310,0.00328
cas_alt_vs_final_layer_per_head_layer_21_head_6,-0.19309,0.19309,0.00328
cas_alt_vs_final_layer_per_head_layer_21_head_5,-0.19308,0.19308,0.00328
cas_alt_vs_final_layer_per_head_layer_24_head_8,-0.19307,0.19307,0.00328
ecs_final_layer_per_head_layer_18_head_22,-0.19305,0.19305,0.00329
cas_alt_vs_final_layer_per_head_layer_1_head_16,-0.19303,0.19303,0.00329
cas_alt_vs_final_layer_per_head_layer_19_head_11,-0.19298,0.19298,0.00330
ecs_final_layer_per_head_layer_3_head_8,-0.19295,0.19295,0.00330
cas_alt_vs_final_layer_per_head_layer_15_head_14,-0.19293,0.19293,0.00331
ecs_final_layer_per_head_layer_22_head_17,-0.19289,0.19289,0.00331
cas_alt_vs_final_layer_per_head_layer_19_head_19,-0.19288,0.19288,0.00332
cas_alt_vs_final_layer_per_head_layer_6_head_20,-0.19285,0.19285,0.00332
ecs_prompt_final_layer_per_head_layer_16_head_17,-0.19285,0.19285,0.00332
v_ffn_norm_per_layer_layer_2,0.19282,0.19282,0.00333
ecs_final_layer_per_head_layer_14_head_17,-0.19279,0.19279,0.00333
ecs_final_layer_per_head_layer_5_head_7,-0.19276,0.19276,0.00334
cos_sim_input_post_ffn_per_layer_layer_11,0.19272,0.19272,0.00334
cas_alt_vs_final_layer_per_head_layer_4_head_0,-0.19269,0.19269,0.00335
ecs_final_layer_per_head_layer_17_head_1,-0.19268,0.19268,0.00335
cas_alt_vs_final_layer_per_head_layer_23_head_6,-0.19267,0.19267,0.00335
ecs_prompt_final_layer_per_head_layer_2_head_15,-0.19265,0.19265,0.00335
cas_alt_vs_final_layer_per_head_layer_22_head_22,-0.19265,0.19265,0.00335
ecs_final_layer_per_head_layer_8_head_7,-0.19265,0.19265,0.00335
cas_alt_vs_final_layer_per_head_layer_0_head_23,-0.19264,0.19264,0.00336
ecs_final_layer_per_head_layer_21_head_23,-0.19264,0.19264,0.00336
cas_alt_vs_final_layer_per_head_layer_1_head_1,-0.19262,0.19262,0.00336
cas_alt_vs_final_layer_per_head_layer_9_head_7,-0.19260,0.19260,0.00336
ecs_final_layer_per_head_layer_14_head_14,-0.19257,0.19257,0.00337
ecs_final_layer_per_head_layer_10_head_14,-0.19256,0.19256,0.00337
ecs_final_layer_per_head_layer_24_head_7,-0.19256,0.19256,0.00337
cas_alt_vs_final_layer_per_head_layer_7_head_3,-0.19256,0.19256,0.00337
ecs_prompt_final_layer_per_head_layer_1_head_19,-0.19254,0.19254,0.00337
ecs_final_layer_per_head_layer_1_head_20,-0.19254,0.19254,0.00337
cas_alt_vs_final_layer_per_head_layer_22_head_3,-0.19252,0.19252,0.00338
ecs_final_layer_per_head_layer_10_head_1,-0.19250,0.19250,0.00338
ecs_final_layer_per_head_layer_5_head_13,-0.19247,0.19247,0.00338
ecs_final_layer_per_head_layer_24_head_2,-0.19245,0.19245,0.00339
cas_alt_vs_final_layer_per_head_layer_2_head_13,-0.19244,0.19244,0.00339
cas_alt_vs_final_layer_per_head_layer_15_head_13,-0.19244,0.19244,0.00339
cas_alt_vs_final_layer_per_head_layer_0_head_2,-0.19237,0.19237,0.00340
ecs_final_layer_per_head_layer_2_head_20,-0.19237,0.19237,0.00340
cas_alt_vs_current_layer_per_head_layer_27_head_10,-0.19237,0.19237,0.00340
cas_alt_vs_final_layer_per_head_layer_27_head_10,-0.19237,0.19237,0.00340
ecs_final_layer_per_head_layer_0_head_1,-0.19236,0.19236,0.00340
ecs_final_layer_per_head_layer_7_head_4,-0.19234,0.19234,0.00341
cas_alt_vs_final_layer_per_head_layer_20_head_2,-0.19230,0.19230,0.00341
ecs_final_layer_per_head_layer_0_head_18,-0.19229,0.19229,0.00341
cas_alt_vs_final_layer_per_head_layer_1_head_11,-0.19228,0.19228,0.00342
ecs_prompt_final_layer_per_head_layer_16_head_7,-0.19227,0.19227,0.00342
cas_alt_vs_final_layer_per_head_layer_22_head_19,-0.19225,0.19225,0.00342
cas_alt_vs_final_layer_per_head_layer_11_head_11,-0.19223,0.19223,0.00342
cas_alt_vs_final_layer_per_head_layer_21_head_13,-0.19222,0.19222,0.00343
ecs_prompt_final_layer_per_head_layer_4_head_8,-0.19222,0.19222,0.00343
cas_alt_vs_current_layer_per_head_layer_14_head_23,0.19220,0.19220,0.00343
cas_alt_vs_final_layer_per_head_layer_12_head_5,-0.19220,0.19220,0.00343
cas_alt_vs_final_layer_per_head_layer_1_head_7,-0.19220,0.19220,0.00343
ecs_final_layer_per_head_layer_18_head_3,-0.19220,0.19220,0.00343
ecs_final_layer_per_head_layer_22_head_7,-0.19209,0.19209,0.00345
bos_attention_proportion_per_head_layer_9_head_19,-0.19207,0.19207,0.00345
ecs_final_layer_per_head_layer_6_head_8,-0.19207,0.19207,0.00345
ecs_final_layer_per_head_layer_2_head_0,-0.19207,0.19207,0.00345
ecs_prompt_final_layer_per_head_layer_3_head_10,-0.19205,0.19205,0.00346
cas_alt_vs_final_layer_per_head_layer_8_head_7,-0.19202,0.19202,0.00346
bos_attention_proportion_per_head_layer_25_head_7,-0.19200,0.19200,0.00346
ecs_final_layer_per_head_layer_15_head_22,-0.19196,0.19196,0.00347
cas_alt_vs_final_layer_per_head_layer_3_head_18,-0.19192,0.19192,0.00348
cas_alt_vs_final_layer_per_head_layer_13_head_10,-0.19189,0.19189,0.00348
x_pre_ffn_norm_per_layer_layer_7,-0.19186,0.19186,0.00349
cas_alt_vs_final_layer_per_head_layer_22_head_8,-0.19186,0.19186,0.00349
ecs_final_layer_per_head_layer_12_head_22,-0.19185,0.19185,0.00349
cas_alt_vs_current_layer_per_head_layer_11_head_12,0.19183,0.19183,0.00349
cas_alt_vs_final_layer_per_head_layer_5_head_5,-0.19182,0.19182,0.00350
bos_attention_proportion_per_head_layer_3_head_13,0.19181,0.19181,0.00350
ecs_final_layer_per_head_layer_15_head_1,-0.19177,0.19177,0.00350
cas_alt_vs_final_layer_per_head_layer_4_head_20,-0.19177,0.19177,0.00350
ecs_final_layer_per_head_layer_2_head_12,-0.19177,0.19177,0.00350
ecs_final_layer_per_head_layer_14_head_20,-0.19173,0.19173,0.00351
cas_alt_vs_final_layer_per_head_layer_13_head_3,-0.19171,0.19171,0.00352
cas_alt_vs_final_layer_per_head_layer_17_head_22,-0.19170,0.19170,0.00352
bos_attention_proportion_per_head_layer_3_head_10,0.19167,0.19167,0.00352
cas_alt_vs_final_layer_per_head_layer_2_head_19,-0.19166,0.19166,0.00352
ecs_final_layer_per_head_layer_14_head_12,-0.19161,0.19161,0.00353
ecs_prompt_final_layer_per_head_layer_20_head_21,-0.19160,0.19160,0.00353
ecs_final_layer_per_head_layer_16_head_17,-0.19156,0.19156,0.00354
ecs_final_layer_per_head_layer_1_head_12,-0.19153,0.19153,0.00355
cas_alt_vs_final_layer_per_head_layer_22_head_0,-0.19152,0.19152,0.00355
cas_alt_vs_current_layer_per_head_layer_11_head_6,0.19151,0.19151,0.00355
ecs_prompt_final_layer_per_head_layer_19_head_16,-0.19145,0.19145,0.00356
ecs_final_layer_per_head_layer_22_head_1,-0.19145,0.19145,0.00356
cas_alt_vs_final_layer_per_head_layer_5_head_4,-0.19144,0.19144,0.00356
ecs_final_layer_per_head_layer_0_head_11,-0.19144,0.19144,0.00356
bos_attention_proportion_per_head_layer_23_head_3,0.19143,0.19143,0.00356
ecs_final_layer_per_head_layer_3_head_2,-0.19142,0.19142,0.00357
ecs_final_layer_per_head_layer_20_head_14,-0.19140,0.19140,0.00357
cas_alt_vs_final_layer_per_head_layer_4_head_19,-0.19138,0.19138,0.00357
ecs_prompt_specific_layer_per_head_layer_25_head_10,-0.19138,0.19138,0.00357
ecs_final_layer_per_head_layer_24_head_0,-0.19134,0.19134,0.00358
cas_alt_vs_final_layer_per_head_layer_12_head_19,-0.19132,0.19132,0.00358
cas_alt_vs_final_layer_per_head_layer_8_head_16,-0.19131,0.19131,0.00359
cas_alt_vs_final_layer_per_head_layer_13_head_18,-0.19123,0.19123,0.00360
cas_alt_vs_final_layer_per_head_layer_2_head_6,-0.19120,0.19120,0.00360
cas_alt_vs_final_layer_per_head_layer_1_head_20,-0.19119,0.19119,0.00361
ecs_prompt_final_layer_per_head_layer_12_head_6,-0.19118,0.19118,0.00361
ecs_final_layer_per_head_layer_23_head_5,-0.19116,0.19116,0.00361
cas_alt_vs_final_layer_per_head_layer_1_head_19,-0.19116,0.19116,0.00361
ecs_final_layer_per_head_layer_27_head_12,-0.19109,0.19109,0.00362
ecs_specific_layer_per_head_layer_27_head_12,-0.19109,0.19109,0.00362
ecs_prompt_specific_layer_per_head_layer_8_head_16,0.19108,0.19108,0.00363
cas_alt_vs_final_layer_per_head_layer_21_head_3,-0.19099,0.19099,0.00364
cas_alt_vs_final_layer_per_head_layer_5_head_22,-0.19099,0.19099,0.00364
cas_alt_vs_final_layer_per_head_layer_3_head_3,-0.19097,0.19097,0.00365
ecs_final_layer_per_head_layer_24_head_8,-0.19097,0.19097,0.00365
ecs_final_layer_per_head_layer_22_head_15,-0.19094,0.19094,0.00365
ecs_final_layer_per_head_layer_8_head_5,-0.19089,0.19089,0.00366
ecs_prompt_final_layer_per_head_layer_18_head_16,-0.19088,0.19088,0.00366
ecs_prompt_specific_layer_per_head_layer_3_head_20,0.19087,0.19087,0.00367
ecs_prompt_final_layer_per_head_layer_26_head_23,-0.19084,0.19084,0.00367
ecs_final_layer_per_head_layer_4_head_18,-0.19081,0.19081,0.00368
cas_alt_vs_final_layer_per_head_layer_0_head_16,-0.19081,0.19081,0.00368
cas_alt_vs_current_layer_per_head_layer_26_head_0,-0.19077,0.19077,0.00368
ecs_final_layer_per_head_layer_24_head_10,-0.19077,0.19077,0.00368
ecs_final_layer_per_head_layer_2_head_13,-0.19076,0.19076,0.00369
ecs_prompt_specific_layer_per_head_layer_6_head_2,0.19073,0.19073,0.00369
ecs_prompt_final_layer_per_head_layer_0_head_15,-0.19069,0.19069,0.00370
ecs_final_layer_per_head_layer_7_head_20,-0.19062,0.19062,0.00371
ecs_final_layer_per_head_layer_4_head_19,-0.19060,0.19060,0.00371
cas_alt_vs_current_layer_per_head_layer_11_head_2,0.19058,0.19058,0.00372
ecs_prompt_final_layer_per_head_layer_26_head_10,-0.19051,0.19051,0.00373
cas_alt_vs_final_layer_per_head_layer_19_head_17,-0.19044,0.19044,0.00374
ecs_final_layer_per_head_layer_22_head_8,-0.19042,0.19042,0.00375
ecs_final_layer_per_head_layer_4_head_16,-0.19042,0.19042,0.00375
cas_alt_vs_final_layer_per_head_layer_15_head_8,-0.19041,0.19041,0.00375
ecs_final_layer_per_head_layer_10_head_2,-0.19039,0.19039,0.00375
ecs_final_layer_per_head_layer_22_head_18,-0.19039,0.19039,0.00375
ecs_prompt_final_layer_per_head_layer_13_head_21,-0.19037,0.19037,0.00376
ecs_final_layer_per_head_layer_17_head_12,-0.19036,0.19036,0.00376
cas_alt_vs_final_layer_per_head_layer_4_head_2,-0.19035,0.19035,0.00376
cas_alt_vs_final_layer_per_head_layer_11_head_16,-0.19032,0.19032,0.00377
ecs_final_layer_per_head_layer_21_head_18,-0.19029,0.19029,0.00377
ecs_prompt_specific_layer_per_head_layer_5_head_6,0.19025,0.19025,0.00378
ecs_prompt_specific_layer_per_head_layer_26_head_12,-0.19025,0.19025,0.00378
ecs_prompt_specific_layer_per_head_layer_7_head_14,0.19020,0.19020,0.00379
ecs_final_layer_per_head_layer_25_head_3,-0.19017,0.19017,0.00379
ecs_final_layer_per_head_layer_1_head_1,-0.19016,0.19016,0.00380
cas_alt_vs_final_layer_per_head_layer_17_head_16,-0.19010,0.19010,0.00381
cas_alt_vs_final_layer_per_head_layer_14_head_22,-0.19009,0.19009,0.00381
cas_alt_vs_final_layer_per_head_layer_1_head_0,-0.19009,0.19009,0.00381
cas_alt_vs_final_layer_per_head_layer_9_head_20,-0.19004,0.19004,0.00382
ecs_final_layer_per_head_layer_16_head_16,-0.19002,0.19002,0.00382
cas_alt_vs_current_layer_per_head_layer_11_head_13,0.18995,0.18995,0.00384
cas_alt_vs_final_layer_per_head_layer_14_head_7,-0.18994,0.18994,0.00384
ecs_prompt_final_layer_per_head_layer_6_head_21,-0.18994,0.18994,0.00384
ecs_final_layer_per_head_layer_26_head_11,-0.18990,0.18990,0.00385
cas_alt_vs_current_layer_per_head_layer_14_head_13,0.18985,0.18985,0.00385
cas_alt_vs_final_layer_per_head_layer_22_head_1,-0.18982,0.18982,0.00386
cas_alt_vs_final_layer_per_head_layer_26_head_6,-0.18981,0.18981,0.00386
ecs_final_layer_per_head_layer_5_head_20,-0.18980,0.18980,0.00386
cas_alt_vs_final_layer_per_head_layer_8_head_5,-0.18980,0.18980,0.00386
ecs_prompt_final_layer_per_head_layer_21_head_16,-0.18976,0.18976,0.00387
cas_alt_vs_final_layer_per_head_layer_7_head_22,-0.18970,0.18970,0.00388
ecs_prompt_final_layer_per_head_layer_20_head_5,-0.18966,0.18966,0.00389
ecs_prompt_final_layer_per_head_layer_14_head_13,-0.18965,0.18965,0.00389
cas_alt_vs_final_layer_per_head_layer_8_head_13,-0.18963,0.18963,0.00390
cas_alt_vs_final_layer_per_head_layer_21_head_23,-0.18954,0.18954,0.00391
ecs_prompt_final_layer_per_head_layer_19_head_23,-0.18953,0.18953,0.00391
ecs_final_layer_per_head_layer_10_head_15,-0.18951,0.18951,0.00392
ecs_prompt_final_layer_per_head_layer_26_head_11,-0.18951,0.18951,0.00392
cas_alt_vs_current_layer_per_head_layer_18_head_7,0.18951,0.18951,0.00392
ecs_prompt_final_layer_per_head_layer_18_head_18,-0.18950,0.18950,0.00392
ecs_final_layer_per_head_layer_26_head_9,-0.18947,0.18947,0.00393
ecs_final_layer_per_head_layer_22_head_23,-0.18942,0.18942,0.00394
cas_alt_vs_final_layer_per_head_layer_5_head_2,-0.18941,0.18941,0.00394
ecs_prompt_specific_layer_per_head_layer_26_head_3,-0.18940,0.18940,0.00394
cas_alt_vs_current_layer_per_head_layer_11_head_17,0.18936,0.18936,0.00395
ecs_final_layer_per_head_layer_0_head_0,-0.18930,0.18930,0.00396
ecs_prompt_final_layer_per_head_layer_20_head_3,-0.18927,0.18927,0.00397
cas_alt_vs_final_layer_per_head_layer_6_head_14,-0.18927,0.18927,0.00397
ecs_prompt_final_layer_per_head_layer_15_head_3,-0.18920,0.18920,0.00398
bos_attention_proportion_per_head_layer_21_head_10,-0.18919,0.18919,0.00398
ecs_prompt_final_layer_per_head_layer_20_head_22,-0.18919,0.18919,0.00398
cas_alt_vs_final_layer_per_head_layer_3_head_1,-0.18911,0.18911,0.00400
cas_alt_vs_final_layer_per_head_layer_1_head_14,-0.18908,0.18908,0.00400
ecs_final_layer_per_head_layer_4_head_2,-0.18905,0.18905,0.00401
cas_alt_vs_final_layer_per_head_layer_7_head_19,-0.18905,0.18905,0.00401
cas_alt_vs_final_layer_per_head_layer_25_head_18,-0.18904,0.18904,0.00401
ecs_final_layer_per_head_layer_5_head_23,-0.18901,0.18901,0.00402
cos_sim_input_pre_ffn_per_layer_layer_12,0.18900,0.18900,0.00402
cas_alt_vs_final_layer_per_head_layer_2_head_10,-0.18893,0.18893,0.00403
ecs_final_layer_per_head_layer_0_head_21,-0.18887,0.18887,0.00404
ecs_final_layer_per_head_layer_7_head_16,-0.18877,0.18877,0.00406
ecs_final_layer_per_head_layer_21_head_12,-0.18876,0.18876,0.00407
ecs_prompt_final_layer_per_head_layer_4_head_23,-0.18876,0.18876,0.00407
ecs_final_layer_per_head_layer_5_head_15,-0.18873,0.18873,0.00407
ecs_final_layer_per_head_layer_23_head_22,-0.18870,0.18870,0.00408
ecs_final_layer_per_head_layer_12_head_23,-0.18861,0.18861,0.00410
ecs_final_layer_per_head_layer_16_head_9,-0.18857,0.18857,0.00410
cas_alt_vs_final_layer_per_head_layer_7_head_23,-0.18855,0.18855,0.00411
cas_alt_vs_final_layer_per_head_layer_1_head_21,-0.18848,0.18848,0.00412
cas_alt_vs_final_layer_per_head_layer_22_head_18,-0.18847,0.18847,0.00413
cas_alt_vs_current_layer_per_head_layer_11_head_9,0.18846,0.18846,0.00413
ecs_final_layer_per_head_layer_3_head_20,-0.18837,0.18837,0.00414
ecs_final_layer_per_head_layer_15_head_10,-0.18837,0.18837,0.00415
ecs_final_layer_per_head_layer_19_head_22,-0.18830,0.18830,0.00416
cas_alt_vs_final_layer_per_head_layer_13_head_17,-0.18826,0.18826,0.00417
ecs_final_layer_per_head_layer_19_head_10,-0.18823,0.18823,0.00417
cas_alt_vs_final_layer_per_head_layer_13_head_15,-0.18818,0.18818,0.00418
cas_alt_vs_final_layer_per_head_layer_4_head_10,-0.18817,0.18817,0.00419
cas_alt_vs_final_layer_per_head_layer_5_head_15,-0.18813,0.18813,0.00419
cas_alt_vs_final_layer_per_head_layer_3_head_5,-0.18810,0.18810,0.00420
cas_alt_vs_current_layer_per_head_layer_14_head_10,0.18807,0.18807,0.00421
ecs_prompt_specific_layer_per_head_layer_3_head_9,0.18806,0.18806,0.00421
ecs_final_layer_per_head_layer_4_head_1,-0.18798,0.18798,0.00422
cas_alt_vs_final_layer_per_head_layer_2_head_4,-0.18795,0.18795,0.00423
cas_alt_vs_current_layer_per_head_layer_11_head_8,0.18793,0.18793,0.00423
cas_vs_current_layer_per_head_layer_1_head_18,-0.18789,0.18789,0.00424
ecs_final_layer_per_head_layer_14_head_21,-0.18785,0.18785,0.00425
ecs_final_layer_per_head_layer_21_head_13,-0.18781,0.18781,0.00426
ecs_final_layer_per_head_layer_17_head_11,-0.18777,0.18777,0.00427
ecs_prompt_final_layer_per_head_layer_15_head_23,-0.18776,0.18776,0.00427
cas_alt_vs_final_layer_per_head_layer_21_head_22,-0.18773,0.18773,0.00428
cas_alt_vs_final_layer_per_head_layer_23_head_11,-0.18770,0.18770,0.00428
cas_alt_vs_final_layer_per_head_layer_14_head_14,-0.18767,0.18767,0.00429
ecs_specific_layer_per_head_layer_27_head_15,-0.18764,0.18764,0.00430
ecs_final_layer_per_head_layer_27_head_15,-0.18764,0.18764,0.00430
ecs_final_layer_per_head_layer_14_head_23,-0.18761,0.18761,0.00430
ecs_final_layer_per_head_layer_20_head_11,-0.18761,0.18761,0.00430
ecs_final_layer_per_head_layer_21_head_4,-0.18759,0.18759,0.00431
v_ffn_norm_per_layer_layer_10,-0.18756,0.18756,0.00431
ecs_final_layer_per_head_layer_9_head_13,-0.18755,0.18755,0.00431
cas_alt_vs_final_layer_per_head_layer_1_head_9,-0.18754,0.18754,0.00432
cas_alt_vs_current_layer_per_head_layer_27_head_17,-0.18751,0.18751,0.00432
cas_alt_vs_final_layer_per_head_layer_27_head_17,-0.18751,0.18751,0.00432
cas_alt_vs_final_layer_per_head_layer_4_head_1,-0.18750,0.18750,0.00432
ecs_final_layer_per_head_layer_14_head_19,-0.18750,0.18750,0.00432
cas_alt_vs_final_layer_per_head_layer_2_head_1,-0.18747,0.18747,0.00433
cas_alt_vs_final_layer_per_head_layer_19_head_18,-0.18746,0.18746,0.00433
ecs_final_layer_per_head_layer_6_head_5,-0.18746,0.18746,0.00433
ecs_final_layer_per_head_layer_16_head_14,-0.18744,0.18744,0.00434
ecs_final_layer_per_head_layer_3_head_18,-0.18742,0.18742,0.00434
ecs_final_layer_per_head_layer_1_head_21,-0.18742,0.18742,0.00434
ecs_final_layer_per_head_layer_17_head_18,-0.18736,0.18736,0.00435
ecs_final_layer_per_head_layer_5_head_19,-0.18729,0.18729,0.00437
cas_alt_vs_final_layer_per_head_layer_2_head_14,-0.18725,0.18725,0.00438
cas_alt_vs_current_layer_per_head_layer_2_head_22,0.18724,0.18724,0.00438
ecs_prompt_final_layer_per_head_layer_12_head_13,-0.18721,0.18721,0.00439
ecs_final_layer_per_head_layer_4_head_4,-0.18713,0.18713,0.00440
cas_alt_vs_final_layer_per_head_layer_17_head_17,-0.18713,0.18713,0.00440
ecs_prompt_final_layer_per_head_layer_1_head_22,-0.18712,0.18712,0.00441
ecs_final_layer_per_head_layer_22_head_20,-0.18706,0.18706,0.00442
cas_alt_vs_final_layer_per_head_layer_18_head_18,-0.18704,0.18704,0.00442
ecs_final_layer_per_head_layer_11_head_1,-0.18703,0.18703,0.00443
cas_alt_vs_final_layer_per_head_layer_25_head_3,-0.18700,0.18700,0.00443
cas_alt_vs_final_layer_per_head_layer_21_head_4,-0.18699,0.18699,0.00443
ecs_prompt_final_layer_per_head_layer_11_head_14,-0.18693,0.18693,0.00445
ecs_final_layer_per_head_layer_3_head_16,-0.18692,0.18692,0.00445
ecs_final_layer_per_head_layer_14_head_15,-0.18691,0.18691,0.00445
ecs_final_layer_per_head_layer_6_head_12,-0.18689,0.18689,0.00446
cas_alt_vs_final_layer_per_head_layer_3_head_4,-0.18689,0.18689,0.00446
cas_alt_vs_final_layer_per_head_layer_21_head_14,-0.18686,0.18686,0.00446
cas_alt_vs_final_layer_per_head_layer_12_head_11,-0.18676,0.18676,0.00448
ecs_final_layer_per_head_layer_3_head_0,-0.18674,0.18674,0.00449
ecs_final_layer_per_head_layer_1_head_19,-0.18671,0.18671,0.00449
ecs_final_layer_per_head_layer_9_head_4,-0.18667,0.18667,0.00450
ecs_final_layer_per_head_layer_15_head_3,-0.18664,0.18664,0.00451
ecs_final_layer_per_head_layer_7_head_10,-0.18662,0.18662,0.00451
ecs_final_layer_per_head_layer_5_head_6,-0.18661,0.18661,0.00452
ecs_prompt_specific_layer_per_head_layer_3_head_1,0.18656,0.18656,0.00453
ecs_prompt_final_layer_per_head_layer_14_head_17,-0.18649,0.18649,0.00454
cas_alt_vs_current_layer_per_head_layer_14_head_8,0.18649,0.18649,0.00454
ecs_final_layer_per_head_layer_1_head_9,-0.18647,0.18647,0.00455
ecs_final_layer_per_head_layer_8_head_16,-0.18645,0.18645,0.00455
ecs_prompt_final_layer_per_head_layer_12_head_7,-0.18644,0.18644,0.00455
cas_alt_vs_final_layer_per_head_layer_20_head_22,-0.18641,0.18641,0.00456
ecs_final_layer_per_head_layer_18_head_14,-0.18637,0.18637,0.00457
cas_alt_vs_final_layer_per_head_layer_15_head_12,-0.18634,0.18634,0.00458
cas_alt_vs_current_layer_per_head_layer_26_head_13,-0.18633,0.18633,0.00458
cas_alt_vs_final_layer_per_head_layer_20_head_1,-0.18632,0.18632,0.00458
ecs_final_layer_per_head_layer_7_head_8,-0.18632,0.18632,0.00458
ecs_final_layer_per_head_layer_8_head_20,-0.18631,0.18631,0.00458
cas_alt_vs_final_layer_per_head_layer_10_head_10,-0.18627,0.18627,0.00459
ecs_final_layer_per_head_layer_20_head_13,-0.18627,0.18627,0.00459
ecs_prompt_specific_layer_per_head_layer_6_head_4,0.18624,0.18624,0.00460
ecs_final_layer_per_head_layer_20_head_1,-0.18624,0.18624,0.00460
bos_attention_proportion_per_head_layer_14_head_8,0.18615,0.18615,0.00462
ecs_prompt_final_layer_per_head_layer_16_head_22,-0.18612,0.18612,0.00462
cas_alt_vs_final_layer_per_head_layer_7_head_1,-0.18606,0.18606,0.00464
bos_attention_proportion_per_head_layer_16_head_19,0.18606,0.18606,0.00464
ecs_prompt_final_layer_per_head_layer_19_head_8,-0.18604,0.18604,0.00464
ecs_prompt_specific_layer_per_head_layer_5_head_15,0.18603,0.18603,0.00465
cas_vs_final_layer_per_head_layer_0_head_14,-0.18596,0.18596,0.00466
ecs_prompt_final_layer_per_head_layer_20_head_9,-0.18595,0.18595,0.00466
cas_alt_vs_final_layer_per_head_layer_5_head_18,-0.18595,0.18595,0.00466
ecs_prompt_final_layer_per_head_layer_5_head_23,-0.18592,0.18592,0.00467
ecs_final_layer_per_head_layer_5_head_14,-0.18590,0.18590,0.00467
ecs_final_layer_per_head_layer_20_head_21,-0.18590,0.18590,0.00467
ecs_final_layer_per_head_layer_14_head_11,-0.18579,0.18579,0.00470
ecs_prompt_final_layer_per_head_layer_5_head_8,-0.18578,0.18578,0.00470
cas_alt_vs_final_layer_per_head_layer_11_head_4,-0.18576,0.18576,0.00471
ecs_final_layer_per_head_layer_19_head_21,-0.18576,0.18576,0.00471
cas_vs_current_layer_per_head_layer_11_head_22,0.18572,0.18572,0.00472
cas_alt_vs_final_layer_per_head_layer_10_head_2,-0.18570,0.18570,0.00472
v_ffn_norm_per_layer_layer_7,-0.18570,0.18570,0.00472
cas_alt_vs_final_layer_per_head_layer_14_head_12,-0.18568,0.18568,0.00472
cas_alt_vs_final_layer_per_head_layer_0_head_22,-0.18567,0.18567,0.00473
cas_alt_vs_final_layer_per_head_layer_19_head_9,-0.18567,0.18567,0.00473
ecs_final_layer_per_head_layer_10_head_20,-0.18562,0.18562,0.00474
ecs_final_layer_per_head_layer_15_head_6,-0.18562,0.18562,0.00474
ecs_final_layer_per_head_layer_5_head_8,-0.18558,0.18558,0.00475
ecs_final_layer_per_head_layer_5_head_22,-0.18557,0.18557,0.00475
ecs_final_layer_per_head_layer_9_head_5,-0.18554,0.18554,0.00476
ecs_final_layer_per_head_layer_1_head_17,-0.18552,0.18552,0.00476
ecs_prompt_specific_layer_per_head_layer_2_head_4,0.18551,0.18551,0.00476
ecs_final_layer_per_head_layer_8_head_13,-0.18549,0.18549,0.00477
cas_alt_vs_final_layer_per_head_layer_22_head_23,-0.18549,0.18549,0.00477
cas_vs_final_layer_per_head_layer_0_head_12,-0.18545,0.18545,0.00478
ecs_final_layer_per_head_layer_23_head_11,-0.18544,0.18544,0.00478
cas_alt_vs_final_layer_per_head_layer_6_head_21,-0.18542,0.18542,0.00478
cas_alt_vs_final_layer_per_head_layer_15_head_2,-0.18541,0.18541,0.00479
cas_alt_vs_final_layer_per_head_layer_22_head_20,-0.18537,0.18537,0.00480
bos_attention_proportion_per_head_layer_13_head_7,-0.18536,0.18536,0.00480
cas_alt_vs_current_layer_per_head_layer_9_head_2,0.18534,0.18534,0.00480
ecs_final_layer_per_head_layer_13_head_11,-0.18534,0.18534,0.00480
cas_alt_vs_final_layer_per_head_layer_3_head_17,-0.18530,0.18530,0.00481
ecs_final_layer_per_head_layer_21_head_22,-0.18530,0.18530,0.00481
ecs_final_layer_per_head_layer_7_head_22,-0.18527,0.18527,0.00482
ecs_final_layer_per_head_layer_13_head_9,-0.18523,0.18523,0.00483
cas_alt_vs_final_layer_per_head_layer_15_head_9,-0.18518,0.18518,0.00484
cas_alt_vs_final_layer_per_head_layer_20_head_13,-0.18515,0.18515,0.00485
cas_alt_vs_final_layer_per_head_layer_10_head_21,-0.18508,0.18508,0.00486
cas_alt_vs_final_layer_per_head_layer_3_head_2,-0.18504,0.18504,0.00487
cas_alt_vs_final_layer_per_head_layer_21_head_10,-0.18502,0.18502,0.00488
ecs_final_layer_per_head_layer_14_head_10,-0.18502,0.18502,0.00488
cas_alt_vs_current_layer_per_head_layer_11_head_5,0.18497,0.18497,0.00489
cas_alt_vs_final_layer_per_head_layer_8_head_2,-0.18489,0.18489,0.00491
bos_attention_proportion_per_head_layer_21_head_23,-0.18487,0.18487,0.00491
ecs_final_layer_per_head_layer_2_head_1,-0.18485,0.18485,0.00492
cos_sim_input_post_ffn_per_layer_layer_16,0.18483,0.18483,0.00492
cas_alt_vs_final_layer_per_head_layer_12_head_12,-0.18480,0.18480,0.00493
ecs_final_layer_per_head_layer_4_head_17,-0.18480,0.18480,0.00493
ecs_specific_layer_per_head_layer_26_head_20,-0.18479,0.18479,0.00493
ecs_final_layer_per_head_layer_27_head_9,-0.18478,0.18478,0.00493
ecs_specific_layer_per_head_layer_27_head_9,-0.18478,0.18478,0.00493
ecs_final_layer_per_head_layer_11_head_14,-0.18471,0.18471,0.00495
cas_vs_final_layer_per_head_layer_0_head_5,-0.18469,0.18469,0.00496
ecs_final_layer_per_head_layer_14_head_16,-0.18465,0.18465,0.00497
cas_alt_vs_final_layer_per_head_layer_24_head_11,-0.18464,0.18464,0.00497
ecs_specific_layer_per_head_layer_0_head_8,-0.18463,0.18463,0.00497
ecs_final_layer_per_head_layer_17_head_10,-0.18461,0.18461,0.00497
ecs_final_layer_per_head_layer_7_head_9,-0.18461,0.18461,0.00498
ecs_final_layer_per_head_layer_15_head_12,-0.18457,0.18457,0.00498
cas_alt_vs_final_layer_per_head_layer_20_head_4,-0.18455,0.18455,0.00499
ecs_final_layer_per_head_layer_22_head_5,-0.18452,0.18452,0.00500
cas_alt_vs_final_layer_per_head_layer_25_head_14,-0.18450,0.18450,0.00500
cas_alt_vs_final_layer_per_head_layer_1_head_10,-0.18447,0.18447,0.00501
ecs_final_layer_per_head_layer_22_head_3,-0.18443,0.18443,0.00502
ecs_final_layer_per_head_layer_20_head_4,-0.18441,0.18441,0.00502
x_pre_ffn_norm_per_layer_layer_16,0.18432,0.18432,0.00504
cas_alt_vs_final_layer_per_head_layer_19_head_16,-0.18429,0.18429,0.00505
ecs_prompt_final_layer_per_head_layer_17_head_2,-0.18426,0.18426,0.00506
ecs_final_layer_per_head_layer_2_head_3,-0.18420,0.18420,0.00507
ecs_specific_layer_per_head_layer_27_head_17,-0.18416,0.18416,0.00508
ecs_final_layer_per_head_layer_27_head_17,-0.18416,0.18416,0.00508
cas_vs_final_layer_per_head_layer_2_head_11,0.18414,0.18414,0.00509
cas_vs_current_layer_per_head_layer_0_head_8,-0.18411,0.18411,0.00510
ecs_specific_layer_per_head_layer_5_head_14,0.18409,0.18409,0.00510
ecs_final_layer_per_head_layer_7_head_15,-0.18406,0.18406,0.00511
cas_alt_vs_final_layer_per_head_layer_5_head_17,-0.18403,0.18403,0.00511
ecs_final_layer_per_head_layer_16_head_15,-0.18396,0.18396,0.00513
cas_alt_vs_final_layer_per_head_layer_19_head_23,-0.18395,0.18395,0.00513
cas_alt_vs_final_layer_per_head_layer_20_head_14,-0.18392,0.18392,0.00514
ecs_final_layer_per_head_layer_22_head_0,-0.18377,0.18377,0.00518
ecs_final_layer_per_head_layer_20_head_22,-0.18372,0.18372,0.00519
ecs_final_layer_per_head_layer_26_head_23,-0.18371,0.18371,0.00519
cas_alt_vs_final_layer_per_head_layer_21_head_21,-0.18367,0.18367,0.00520
cas_alt_vs_final_layer_per_head_layer_4_head_13,-0.18362,0.18362,0.00522
cas_alt_vs_current_layer_per_head_layer_14_head_18,0.18362,0.18362,0.00522
cas_alt_vs_final_layer_per_head_layer_9_head_4,-0.18357,0.18357,0.00523
ecs_prompt_final_layer_per_head_layer_15_head_18,-0.18356,0.18356,0.00523
ecs_final_layer_per_head_layer_26_head_15,-0.18356,0.18356,0.00523
ecs_prompt_specific_layer_per_head_layer_26_head_14,-0.18355,0.18355,0.00523
attention_entropy_per_head_layer_17_head_3,-0.18354,0.18354,0.00524
cas_alt_vs_final_layer_per_head_layer_9_head_5,-0.18354,0.18354,0.00524
ecs_final_layer_per_head_layer_11_head_2,-0.18349,0.18349,0.00525
ecs_final_layer_per_head_layer_2_head_17,-0.18341,0.18341,0.00527
ecs_final_layer_per_head_layer_9_head_20,-0.18338,0.18338,0.00528
ecs_final_layer_per_head_layer_24_head_17,-0.18332,0.18332,0.00529
cas_alt_vs_final_layer_per_head_layer_5_head_14,-0.18324,0.18324,0.00531
cas_alt_vs_final_layer_per_head_layer_19_head_1,-0.18323,0.18323,0.00531
ecs_final_layer_per_head_layer_2_head_15,-0.18321,0.18321,0.00532
cas_alt_vs_current_layer_per_head_layer_2_head_8,0.18318,0.18318,0.00533
ecs_final_layer_per_head_layer_0_head_6,-0.18317,0.18317,0.00533
ecs_final_layer_per_head_layer_4_head_13,-0.18314,0.18314,0.00534
ecs_prompt_specific_layer_per_head_layer_6_head_20,0.18312,0.18312,0.00534
cas_alt_vs_final_layer_per_head_layer_15_head_21,-0.18310,0.18310,0.00535
cas_alt_vs_final_layer_per_head_layer_13_head_1,-0.18307,0.18307,0.00535
cas_alt_vs_final_layer_per_head_layer_20_head_3,-0.18304,0.18304,0.00536
ecs_prompt_specific_layer_per_head_layer_25_head_11,-0.18303,0.18303,0.00537
ecs_prompt_specific_layer_per_head_layer_5_head_11,0.18289,0.18289,0.00540
cas_alt_vs_final_layer_per_head_layer_6_head_12,-0.18289,0.18289,0.00540
ecs_final_layer_per_head_layer_2_head_14,-0.18288,0.18288,0.00540
ecs_final_layer_per_head_layer_17_head_13,-0.18287,0.18287,0.00541
ecs_prompt_final_layer_per_head_layer_13_head_16,-0.18276,0.18276,0.00543
bos_attention_proportion_per_head_layer_27_head_6,-0.18268,0.18268,0.00546
ecs_final_layer_per_head_layer_20_head_9,-0.18261,0.18261,0.00547
cas_alt_vs_final_layer_per_head_layer_14_head_10,-0.18260,0.18260,0.00548
cas_alt_vs_current_layer_per_head_layer_26_head_2,-0.18258,0.18258,0.00548
cas_alt_vs_final_layer_per_head_layer_27_head_9,-0.18258,0.18258,0.00548
cas_alt_vs_current_layer_per_head_layer_27_head_9,-0.18258,0.18258,0.00548
cas_vs_current_layer_per_head_layer_11_head_23,0.18248,0.18248,0.00551
ecs_final_layer_per_head_layer_20_head_10,-0.18233,0.18233,0.00555
cas_alt_vs_final_layer_per_head_layer_2_head_3,-0.18232,0.18232,0.00555
bos_attention_proportion_per_head_layer_6_head_10,-0.18229,0.18229,0.00556
cas_alt_vs_final_layer_per_head_layer_19_head_10,-0.18223,0.18223,0.00557
v_ffn_norm_per_layer_layer_1,0.18219,0.18219,0.00558
cas_alt_vs_final_layer_per_head_layer_8_head_15,-0.18215,0.18215,0.00559
ecs_final_layer_per_head_layer_4_head_3,-0.18215,0.18215,0.00560
parameter_knowledge_difference_layer_16,-0.18214,0.18214,0.00560
cas_alt_vs_final_layer_per_head_layer_7_head_8,-0.18208,0.18208,0.00561
cas_alt_vs_final_layer_per_head_layer_10_head_15,-0.18201,0.18201,0.00563
cas_alt_vs_final_layer_per_head_layer_24_head_7,-0.18198,0.18198,0.00564
cas_alt_vs_current_layer_per_head_layer_27_head_15,-0.18194,0.18194,0.00565
cas_alt_vs_final_layer_per_head_layer_27_head_15,-0.18194,0.18194,0.00565
cas_alt_vs_current_layer_per_head_layer_14_head_22,0.18193,0.18193,0.00565
ecs_final_layer_per_head_layer_7_head_11,-0.18180,0.18180,0.00569
x_post_ffn_norm_per_layer_layer_22,0.18180,0.18180,0.00569
x_input_norm_per_layer_layer_23,0.18180,0.18180,0.00569
cas_alt_vs_final_layer_per_head_layer_14_head_23,-0.18177,0.18177,0.00570
cas_alt_vs_final_layer_per_head_layer_9_head_2,-0.18177,0.18177,0.00570
bos_attention_proportion_per_head_layer_24_head_1,-0.18174,0.18174,0.00571
ecs_final_layer_per_head_layer_23_head_7,-0.18169,0.18169,0.00572
bos_attention_proportion_per_head_layer_3_head_20,-0.18167,0.18167,0.00573
cas_alt_vs_final_layer_per_head_layer_26_head_11,-0.18165,0.18165,0.00573
ecs_final_layer_per_head_layer_2_head_4,-0.18160,0.18160,0.00574
ecs_prompt_final_layer_per_head_layer_1_head_10,-0.18157,0.18157,0.00575
ecs_final_layer_per_head_layer_7_head_21,-0.18155,0.18155,0.00576
attention_entropy_per_head_layer_15_head_16,-0.18146,0.18146,0.00578
cas_alt_vs_final_layer_per_head_layer_21_head_7,-0.18144,0.18144,0.00579
ecs_prompt_final_layer_per_head_layer_21_head_13,-0.18142,0.18142,0.00579
ecs_prompt_final_layer_per_head_layer_12_head_9,-0.18135,0.18135,0.00581
ecs_final_layer_per_head_layer_1_head_7,-0.18132,0.18132,0.00582
ecs_prompt_final_layer_per_head_layer_23_head_9,-0.18131,0.18131,0.00582
ecs_final_layer_per_head_layer_4_head_10,-0.18122,0.18122,0.00585
ecs_prompt_specific_layer_per_head_layer_1_head_4,0.18117,0.18117,0.00586
ecs_prompt_final_layer_per_head_layer_19_head_15,-0.18117,0.18117,0.00586
ecs_prompt_final_layer_per_head_layer_12_head_15,-0.18112,0.18112,0.00587
ecs_final_layer_per_head_layer_7_head_7,-0.18112,0.18112,0.00588
ecs_final_layer_per_head_layer_17_head_3,-0.18111,0.18111,0.00588
cas_alt_vs_final_layer_per_head_layer_26_head_23,-0.18110,0.18110,0.00588
attention_entropy_per_head_layer_11_head_5,-0.18107,0.18107,0.00589
ecs_final_layer_per_head_layer_24_head_9,-0.18104,0.18104,0.00590
cas_alt_vs_final_layer_per_head_layer_1_head_23,-0.18102,0.18102,0.00590
ecs_final_layer_per_head_layer_0_head_7,-0.18095,0.18095,0.00592
ecs_final_layer_per_head_layer_6_head_14,-0.18093,0.18093,0.00593
cas_alt_vs_final_layer_per_head_layer_20_head_18,-0.18089,0.18089,0.00594
bos_attention_proportion_per_head_layer_6_head_1,-0.18088,0.18088,0.00594
cas_alt_vs_current_layer_per_head_layer_26_head_20,-0.18086,0.18086,0.00595
ecs_prompt_final_layer_per_head_layer_18_head_17,-0.18085,0.18085,0.00595
cas_alt_vs_final_layer_per_head_layer_25_head_16,-0.18082,0.18082,0.00596
ecs_final_layer_per_head_layer_17_head_9,-0.18081,0.18081,0.00596
cas_alt_vs_final_layer_per_head_layer_24_head_17,-0.18081,0.18081,0.00596
cas_alt_vs_final_layer_per_head_layer_18_head_2,-0.18073,0.18073,0.00598
ecs_prompt_final_layer_per_head_layer_21_head_12,-0.18071,0.18071,0.00599
ecs_final_layer_per_head_layer_22_head_4,-0.18069,0.18069,0.00599
attention_entropy_per_head_layer_20_head_2,-0.18069,0.18069,0.00600
cas_alt_vs_final_layer_per_head_layer_20_head_21,-0.18069,0.18069,0.00600
ecs_final_layer_per_head_layer_0_head_19,-0.18056,0.18056,0.00603
ecs_final_layer_per_head_layer_20_head_3,-0.18050,0.18050,0.00605
cas_alt_vs_final_layer_per_head_layer_17_head_0,-0.18050,0.18050,0.00605
ecs_final_layer_per_head_layer_6_head_15,-0.18049,0.18049,0.00605
ecs_final_layer_per_head_layer_14_head_5,-0.18042,0.18042,0.00607
cas_alt_vs_final_layer_per_head_layer_3_head_9,-0.18039,0.18039,0.00608
bos_attention_proportion_per_head_layer_20_head_12,0.18039,0.18039,0.00608
cas_alt_vs_final_layer_per_head_layer_22_head_4,-0.18034,0.18034,0.00610
cas_alt_vs_final_layer_per_head_layer_11_head_13,-0.18031,0.18031,0.00611
cas_alt_vs_current_layer_per_head_layer_12_head_5,0.18030,0.18030,0.00611
cas_alt_vs_current_layer_per_head_layer_11_head_10,0.18029,0.18029,0.00611
ecs_final_layer_per_head_layer_3_head_11,-0.18026,0.18026,0.00612
ecs_prompt_final_layer_per_head_layer_12_head_3,-0.18025,0.18025,0.00612
ecs_final_layer_per_head_layer_4_head_22,-0.18022,0.18022,0.00613
ecs_final_layer_per_head_layer_6_head_4,-0.18018,0.18018,0.00614
cas_alt_vs_final_layer_per_head_layer_6_head_15,-0.18009,0.18009,0.00617
ecs_prompt_final_layer_per_head_layer_18_head_2,-0.18004,0.18004,0.00618
cas_alt_vs_final_layer_per_head_layer_6_head_1,-0.17998,0.17998,0.00620
ecs_final_layer_per_head_layer_7_head_23,-0.17997,0.17997,0.00620
ecs_final_layer_per_head_layer_19_head_16,-0.17995,0.17995,0.00621
bos_attention_proportion_per_head_layer_10_head_8,0.17994,0.17994,0.00621
cas_alt_vs_final_layer_per_head_layer_20_head_11,-0.17993,0.17993,0.00621
cas_alt_vs_final_layer_per_head_layer_7_head_18,-0.17992,0.17992,0.00622
cas_alt_vs_final_layer_per_head_layer_15_head_3,-0.17987,0.17987,0.00623
cas_alt_vs_final_layer_per_head_layer_12_head_22,-0.17985,0.17985,0.00624
cas_alt_vs_final_layer_per_head_layer_21_head_19,-0.17981,0.17981,0.00625
ecs_prompt_specific_layer_per_head_layer_7_head_21,0.17979,0.17979,0.00625
semantic_drift_per_layer_layer_24,-0.17978,0.17978,0.00626
ecs_prompt_final_layer_per_head_layer_16_head_6,-0.17977,0.17977,0.00626
cas_alt_vs_final_layer_per_head_layer_22_head_16,-0.17975,0.17975,0.00627
cas_vs_current_layer_per_head_layer_11_head_6,0.17973,0.17973,0.00627
ecs_final_layer_per_head_layer_20_head_12,-0.17973,0.17973,0.00627
cas_alt_vs_final_layer_per_head_layer_23_head_12,-0.17971,0.17971,0.00628
cas_alt_vs_final_layer_per_head_layer_4_head_8,-0.17970,0.17970,0.00628
ecs_prompt_specific_layer_per_head_layer_11_head_0,0.17967,0.17967,0.00629
ecs_specific_layer_per_head_layer_26_head_4,-0.17966,0.17966,0.00629
ecs_prompt_specific_layer_per_head_layer_0_head_8,-0.17965,0.17965,0.00630
cas_alt_vs_final_layer_per_head_layer_7_head_21,-0.17964,0.17964,0.00630
cas_alt_vs_final_layer_per_head_layer_2_head_7,-0.17950,0.17950,0.00634
parameter_knowledge_difference_layer_8,-0.17949,0.17949,0.00634
cas_alt_vs_final_layer_per_head_layer_14_head_15,-0.17947,0.17947,0.00635
bos_attention_proportion_per_head_layer_8_head_11,0.17946,0.17946,0.00635
cas_alt_vs_final_layer_per_head_layer_0_head_17,-0.17943,0.17943,0.00636
attention_entropy_per_head_layer_23_head_19,-0.17939,0.17939,0.00637
cas_alt_vs_final_layer_per_head_layer_26_head_9,-0.17938,0.17938,0.00638
ecs_prompt_final_layer_per_head_layer_18_head_1,-0.17938,0.17938,0.00638
ecs_final_layer_per_head_layer_6_head_21,-0.17933,0.17933,0.00639
cas_alt_vs_final_layer_per_head_layer_4_head_4,-0.17929,0.17929,0.00640
ecs_final_layer_per_head_layer_21_head_19,-0.17927,0.17927,0.00641
ecs_prompt_specific_layer_per_head_layer_26_head_20,-0.17925,0.17925,0.00641
cas_alt_vs_final_layer_per_head_layer_21_head_18,-0.17921,0.17921,0.00643
cas_alt_vs_final_layer_per_head_layer_16_head_14,-0.17915,0.17915,0.00644
ecs_final_layer_per_head_layer_0_head_15,-0.17914,0.17914,0.00645
attention_entropy_per_head_layer_0_head_21,0.17904,0.17904,0.00648
ecs_final_layer_per_head_layer_3_head_22,-0.17901,0.17901,0.00649
ecs_prompt_final_layer_per_head_layer_14_head_16,-0.17901,0.17901,0.00649
cas_vs_current_layer_per_head_layer_24_head_21,-0.17899,0.17899,0.00649
ecs_final_layer_per_head_layer_4_head_23,-0.17897,0.17897,0.00650
cas_alt_vs_final_layer_per_head_layer_1_head_22,-0.17895,0.17895,0.00651
ecs_final_layer_per_head_layer_11_head_0,-0.17890,0.17890,0.00652
ecs_final_layer_per_head_layer_19_head_23,-0.17888,0.17888,0.00653
cas_vs_final_layer_per_head_layer_19_head_9,0.17886,0.17886,0.00653
ecs_prompt_specific_layer_per_head_layer_3_head_14,0.17885,0.17885,0.00654
ecs_prompt_specific_layer_per_head_layer_5_head_7,0.17883,0.17883,0.00654
cas_alt_vs_final_layer_per_head_layer_3_head_22,-0.17882,0.17882,0.00655
cas_alt_vs_final_layer_per_head_layer_23_head_21,-0.17881,0.17881,0.00655
ecs_specific_layer_per_head_layer_26_head_14,-0.17872,0.17872,0.00657
cas_alt_vs_final_layer_per_head_layer_3_head_0,-0.17870,0.17870,0.00658
cas_alt_vs_current_layer_per_head_layer_18_head_19,0.17869,0.17869,0.00659
cas_alt_vs_current_layer_per_head_layer_14_head_1,0.17868,0.17868,0.00659
ecs_final_layer_per_head_layer_24_head_11,-0.17868,0.17868,0.00659
cas_alt_vs_final_layer_per_head_layer_16_head_17,-0.17862,0.17862,0.00661
ecs_prompt_specific_layer_per_head_layer_7_head_9,0.17855,0.17855,0.00663
cas_alt_vs_final_layer_per_head_layer_0_head_7,-0.17854,0.17854,0.00663
ecs_prompt_final_layer_per_head_layer_23_head_22,-0.17854,0.17854,0.00663
cas_alt_vs_current_layer_per_head_layer_11_head_22,0.17849,0.17849,0.00665
ecs_final_layer_per_head_layer_21_head_21,-0.17842,0.17842,0.00667
cas_alt_vs_final_layer_per_head_layer_18_head_10,-0.17841,0.17841,0.00667
cas_alt_vs_final_layer_per_head_layer_26_head_17,-0.17829,0.17829,0.00671
cos_sim_input_pre_ffn_per_layer_layer_15,0.17820,0.17820,0.00674
ecs_final_layer_per_head_layer_0_head_16,-0.17809,0.17809,0.00677
attention_entropy_per_head_layer_27_head_13,-0.17803,0.17803,0.00679
ecs_final_layer_per_head_layer_22_head_10,-0.17795,0.17795,0.00682
ecs_prompt_final_layer_per_head_layer_20_head_10,-0.17761,0.17761,0.00692
ecs_final_layer_per_head_layer_5_head_12,-0.17760,0.17760,0.00693
ecs_final_layer_per_head_layer_4_head_8,-0.17758,0.17758,0.00694
ecs_final_layer_per_head_layer_21_head_10,-0.17754,0.17754,0.00695
cas_alt_vs_final_layer_per_head_layer_15_head_1,-0.17754,0.17754,0.00695
cas_alt_vs_final_layer_per_head_layer_7_head_11,-0.17748,0.17748,0.00697
cas_alt_vs_final_layer_per_head_layer_13_head_8,-0.17748,0.17748,0.00697
ecs_final_layer_per_head_layer_23_head_10,-0.17745,0.17745,0.00698
ecs_final_layer_per_head_layer_18_head_16,-0.17743,0.17743,0.00698
cas_alt_vs_final_layer_per_head_layer_13_head_0,-0.17741,0.17741,0.00699
ecs_prompt_specific_layer_per_head_layer_2_head_8,0.17737,0.17737,0.00700
ecs_prompt_final_layer_per_head_layer_18_head_19,-0.17735,0.17735,0.00701
ecs_prompt_final_layer_per_head_layer_11_head_12,-0.17732,0.17732,0.00702
ecs_prompt_final_layer_per_head_layer_22_head_5,-0.17729,0.17729,0.00703
bos_attention_proportion_per_head_layer_13_head_16,0.17720,0.17720,0.00706
ecs_prompt_specific_layer_per_head_layer_24_head_20,-0.17708,0.17708,0.00710
ecs_prompt_final_layer_per_head_layer_16_head_14,-0.17707,0.17707,0.00710
ecs_final_layer_per_head_layer_24_head_15,-0.17704,0.17704,0.00711
ecs_final_layer_per_head_layer_3_head_9,-0.17704,0.17704,0.00711
cas_alt_vs_current_layer_per_head_layer_2_head_12,0.17702,0.17702,0.00712
ecs_final_layer_per_head_layer_4_head_15,-0.17697,0.17697,0.00713
cas_alt_vs_final_layer_per_head_layer_4_head_6,-0.17690,0.17690,0.00716
cas_alt_vs_final_layer_per_head_layer_6_head_3,-0.17670,0.17670,0.00722
ecs_final_layer_per_head_layer_11_head_12,-0.17668,0.17668,0.00723
bos_attention_proportion_per_head_layer_12_head_9,0.17666,0.17666,0.00724
bos_attention_proportion_per_head_layer_11_head_2,-0.17662,0.17662,0.00725
cas_alt_vs_final_layer_per_head_layer_7_head_15,-0.17656,0.17656,0.00727
ecs_prompt_specific_layer_per_head_layer_25_head_9,-0.17655,0.17655,0.00727
ecs_prompt_final_layer_per_head_layer_15_head_15,-0.17653,0.17653,0.00728
cas_alt_vs_final_layer_per_head_layer_3_head_16,-0.17648,0.17648,0.00730
ecs_final_layer_per_head_layer_3_head_17,-0.17644,0.17644,0.00731
pos_score_per_layer_layer_0,0.17640,0.17640,0.00732
pos_cos_similarity_per_layer_layer_0,-0.17640,0.17640,0.00732
v_ffn_norm_per_layer_layer_8,-0.17624,0.17624,0.00738
ecs_prompt_specific_layer_per_head_layer_25_head_5,-0.17617,0.17617,0.00740
v_attn_norm_per_layer_layer_24,0.17613,0.17613,0.00741
ecs_specific_layer_per_head_layer_26_head_12,-0.17610,0.17610,0.00743
ecs_prompt_final_layer_per_head_layer_3_head_21,-0.17606,0.17606,0.00744
ecs_prompt_final_layer_per_head_layer_23_head_11,-0.17604,0.17604,0.00745
ecs_final_layer_per_head_layer_18_head_15,-0.17603,0.17603,0.00745
cas_alt_vs_final_layer_per_head_layer_13_head_16,-0.17600,0.17600,0.00746
cas_alt_vs_final_layer_per_head_layer_3_head_11,-0.17595,0.17595,0.00748
ecs_final_layer_per_head_layer_1_head_22,-0.17585,0.17585,0.00751
cas_vs_final_layer_per_head_layer_11_head_21,-0.17580,0.17580,0.00753
pos_cos_similarity_per_layer_layer_23,-0.17574,0.17574,0.00755
ecs_prompt_final_layer_per_head_layer_12_head_22,-0.17571,0.17571,0.00756
ecs_prompt_final_layer_per_head_layer_27_head_14,-0.17563,0.17563,0.00759
ecs_prompt_specific_layer_per_head_layer_27_head_14,-0.17563,0.17563,0.00759
cas_alt_vs_current_layer_per_head_layer_2_head_21,0.17561,0.17561,0.00760
pos_score_per_layer_layer_19,-0.17558,0.17558,0.00761
cas_alt_vs_final_layer_per_head_layer_5_head_6,-0.17550,0.17550,0.00763
cas_alt_vs_final_layer_per_head_layer_22_head_21,-0.17550,0.17550,0.00763
cas_alt_vs_final_layer_per_head_layer_23_head_3,-0.17547,0.17547,0.00765
cas_alt_vs_final_layer_per_head_layer_15_head_6,-0.17546,0.17546,0.00765
cas_alt_vs_final_layer_per_head_layer_3_head_23,-0.17545,0.17545,0.00765
cas_alt_vs_current_layer_per_head_layer_24_head_21,-0.17543,0.17543,0.00766
ecs_prompt_final_layer_per_head_layer_22_head_4,-0.17543,0.17543,0.00766
cas_alt_vs_current_layer_per_head_layer_11_head_23,0.17541,0.17541,0.00767
v_attn_norm_per_layer_layer_22,0.17535,0.17535,0.00769
ecs_prompt_final_layer_per_head_layer_22_head_10,-0.17532,0.17532,0.00770
bos_attention_proportion_per_head_layer_13_head_5,-0.17517,0.17517,0.00775
ecs_final_layer_per_head_layer_23_head_21,-0.17512,0.17512,0.00777
cas_alt_vs_final_layer_per_head_layer_20_head_5,-0.17502,0.17502,0.00780
cas_alt_vs_final_layer_per_head_layer_4_head_23,-0.17502,0.17502,0.00780
bos_attention_proportion_per_head_layer_0_head_14,-0.17498,0.17498,0.00782
ecs_prompt_specific_layer_per_head_layer_6_head_5,0.17497,0.17497,0.00782
ecs_specific_layer_per_head_layer_0_head_6,-0.17487,0.17487,0.00786
ecs_final_layer_per_head_layer_21_head_9,-0.17487,0.17487,0.00786
ecs_final_layer_per_head_layer_23_head_3,-0.17480,0.17480,0.00788
ecs_prompt_final_layer_per_head_layer_24_head_17,-0.17477,0.17477,0.00790
cas_alt_vs_final_layer_per_head_layer_27_head_13,-0.17472,0.17472,0.00791
cas_alt_vs_current_layer_per_head_layer_27_head_13,-0.17472,0.17472,0.00791
ecs_prompt_specific_layer_per_head_layer_24_head_14,-0.17470,0.17470,0.00792
ecs_final_layer_per_head_layer_26_head_8,-0.17469,0.17469,0.00792
cas_alt_vs_current_layer_per_head_layer_26_head_12,-0.17468,0.17468,0.00793
ecs_prompt_final_layer_per_head_layer_12_head_10,-0.17465,0.17465,0.00794
cas_alt_vs_final_layer_per_head_layer_7_head_6,-0.17463,0.17463,0.00794
cas_alt_vs_final_layer_per_head_layer_27_head_12,-0.17462,0.17462,0.00795
cas_alt_vs_current_layer_per_head_layer_27_head_12,-0.17462,0.17462,0.00795
cos_sim_input_pre_ffn_per_layer_layer_24,-0.17449,0.17449,0.00800
ecs_prompt_specific_layer_per_head_layer_2_head_16,0.17443,0.17443,0.00802
cas_alt_vs_final_layer_per_head_layer_16_head_16,-0.17442,0.17442,0.00802
attention_entropy_per_head_layer_27_head_12,-0.17439,0.17439,0.00803
cas_alt_vs_final_layer_per_head_layer_14_head_11,-0.17435,0.17435,0.00805
cas_alt_vs_final_layer_per_head_layer_11_head_2,-0.17433,0.17433,0.00805
ecs_final_layer_per_head_layer_3_head_21,-0.17426,0.17426,0.00808
cas_vs_final_layer_per_head_layer_3_head_20,0.17426,0.17426,0.00808
bos_attention_proportion_per_head_layer_2_head_14,0.17425,0.17425,0.00808
cas_alt_vs_final_layer_per_head_layer_18_head_19,-0.17422,0.17422,0.00810
cas_alt_vs_current_layer_per_head_layer_2_head_1,0.17420,0.17420,0.00810
bos_attention_proportion_per_head_layer_0_head_2,-0.17407,0.17407,0.00815
ecs_prompt_specific_layer_per_head_layer_4_head_6,0.17400,0.17400,0.00818
cas_alt_vs_current_layer_per_head_layer_2_head_23,0.17389,0.17389,0.00822
attention_entropy_per_head_layer_9_head_0,-0.17381,0.17381,0.00825
cas_alt_vs_final_layer_per_head_layer_14_head_17,-0.17377,0.17377,0.00826
cas_alt_vs_current_layer_per_head_layer_14_head_14,0.17366,0.17366,0.00830
ecs_prompt_specific_layer_per_head_layer_26_head_15,-0.17356,0.17356,0.00834
bos_attention_proportion_per_head_layer_4_head_19,-0.17337,0.17337,0.00842
attention_entropy_per_head_layer_27_head_10,-0.17337,0.17337,0.00842
ecs_prompt_final_layer_per_head_layer_20_head_11,-0.17328,0.17328,0.00845
cas_alt_vs_current_layer_per_head_layer_26_head_15,-0.17328,0.17328,0.00845
ecs_specific_layer_per_head_layer_25_head_7,-0.17321,0.17321,0.00848
cas_vs_current_layer_per_head_layer_26_head_18,-0.17321,0.17321,0.00848
cas_alt_vs_final_layer_per_head_layer_11_head_14,-0.17319,0.17319,0.00849
ecs_prompt_specific_layer_per_head_layer_1_head_3,0.17312,0.17312,0.00851
ecs_final_layer_per_head_layer_23_head_9,-0.17311,0.17311,0.00852
ecs_prompt_final_layer_per_head_layer_7_head_2,-0.17307,0.17307,0.00853
cas_alt_vs_final_layer_per_head_layer_16_head_9,-0.17304,0.17304,0.00854
ecs_prompt_specific_layer_per_head_layer_27_head_22,-0.17301,0.17301,0.00855
ecs_prompt_final_layer_per_head_layer_27_head_22,-0.17301,0.17301,0.00855
cas_vs_current_layer_per_head_layer_1_head_3,-0.17290,0.17290,0.00860
ecs_prompt_final_layer_per_head_layer_13_head_13,-0.17286,0.17286,0.00861
cas_alt_vs_final_layer_per_head_layer_27_head_22,-0.17285,0.17285,0.00862
cas_alt_vs_current_layer_per_head_layer_27_head_22,-0.17285,0.17285,0.00862
cas_alt_vs_final_layer_per_head_layer_27_head_14,-0.17284,0.17284,0.00862
cas_alt_vs_current_layer_per_head_layer_27_head_14,-0.17284,0.17284,0.00862
attention_entropy_per_head_layer_1_head_18,0.17282,0.17282,0.00863
cas_alt_vs_current_layer_per_head_layer_12_head_18,0.17278,0.17278,0.00864
bos_attention_proportion_per_head_layer_0_head_11,-0.17277,0.17277,0.00865
cas_alt_vs_final_layer_per_head_layer_18_head_17,-0.17277,0.17277,0.00865
v_ffn_norm_per_layer_layer_13,-0.17273,0.17273,0.00866
cas_alt_vs_final_layer_per_head_layer_3_head_21,-0.17270,0.17270,0.00867
ecs_prompt_final_layer_per_head_layer_21_head_20,-0.17265,0.17265,0.00869
ecs_final_layer_per_head_layer_5_head_16,-0.17261,0.17261,0.00871
ecs_prompt_specific_layer_per_head_layer_24_head_21,-0.17247,0.17247,0.00877
cas_alt_vs_current_layer_per_head_layer_26_head_19,-0.17246,0.17246,0.00877
cas_alt_vs_final_layer_per_head_layer_17_head_10,-0.17246,0.17246,0.00877
cas_alt_vs_final_layer_per_head_layer_17_head_2,-0.17245,0.17245,0.00877
ecs_prompt_specific_layer_per_head_layer_11_head_7,0.17244,0.17244,0.00878
ecs_prompt_specific_layer_per_head_layer_6_head_10,0.17237,0.17237,0.00881
cas_alt_vs_final_layer_per_head_layer_10_head_9,-0.17234,0.17234,0.00882
cas_alt_vs_final_layer_per_head_layer_14_head_13,-0.17230,0.17230,0.00883
ecs_final_layer_per_head_layer_1_head_10,-0.17220,0.17220,0.00887
cas_alt_vs_final_layer_per_head_layer_4_head_17,-0.17218,0.17218,0.00888
ecs_final_layer_per_head_layer_7_head_17,-0.17217,0.17217,0.00889
cas_vs_final_layer_per_head_layer_0_head_7,-0.17215,0.17215,0.00889
ecs_prompt_specific_layer_per_head_layer_1_head_14,0.17211,0.17211,0.00891
cas_alt_vs_final_layer_per_head_layer_10_head_18,-0.17199,0.17199,0.00896
semantic_drift_per_layer_layer_20,-0.17199,0.17199,0.00896
ecs_prompt_final_layer_per_head_layer_18_head_11,-0.17182,0.17182,0.00903
v_attn_norm_per_layer_layer_7,-0.17178,0.17178,0.00904
cas_alt_vs_final_layer_per_head_layer_8_head_8,-0.17164,0.17164,0.00910
cas_vs_current_layer_per_head_layer_26_head_0,-0.17152,0.17152,0.00915
cas_alt_vs_final_layer_per_head_layer_1_head_12,-0.17148,0.17148,0.00916
ecs_prompt_specific_layer_per_head_layer_24_head_22,-0.17145,0.17145,0.00918
cas_alt_vs_final_layer_per_head_layer_4_head_3,-0.17129,0.17129,0.00925
ecs_final_layer_per_head_layer_4_head_5,-0.17121,0.17121,0.00928
cas_alt_vs_final_layer_per_head_layer_20_head_9,-0.17117,0.17117,0.00930
ecs_prompt_final_layer_per_head_layer_22_head_3,-0.17111,0.17111,0.00932
attention_entropy_per_head_layer_4_head_0,-0.17101,0.17101,0.00936
cas_alt_vs_final_layer_per_head_layer_23_head_22,-0.17100,0.17100,0.00937
ecs_prompt_specific_layer_per_head_layer_4_head_23,0.17098,0.17098,0.00938
ecs_final_layer_per_head_layer_1_head_11,-0.17086,0.17086,0.00943
cas_alt_vs_final_layer_per_head_layer_3_head_10,-0.17083,0.17083,0.00944
cas_alt_vs_final_layer_per_head_layer_11_head_1,-0.17082,0.17082,0.00944
attention_entropy_per_head_layer_24_head_8,-0.17082,0.17082,0.00944
cas_alt_vs_current_layer_per_head_layer_26_head_10,-0.17082,0.17082,0.00944
ecs_specific_layer_per_head_layer_27_head_13,-0.17075,0.17075,0.00947
ecs_final_layer_per_head_layer_27_head_13,-0.17075,0.17075,0.00947
ecs_final_layer_per_head_layer_8_head_15,-0.17070,0.17070,0.00949
ecs_prompt_specific_layer_per_head_layer_4_head_21,0.17070,0.17070,0.00950
ecs_prompt_final_layer_per_head_layer_16_head_16,-0.17059,0.17059,0.00954
ecs_prompt_final_layer_per_head_layer_12_head_4,-0.17055,0.17055,0.00956
cas_alt_vs_final_layer_per_head_layer_5_head_12,-0.17045,0.17045,0.00960
ecs_prompt_specific_layer_per_head_layer_5_head_16,0.17040,0.17040,0.00962
attention_entropy_per_head_layer_12_head_18,-0.17021,0.17021,0.00970
cas_alt_vs_final_layer_per_head_layer_19_head_22,-0.17013,0.17013,0.00974
ecs_prompt_final_layer_per_head_layer_20_head_4,-0.17012,0.17012,0.00974
cas_alt_vs_final_layer_per_head_layer_5_head_19,-0.17010,0.17010,0.00975
cas_alt_vs_final_layer_per_head_layer_23_head_9,-0.16999,0.16999,0.00980
cas_alt_vs_current_layer_per_head_layer_14_head_21,0.16994,0.16994,0.00982
ecs_prompt_specific_layer_per_head_layer_24_head_12,-0.16983,0.16983,0.00987
ecs_final_layer_per_head_layer_4_head_6,-0.16975,0.16975,0.00991
cas_alt_vs_final_layer_per_head_layer_14_head_16,-0.16967,0.16967,0.00994
cas_alt_vs_final_layer_per_head_layer_10_head_6,-0.16965,0.16965,0.00995
cas_alt_vs_final_layer_per_head_layer_10_head_1,-0.16961,0.16961,0.00997
ecs_final_layer_per_head_layer_21_head_16,-0.16949,0.16949,0.01002
cas_vs_current_layer_per_head_layer_5_head_14,0.16944,0.16944,0.01004
ecs_prompt_final_layer_per_head_layer_14_head_2,-0.16930,0.16930,0.01010
ecs_specific_layer_per_head_layer_26_head_7,-0.16930,0.16930,0.01011
cas_alt_vs_current_layer_per_head_layer_26_head_1,-0.16917,0.16917,0.01016
cas_alt_vs_current_layer_per_head_layer_2_head_13,0.16913,0.16913,0.01018
ecs_prompt_final_layer_per_head_layer_25_head_16,-0.16910,0.16910,0.01020
bos_attention_proportion_per_head_layer_24_head_13,-0.16907,0.16907,0.01021
ecs_final_layer_per_head_layer_4_head_7,-0.16898,0.16898,0.01025
bos_attention_proportion_per_head_layer_8_head_19,0.16897,0.16897,0.01026
ecs_prompt_final_layer_per_head_layer_13_head_22,-0.16889,0.16889,0.01029
ecs_prompt_specific_layer_per_head_layer_25_head_6,-0.16888,0.16888,0.01030
cas_alt_vs_final_layer_per_head_layer_16_head_13,-0.16884,0.16884,0.01031
cas_alt_vs_final_layer_per_head_layer_24_head_10,-0.16883,0.16883,0.01032
cas_alt_vs_current_layer_per_head_layer_11_head_3,0.16870,0.16870,0.01038
ecs_prompt_specific_layer_per_head_layer_24_head_23,-0.16869,0.16869,0.01038
attention_entropy_per_head_layer_26_head_14,-0.16866,0.16866,0.01040
cas_alt_vs_final_layer_per_head_layer_18_head_16,-0.16861,0.16861,0.01042
ecs_final_layer_per_head_layer_16_head_12,-0.16861,0.16861,0.01042
ecs_specific_layer_per_head_layer_26_head_17,-0.16856,0.16856,0.01044
cas_alt_vs_final_layer_per_head_layer_17_head_3,-0.16852,0.16852,0.01046
ecs_final_layer_per_head_layer_18_head_17,-0.16840,0.16840,0.01052
bos_attention_proportion_per_head_layer_6_head_18,-0.16832,0.16832,0.01056
cas_alt_vs_final_layer_per_head_layer_24_head_9,-0.16829,0.16829,0.01057
ecs_prompt_final_layer_per_head_layer_3_head_23,-0.16825,0.16825,0.01059
cas_alt_vs_final_layer_per_head_layer_5_head_13,-0.16824,0.16824,0.01059
ecs_final_layer_per_head_layer_16_head_5,-0.16818,0.16818,0.01062
ecs_final_layer_per_head_layer_14_head_13,-0.16812,0.16812,0.01065
cas_alt_vs_final_layer_per_head_layer_10_head_20,-0.16808,0.16808,0.01067
ecs_final_layer_per_head_layer_6_head_3,-0.16790,0.16790,0.01075
cas_vs_final_layer_per_head_layer_23_head_4,0.16786,0.16786,0.01077
ecs_prompt_specific_layer_per_head_layer_26_head_6,-0.16782,0.16782,0.01079
cas_alt_vs_final_layer_per_head_layer_18_head_11,-0.16776,0.16776,0.01082
cas_alt_vs_final_layer_per_head_layer_13_head_11,-0.16772,0.16772,0.01084
ecs_prompt_final_layer_per_head_layer_13_head_23,-0.16760,0.16760,0.01090
cas_vs_current_layer_per_head_layer_23_head_0,-0.16756,0.16756,0.01092
ecs_prompt_specific_layer_per_head_layer_13_head_6,0.16749,0.16749,0.01095
cas_alt_vs_current_layer_per_head_layer_11_head_11,0.16747,0.16747,0.01096
ecs_final_layer_per_head_layer_22_head_2,-0.16741,0.16741,0.01099
cas_alt_vs_final_layer_per_head_layer_16_head_5,-0.16738,0.16738,0.01100
ecs_prompt_final_layer_per_head_layer_16_head_13,-0.16724,0.16724,0.01107
ecs_prompt_specific_layer_per_head_layer_2_head_2,0.16723,0.16723,0.01108
ecs_specific_layer_per_head_layer_26_head_5,-0.16722,0.16722,0.01108
ecs_final_layer_per_head_layer_3_head_23,-0.16720,0.16720,0.01109
ecs_prompt_specific_layer_per_head_layer_24_head_1,-0.16720,0.16720,0.01109
ecs_prompt_final_layer_per_head_layer_21_head_18,-0.16718,0.16718,0.01110
attention_entropy_per_head_layer_8_head_3,-0.16712,0.16712,0.01113
bos_attention_proportion_per_head_layer_11_head_4,0.16710,0.16710,0.01114
ecs_final_layer_per_head_layer_22_head_11,-0.16706,0.16706,0.01116
cas_alt_vs_final_layer_per_head_layer_16_head_15,-0.16701,0.16701,0.01118
cas_vs_final_layer_per_head_layer_11_head_15,-0.16693,0.16693,0.01122
cas_alt_vs_final_layer_per_head_layer_1_head_17,-0.16688,0.16688,0.01125
cas_alt_vs_final_layer_per_head_layer_11_head_12,-0.16685,0.16685,0.01126
bos_attention_proportion_per_head_layer_15_head_14,-0.16681,0.16681,0.01128
bos_attention_proportion_per_head_layer_8_head_20,0.16679,0.16679,0.01129
ecs_final_layer_per_head_layer_21_head_15,-0.16676,0.16676,0.01131
bos_attention_proportion_per_head_layer_24_head_18,-0.16676,0.16676,0.01131
cas_alt_vs_final_layer_per_head_layer_21_head_16,-0.16666,0.16666,0.01136
cas_alt_vs_final_layer_per_head_layer_13_head_2,-0.16665,0.16665,0.01137
cas_alt_vs_final_layer_per_head_layer_16_head_7,-0.16663,0.16663,0.01137
attention_entropy_per_head_layer_14_head_18,-0.16663,0.16663,0.01137
ecs_prompt_specific_layer_per_head_layer_3_head_18,0.16662,0.16662,0.01138
x_pre_ffn_norm_per_layer_layer_17,0.16658,0.16658,0.01140
cas_alt_vs_current_layer_per_head_layer_11_head_1,0.16652,0.16652,0.01143
cos_sim_input_post_ffn_per_layer_layer_17,0.16644,0.16644,0.01147
cas_alt_vs_current_layer_per_head_layer_12_head_21,0.16639,0.16639,0.01149
ecs_prompt_specific_layer_per_head_layer_8_head_7,0.16630,0.16630,0.01154
cas_vs_current_layer_per_head_layer_1_head_9,-0.16626,0.16626,0.01156
cas_vs_final_layer_per_head_layer_7_head_12,0.16620,0.16620,0.01159
bos_attention_proportion_per_head_layer_15_head_17,0.16616,0.16616,0.01161
ecs_prompt_final_layer_per_head_layer_23_head_10,-0.16610,0.16610,0.01164
v_attn_norm_per_layer_layer_16,-0.16608,0.16608,0.01165
cas_alt_vs_final_layer_per_head_layer_22_head_10,-0.16604,0.16604,0.01167
ecs_prompt_final_layer_per_head_layer_25_head_15,-0.16595,0.16595,0.01172
cas_vs_final_layer_per_head_layer_23_head_8,0.16591,0.16591,0.01174
cas_alt_vs_final_layer_per_head_layer_7_head_9,-0.16581,0.16581,0.01179
cas_alt_vs_current_layer_per_head_layer_26_head_5,-0.16575,0.16575,0.01182
ecs_specific_layer_per_head_layer_26_head_16,-0.16568,0.16568,0.01186
bos_attention_proportion_per_head_layer_26_head_5,-0.16553,0.16553,0.01193
bos_attention_proportion_per_head_layer_11_head_23,0.16536,0.16536,0.01202
cas_alt_vs_final_layer_per_head_layer_11_head_23,-0.16533,0.16533,0.01204
bos_attention_proportion_per_head_layer_0_head_19,-0.16526,0.16526,0.01208
attention_entropy_per_head_layer_18_head_23,-0.16525,0.16525,0.01208
ecs_prompt_specific_layer_per_head_layer_7_head_12,0.16524,0.16524,0.01209
ecs_prompt_final_layer_per_head_layer_24_head_15,-0.16522,0.16522,0.01210
bos_attention_proportion_per_head_layer_27_head_11,0.16512,0.16512,0.01215
ecs_final_layer_per_head_layer_21_head_17,-0.16511,0.16511,0.01216
bos_attention_proportion_per_head_layer_14_head_13,-0.16500,0.16500,0.01221
ecs_prompt_specific_layer_per_head_layer_2_head_14,0.16499,0.16499,0.01222
cas_alt_vs_current_layer_per_head_layer_26_head_9,-0.16496,0.16496,0.01223
ecs_prompt_specific_layer_per_head_layer_7_head_1,0.16483,0.16483,0.01231
ecs_final_layer_per_head_layer_24_head_3,-0.16480,0.16480,0.01232
ecs_prompt_specific_layer_per_head_layer_6_head_0,0.16474,0.16474,0.01235
cas_alt_vs_final_layer_per_head_layer_6_head_4,-0.16472,0.16472,0.01236
ecs_prompt_specific_layer_per_head_layer_5_head_20,0.16470,0.16470,0.01238
x_post_ffn_norm_per_layer_layer_25,0.16466,0.16466,0.01240
x_input_norm_per_layer_layer_26,0.16466,0.16466,0.01240
bos_attention_proportion_per_head_layer_26_head_21,-0.16464,0.16464,0.01241
cas_alt_vs_final_layer_per_head_layer_7_head_17,-0.16457,0.16457,0.01245
ecs_prompt_final_layer_per_head_layer_26_head_22,-0.16456,0.16456,0.01245
ecs_prompt_specific_layer_per_head_layer_25_head_3,-0.16452,0.16452,0.01247
ecs_final_layer_per_head_layer_3_head_10,-0.16436,0.16436,0.01256
cas_alt_vs_current_layer_per_head_layer_2_head_5,0.16434,0.16434,0.01257
ecs_prompt_specific_layer_per_head_layer_13_head_11,0.16422,0.16422,0.01263
x_post_ffn_norm_per_layer_layer_17,0.16417,0.16417,0.01266
x_input_norm_per_layer_layer_18,0.16417,0.16417,0.01266
ecs_final_layer_per_head_layer_25_head_16,-0.16417,0.16417,0.01266
attention_entropy_per_head_layer_24_head_18,-0.16413,0.16413,0.01269
cas_alt_vs_current_layer_per_head_layer_11_head_7,0.16405,0.16405,0.01273
ecs_final_layer_per_head_layer_25_head_17,-0.16404,0.16404,0.01273
cas_alt_vs_current_layer_per_head_layer_2_head_0,0.16400,0.16400,0.01276
cas_alt_vs_final_layer_per_head_layer_15_head_10,-0.16388,0.16388,0.01282
ecs_final_layer_per_head_layer_26_head_12,-0.16375,0.16375,0.01290
bos_attention_proportion_per_head_layer_19_head_0,0.16371,0.16371,0.01292
bos_attention_proportion_per_head_layer_3_head_23,0.16358,0.16358,0.01299
ecs_final_layer_per_head_layer_7_head_2,-0.16351,0.16351,0.01303
cas_vs_final_layer_per_head_layer_11_head_17,-0.16351,0.16351,0.01303
ecs_final_layer_per_head_layer_1_head_23,-0.16348,0.16348,0.01305
cas_alt_vs_final_layer_per_head_layer_0_head_15,-0.16345,0.16345,0.01306
cos_sim_pre_post_ffn_per_layer_layer_11,0.16338,0.16338,0.01310
ecs_prompt_specific_layer_per_head_layer_25_head_21,-0.16337,0.16337,0.01311
ecs_final_layer_per_head_layer_22_head_9,-0.16335,0.16335,0.01312
ecs_prompt_specific_layer_per_head_layer_24_head_13,-0.16330,0.16330,0.01315
cas_alt_vs_final_layer_per_head_layer_22_head_9,-0.16328,0.16328,0.01316
ecs_prompt_specific_layer_per_head_layer_2_head_0,0.16322,0.16322,0.01319
ecs_prompt_specific_layer_per_head_layer_6_head_3,0.16320,0.16320,0.01320
cos_sim_input_pre_ffn_per_layer_layer_13,0.16307,0.16307,0.01328
cas_alt_vs_final_layer_per_head_layer_16_head_6,-0.16307,0.16307,0.01328
cas_alt_vs_final_layer_per_head_layer_20_head_10,-0.16305,0.16305,0.01329
cas_alt_vs_final_layer_per_head_layer_14_head_1,-0.16299,0.16299,0.01332
ecs_prompt_final_layer_per_head_layer_25_head_17,-0.16293,0.16293,0.01336
ecs_final_layer_per_head_layer_0_head_17,-0.16288,0.16288,0.01339
cas_alt_vs_final_layer_per_head_layer_25_head_20,-0.16272,0.16272,0.01348
cas_alt_vs_final_layer_per_head_layer_15_head_7,-0.16257,0.16257,0.01357
cas_alt_vs_current_layer_per_head_layer_11_head_4,0.16250,0.16250,0.01361
cas_alt_vs_current_layer_per_head_layer_2_head_6,0.16236,0.16236,0.01369
ecs_prompt_specific_layer_per_head_layer_25_head_1,-0.16225,0.16225,0.01376
ecs_prompt_specific_layer_per_head_layer_25_head_23,-0.16223,0.16223,0.01377
bos_attention_proportion_per_head_layer_10_head_15,0.16221,0.16221,0.01378
ecs_final_layer_per_head_layer_19_head_15,-0.16205,0.16205,0.01388
cas_alt_vs_current_layer_per_head_layer_10_head_4,0.16199,0.16199,0.01391
cas_alt_vs_current_layer_per_head_layer_26_head_11,-0.16196,0.16196,0.01392
attention_entropy_per_head_layer_1_head_2,0.16194,0.16194,0.01394
cas_alt_vs_final_layer_per_head_layer_3_head_15,-0.16193,0.16193,0.01394
ecs_prompt_specific_layer_per_head_layer_2_head_3,0.16191,0.16191,0.01396
cas_alt_vs_final_layer_per_head_layer_26_head_22,-0.16183,0.16183,0.01401
ecs_prompt_specific_layer_per_head_layer_5_head_19,0.16178,0.16178,0.01403
ecs_prompt_final_layer_per_head_layer_22_head_11,-0.16176,0.16176,0.01405
ecs_prompt_specific_layer_per_head_layer_26_head_23,-0.16168,0.16168,0.01410
cas_alt_vs_final_layer_per_head_layer_21_head_9,-0.16157,0.16157,0.01416
ecs_prompt_specific_layer_per_head_layer_25_head_22,-0.16156,0.16156,0.01417
ecs_prompt_specific_layer_per_head_layer_26_head_16,-0.16142,0.16142,0.01425
cas_alt_vs_final_layer_per_head_layer_7_head_7,-0.16142,0.16142,0.01425
ecs_prompt_specific_layer_per_head_layer_24_head_8,-0.16140,0.16140,0.01427
ecs_prompt_final_layer_per_head_layer_17_head_10,-0.16121,0.16121,0.01438
ecs_final_layer_per_head_layer_16_head_13,-0.16108,0.16108,0.01446
cas_alt_vs_final_layer_per_head_layer_4_head_5,-0.16108,0.16108,0.01446
ecs_prompt_final_layer_per_head_layer_15_head_22,-0.16107,0.16107,0.01447
cas_alt_vs_current_layer_per_head_layer_12_head_17,0.16103,0.16103,0.01449
ecs_specific_layer_per_head_layer_26_head_3,-0.16102,0.16102,0.01450
attention_entropy_per_head_layer_2_head_14,-0.16084,0.16084,0.01461
ecs_prompt_specific_layer_per_head_layer_24_head_0,-0.16078,0.16078,0.01465
x_input_norm_per_layer_layer_17,0.16068,0.16068,0.01471
x_post_ffn_norm_per_layer_layer_16,0.16068,0.16068,0.01471
cas_vs_current_layer_per_head_layer_1_head_15,-0.16067,0.16067,0.01472
ecs_prompt_specific_layer_per_head_layer_26_head_7,-0.16050,0.16050,0.01482
cas_alt_vs_current_layer_per_head_layer_26_head_4,-0.16038,0.16038,0.01490
bos_attention_proportion_per_head_layer_6_head_19,-0.16032,0.16032,0.01494
cos_sim_input_post_ffn_per_layer_layer_4,-0.16024,0.16024,0.01499
attention_entropy_per_head_layer_25_head_14,-0.16022,0.16022,0.01500
cas_alt_vs_final_layer_per_head_layer_7_head_2,-0.16018,0.16018,0.01503
cas_alt_vs_current_layer_per_head_layer_26_head_3,-0.16004,0.16004,0.01511
x_pre_ffn_norm_per_layer_layer_24,0.15996,0.15996,0.01516
cas_vs_current_layer_per_head_layer_1_head_8,-0.15988,0.15988,0.01522
bos_attention_proportion_per_head_layer_23_head_6,-0.15986,0.15986,0.01523
bos_attention_proportion_per_head_layer_1_head_13,0.15981,0.15981,0.01527
cas_alt_vs_current_layer_per_head_layer_2_head_18,0.15969,0.15969,0.01534
cas_vs_current_layer_per_head_layer_0_head_6,-0.15969,0.15969,0.01534
cas_alt_vs_final_layer_per_head_layer_17_head_11,-0.15967,0.15967,0.01536
bos_attention_proportion_per_head_layer_2_head_9,-0.15963,0.15963,0.01538
ecs_prompt_specific_layer_per_head_layer_25_head_8,-0.15959,0.15959,0.01540
ecs_final_layer_per_head_layer_24_head_5,-0.15956,0.15956,0.01543
cas_alt_vs_final_layer_per_head_layer_4_head_16,-0.15954,0.15954,0.01544
cas_alt_vs_final_layer_per_head_layer_20_head_12,-0.15953,0.15953,0.01545
bos_attention_proportion_per_head_layer_20_head_8,0.15951,0.15951,0.01546
ecs_prompt_specific_layer_per_head_layer_7_head_16,0.15945,0.15945,0.01550
bos_attention_proportion_per_head_layer_4_head_13,-0.15942,0.15942,0.01552
ecs_prompt_final_layer_per_head_layer_17_head_9,-0.15942,0.15942,0.01552
cas_alt_vs_current_layer_per_head_layer_2_head_2,0.15938,0.15938,0.01555
cas_alt_vs_final_layer_per_head_layer_21_head_17,-0.15926,0.15926,0.01562
cas_alt_vs_final_layer_per_head_layer_15_head_22,-0.15906,0.15906,0.01575
cas_alt_vs_current_layer_per_head_layer_15_head_2,0.15903,0.15903,0.01578
bos_attention_proportion_per_head_layer_19_head_17,0.15903,0.15903,0.01578
ecs_prompt_final_layer_per_head_layer_21_head_19,-0.15891,0.15891,0.01586
cas_vs_final_layer_per_head_layer_0_head_19,-0.15880,0.15880,0.01593
cas_alt_vs_final_layer_per_head_layer_25_head_22,-0.15878,0.15878,0.01594
cas_vs_current_layer_per_head_layer_21_head_4,0.15868,0.15868,0.01601
ecs_final_layer_per_head_layer_3_head_15,-0.15866,0.15866,0.01602
cas_alt_vs_final_layer_per_head_layer_10_head_0,-0.15855,0.15855,0.01610
semantic_drift_per_layer_layer_4,-0.15851,0.15851,0.01613
ecs_prompt_final_layer_per_head_layer_13_head_9,-0.15850,0.15850,0.01613
cas_alt_vs_final_layer_per_head_layer_7_head_20,-0.15850,0.15850,0.01613
cas_alt_vs_current_layer_per_head_layer_2_head_14,0.15839,0.15839,0.01621
cas_alt_vs_final_layer_per_head_layer_26_head_8,-0.15835,0.15835,0.01623
ecs_final_layer_per_head_layer_25_head_15,-0.15819,0.15819,0.01634
ecs_prompt_specific_layer_per_head_layer_7_head_0,0.15815,0.15815,0.01637
ecs_prompt_specific_layer_per_head_layer_11_head_15,0.15812,0.15812,0.01639
bos_attention_proportion_per_head_layer_10_head_19,0.15798,0.15798,0.01649
ecs_specific_layer_per_head_layer_24_head_21,-0.15794,0.15794,0.01651
ecs_specific_layer_per_head_layer_25_head_10,-0.15792,0.15792,0.01653
cas_alt_vs_current_layer_per_head_layer_18_head_18,0.15784,0.15784,0.01658
pos_cos_similarity_per_layer_layer_12,0.15783,0.15783,0.01660
pos_score_per_layer_layer_12,0.15783,0.15783,0.01660
cas_alt_vs_current_layer_per_head_layer_27_head_11,-0.15766,0.15766,0.01671
cas_alt_vs_final_layer_per_head_layer_27_head_11,-0.15766,0.15766,0.01671
bos_attention_proportion_per_head_layer_14_head_3,0.15756,0.15756,0.01678
semantic_drift_per_layer_layer_27,0.15756,0.15756,0.01678
ecs_prompt_specific_layer_per_head_layer_14_head_0,0.15745,0.15745,0.01686
cas_vs_current_layer_per_head_layer_26_head_13,-0.15744,0.15744,0.01687
bos_attention_proportion_per_head_layer_3_head_1,-0.15739,0.15739,0.01690
bos_attention_proportion_per_head_layer_27_head_7,-0.15736,0.15736,0.01692
ecs_prompt_final_layer_per_head_layer_14_head_21,-0.15734,0.15734,0.01694
ecs_prompt_final_layer_per_head_layer_26_head_8,-0.15731,0.15731,0.01696
cas_alt_vs_final_layer_per_head_layer_14_head_21,-0.15731,0.15731,0.01696
cas_alt_vs_final_layer_per_head_layer_14_head_19,-0.15726,0.15726,0.01699
attention_entropy_per_head_layer_16_head_5,-0.15726,0.15726,0.01700
bos_attention_proportion_per_head_layer_26_head_1,-0.15725,0.15725,0.01700
bos_attention_proportion_per_head_layer_27_head_9,-0.15725,0.15725,0.01700
v_ffn_norm_per_layer_layer_12,-0.15722,0.15722,0.01702
ecs_final_layer_per_head_layer_26_head_22,-0.15713,0.15713,0.01709
ecs_prompt_specific_layer_per_head_layer_25_head_0,-0.15710,0.15710,0.01711
ecs_prompt_specific_layer_per_head_layer_14_head_20,0.15703,0.15703,0.01716
ecs_prompt_final_layer_per_head_layer_24_head_3,-0.15698,0.15698,0.01720
ecs_prompt_final_layer_per_head_layer_21_head_15,-0.15697,0.15697,0.01720
cas_vs_final_layer_per_head_layer_0_head_23,-0.15683,0.15683,0.01730
cas_alt_vs_current_layer_per_head_layer_2_head_4,0.15677,0.15677,0.01735
bos_attention_proportion_per_head_layer_3_head_6,0.15675,0.15675,0.01736
bos_attention_proportion_per_head_layer_20_head_17,0.15664,0.15664,0.01744
cas_alt_vs_final_layer_per_head_layer_24_head_15,-0.15659,0.15659,0.01748
cas_alt_vs_final_layer_per_head_layer_16_head_12,-0.15655,0.15655,0.01751
cas_vs_current_layer_per_head_layer_18_head_4,-0.15653,0.15653,0.01752
cas_alt_vs_current_layer_per_head_layer_2_head_3,0.15650,0.15650,0.01754
x_pre_ffn_norm_per_layer_layer_23,0.15650,0.15650,0.01754
cas_vs_current_layer_per_head_layer_1_head_7,-0.15646,0.15646,0.01757
bos_attention_proportion_per_head_layer_5_head_8,0.15643,0.15643,0.01759
cas_vs_current_layer_per_head_layer_14_head_12,0.15640,0.15640,0.01762
cas_vs_final_layer_per_head_layer_0_head_2,-0.15638,0.15638,0.01763
cas_vs_final_layer_per_head_layer_0_head_22,-0.15633,0.15633,0.01766
ecs_prompt_specific_layer_per_head_layer_5_head_12,0.15616,0.15616,0.01779
attention_entropy_per_head_layer_3_head_16,-0.15601,0.15601,0.01791
ecs_prompt_specific_layer_per_head_layer_24_head_6,-0.15600,0.15600,0.01791
ecs_prompt_specific_layer_per_head_layer_25_head_14,-0.15599,0.15599,0.01792
ecs_specific_layer_per_head_layer_24_head_8,-0.15598,0.15598,0.01792
ecs_prompt_specific_layer_per_head_layer_0_head_6,-0.15597,0.15597,0.01793
ecs_prompt_specific_layer_per_head_layer_1_head_19,0.15595,0.15595,0.01794
cas_alt_vs_current_layer_per_head_layer_13_head_14,0.15595,0.15595,0.01794
attention_entropy_per_head_layer_23_head_1,-0.15594,0.15594,0.01795
ecs_specific_layer_per_head_layer_26_head_15,-0.15589,0.15589,0.01799
bos_attention_proportion_per_head_layer_15_head_22,0.15586,0.15586,0.01802
x_input_norm_per_layer_layer_22,0.15570,0.15570,0.01814
x_post_ffn_norm_per_layer_layer_21,0.15570,0.15570,0.01814
attention_entropy_per_head_layer_26_head_12,-0.15555,0.15555,0.01825
bos_attention_proportion_per_head_layer_12_head_5,-0.15552,0.15552,0.01827
cas_alt_vs_final_layer_per_head_layer_22_head_11,-0.15545,0.15545,0.01833
cas_alt_vs_final_layer_per_head_layer_24_head_23,-0.15544,0.15544,0.01833
cas_vs_current_layer_per_head_layer_10_head_18,0.15533,0.15533,0.01841
semantic_drift_per_layer_layer_18,-0.15533,0.15533,0.01842
pos_cos_similarity_per_layer_layer_15,0.15522,0.15522,0.01850
pos_score_per_layer_layer_15,0.15522,0.15522,0.01850
attention_entropy_per_head_layer_0_head_13,0.15521,0.15521,0.01850
bos_attention_proportion_per_head_layer_4_head_18,-0.15518,0.15518,0.01853
pos_score_per_layer_layer_14,0.15516,0.15516,0.01854
pos_cos_similarity_per_layer_layer_14,0.15516,0.15516,0.01854
attention_entropy_per_head_layer_5_head_17,-0.15512,0.15512,0.01858
ecs_specific_layer_per_head_layer_18_head_21,-0.15510,0.15510,0.01859
cas_alt_vs_final_layer_per_head_layer_21_head_12,-0.15485,0.15485,0.01878
cas_alt_vs_current_layer_per_head_layer_12_head_10,0.15466,0.15466,0.01893
bos_attention_proportion_per_head_layer_0_head_21,-0.15465,0.15465,0.01894
cas_alt_vs_current_layer_per_head_layer_2_head_7,0.15459,0.15459,0.01898
bos_attention_proportion_per_head_layer_22_head_6,0.15414,0.15414,0.01934
cas_alt_vs_current_layer_per_head_layer_26_head_8,-0.15399,0.15399,0.01946
cas_vs_final_layer_per_head_layer_23_head_7,0.15399,0.15399,0.01946
ecs_prompt_specific_layer_per_head_layer_26_head_9,-0.15387,0.15387,0.01956
ecs_prompt_final_layer_per_head_layer_21_head_17,-0.15379,0.15379,0.01962
cas_alt_vs_final_layer_per_head_layer_13_head_21,-0.15378,0.15378,0.01963
cos_sim_input_post_ffn_per_layer_layer_12,0.15345,0.15345,0.01990
cas_vs_final_layer_per_head_layer_8_head_22,0.15322,0.15322,0.02008
ecs_prompt_specific_layer_per_head_layer_3_head_11,0.15313,0.15313,0.02015
cas_alt_vs_current_layer_per_head_layer_12_head_4,0.15306,0.15306,0.02022
ecs_prompt_specific_layer_per_head_layer_24_head_11,-0.15304,0.15304,0.02023
ecs_prompt_specific_layer_per_head_layer_1_head_23,0.15295,0.15295,0.02030
ecs_prompt_specific_layer_per_head_layer_24_head_19,-0.15293,0.15293,0.02032
semantic_drift_per_layer_layer_7,-0.15286,0.15286,0.02038
ecs_prompt_final_layer_per_head_layer_22_head_9,-0.15278,0.15278,0.02044
ecs_prompt_specific_layer_per_head_layer_24_head_9,-0.15275,0.15275,0.02047
cos_sim_input_post_ffn_per_layer_layer_18,0.15274,0.15274,0.02048
bos_attention_proportion_per_head_layer_17_head_13,0.15274,0.15274,0.02048
cas_alt_vs_current_layer_per_head_layer_18_head_11,0.15273,0.15273,0.02049
cas_vs_current_layer_per_head_layer_11_head_7,0.15272,0.15272,0.02049
ecs_prompt_specific_layer_per_head_layer_7_head_22,0.15267,0.15267,0.02054
cas_alt_vs_final_layer_per_head_layer_12_head_9,-0.15245,0.15245,0.02073
ecs_prompt_specific_layer_per_head_layer_3_head_21,0.15228,0.15228,0.02087
ecs_prompt_specific_layer_per_head_layer_25_head_12,-0.15225,0.15225,0.02089
cas_vs_current_layer_per_head_layer_18_head_21,-0.15213,0.15213,0.02100
ecs_prompt_final_layer_per_head_layer_18_head_15,-0.15211,0.15211,0.02102
cas_alt_vs_final_layer_per_head_layer_11_head_3,-0.15204,0.15204,0.02107
cas_vs_final_layer_per_head_layer_20_head_20,0.15202,0.15202,0.02109
ecs_specific_layer_per_head_layer_24_head_6,-0.15201,0.15201,0.02110
cas_vs_current_layer_per_head_layer_3_head_17,0.15189,0.15189,0.02120
bos_attention_proportion_per_head_layer_17_head_23,-0.15157,0.15157,0.02148
attention_entropy_per_head_layer_9_head_5,-0.15151,0.15151,0.02153
bos_attention_proportion_per_head_layer_11_head_9,-0.15150,0.15150,0.02154
ecs_prompt_specific_layer_per_head_layer_13_head_8,0.15150,0.15150,0.02154
bos_attention_proportion_per_head_layer_2_head_10,-0.15136,0.15136,0.02166
ecs_specific_layer_per_head_layer_2_head_14,0.15131,0.15131,0.02171
ecs_prompt_specific_layer_per_head_layer_5_head_14,0.15127,0.15127,0.02174
ecs_prompt_specific_layer_per_head_layer_5_head_18,0.15126,0.15126,0.02175
ecs_prompt_specific_layer_per_head_layer_10_head_12,0.15123,0.15123,0.02178
ecs_prompt_final_layer_per_head_layer_16_head_5,-0.15111,0.15111,0.02188
ecs_prompt_specific_layer_per_head_layer_6_head_23,0.15110,0.15110,0.02189
ecs_prompt_final_layer_per_head_layer_16_head_15,-0.15107,0.15107,0.02191
cas_vs_final_layer_per_head_layer_4_head_21,0.15095,0.15095,0.02202
ecs_prompt_specific_layer_per_head_layer_18_head_3,-0.15094,0.15094,0.02203
ecs_prompt_specific_layer_per_head_layer_4_head_20,0.15092,0.15092,0.02205
cas_vs_final_layer_per_head_layer_23_head_6,0.15087,0.15087,0.02209
ecs_prompt_specific_layer_per_head_layer_25_head_4,-0.15083,0.15083,0.02213
ecs_prompt_specific_layer_per_head_layer_5_head_13,0.15078,0.15078,0.02218
cas_alt_vs_final_layer_per_head_layer_26_head_15,-0.15073,0.15073,0.02222
cas_alt_vs_final_layer_per_head_layer_5_head_7,-0.15073,0.15073,0.02222
cas_alt_vs_final_layer_per_head_layer_21_head_15,-0.15064,0.15064,0.02230
bos_attention_proportion_per_head_layer_1_head_18,-0.15063,0.15063,0.02231
ecs_final_layer_per_head_layer_27_head_14,-0.15052,0.15052,0.02241
ecs_specific_layer_per_head_layer_27_head_14,-0.15052,0.15052,0.02241
ecs_prompt_specific_layer_per_head_layer_24_head_18,-0.15049,0.15049,0.02243
ecs_specific_layer_per_head_layer_7_head_8,0.15029,0.15029,0.02262
cas_alt_vs_final_layer_per_head_layer_11_head_0,-0.15028,0.15028,0.02263
cas_alt_vs_final_layer_per_head_layer_0_head_20,-0.15016,0.15016,0.02273
bos_attention_proportion_per_head_layer_8_head_9,0.15013,0.15013,0.02277
ecs_final_layer_per_head_layer_16_head_3,-0.14995,0.14995,0.02293
cas_alt_vs_final_layer_per_head_layer_21_head_20,-0.14994,0.14994,0.02294
ecs_prompt_specific_layer_per_head_layer_18_head_5,-0.14985,0.14985,0.02303
bos_attention_proportion_per_head_layer_8_head_16,0.14979,0.14979,0.02308
bos_attention_proportion_per_head_layer_7_head_8,0.14973,0.14973,0.02313
ecs_prompt_specific_layer_per_head_layer_18_head_4,-0.14965,0.14965,0.02320
ecs_prompt_specific_layer_per_head_layer_24_head_2,-0.14960,0.14960,0.02326
attention_entropy_per_head_layer_21_head_21,-0.14957,0.14957,0.02329
v_attn_norm_per_layer_layer_13,-0.14946,0.14946,0.02339
cas_alt_vs_current_layer_per_head_layer_26_head_6,-0.14937,0.14937,0.02347
bos_attention_proportion_per_head_layer_5_head_13,0.14926,0.14926,0.02357
cas_vs_current_layer_per_head_layer_1_head_11,-0.14922,0.14922,0.02361
bos_attention_proportion_per_head_layer_1_head_20,-0.14920,0.14920,0.02363
ecs_specific_layer_per_head_layer_24_head_22,-0.14909,0.14909,0.02373
cas_alt_vs_current_layer_per_head_layer_10_head_11,0.14907,0.14907,0.02375
attention_entropy_per_head_layer_4_head_16,-0.14900,0.14900,0.02382
cas_alt_vs_current_layer_per_head_layer_12_head_11,0.14893,0.14893,0.02389
bos_attention_proportion_per_head_layer_0_head_12,-0.14885,0.14885,0.02396
ecs_prompt_specific_layer_per_head_layer_3_head_22,0.14860,0.14860,0.02421
ecs_prompt_specific_layer_per_head_layer_14_head_10,0.14857,0.14857,0.02423
cas_alt_vs_current_layer_per_head_layer_18_head_8,0.14856,0.14856,0.02424
attention_entropy_per_head_layer_20_head_15,-0.14841,0.14841,0.02438
ecs_specific_layer_per_head_layer_25_head_6,-0.14838,0.14838,0.02442
cas_alt_vs_current_layer_per_head_layer_15_head_22,0.14816,0.14816,0.02463
ecs_specific_layer_per_head_layer_24_head_13,-0.14814,0.14814,0.02465
attention_entropy_per_head_layer_1_head_3,-0.14806,0.14806,0.02473
ecs_prompt_specific_layer_per_head_layer_6_head_13,0.14794,0.14794,0.02484
cas_alt_vs_final_layer_per_head_layer_26_head_12,-0.14786,0.14786,0.02492
ecs_specific_layer_per_head_layer_25_head_21,-0.14784,0.14784,0.02494
cas_alt_vs_current_layer_per_head_layer_17_head_22,0.14777,0.14777,0.02502
ecs_specific_layer_per_head_layer_25_head_23,-0.14771,0.14771,0.02508
ecs_specific_layer_per_head_layer_25_head_5,-0.14767,0.14767,0.02512
ecs_specific_layer_per_head_layer_24_head_20,-0.14767,0.14767,0.02512
ecs_specific_layer_per_head_layer_26_head_9,-0.14762,0.14762,0.02517
ecs_prompt_specific_layer_per_head_layer_7_head_23,0.14751,0.14751,0.02528
cas_alt_vs_current_layer_per_head_layer_26_head_23,-0.14746,0.14746,0.02532
x_input_norm_per_layer_layer_8,-0.14739,0.14739,0.02540
x_post_ffn_norm_per_layer_layer_7,-0.14739,0.14739,0.02540
cas_alt_vs_final_layer_per_head_layer_2_head_9,-0.14737,0.14737,0.02541
attention_entropy_per_head_layer_27_head_3,-0.14734,0.14734,0.02545
bos_attention_proportion_per_head_layer_13_head_17,0.14731,0.14731,0.02548
cas_vs_final_layer_per_head_layer_11_head_1,-0.14726,0.14726,0.02553
ecs_prompt_final_layer_per_head_layer_24_head_5,-0.14720,0.14720,0.02559
bos_attention_proportion_per_head_layer_1_head_14,-0.14718,0.14718,0.02561
cas_vs_current_layer_per_head_layer_0_head_19,-0.14714,0.14714,0.02565
ecs_prompt_specific_layer_per_head_layer_14_head_12,0.14708,0.14708,0.02570
cas_vs_current_layer_per_head_layer_11_head_4,0.14708,0.14708,0.02571
bos_attention_proportion_per_head_layer_17_head_20,-0.14702,0.14702,0.02577
ecs_final_layer_per_head_layer_26_head_21,-0.14694,0.14694,0.02585
ecs_prompt_specific_layer_per_head_layer_4_head_16,0.14689,0.14689,0.02590
cas_vs_current_layer_per_head_layer_1_head_6,-0.14686,0.14686,0.02593
cos_sim_pre_post_ffn_per_layer_layer_13,0.14670,0.14670,0.02610
ecs_prompt_specific_layer_per_head_layer_11_head_4,0.14643,0.14643,0.02638
cas_alt_vs_current_layer_per_head_layer_15_head_9,0.14643,0.14643,0.02638
attention_entropy_per_head_layer_20_head_1,-0.14631,0.14631,0.02651
cas_alt_vs_final_layer_per_head_layer_0_head_0,-0.14618,0.14618,0.02664
cas_vs_current_layer_per_head_layer_1_head_22,-0.14601,0.14601,0.02682
attention_entropy_per_head_layer_27_head_14,-0.14592,0.14592,0.02691
ecs_specific_layer_per_head_layer_24_head_23,-0.14580,0.14580,0.02704
cas_vs_current_layer_per_head_layer_11_head_10,0.14572,0.14572,0.02712
cas_alt_vs_final_layer_per_head_layer_4_head_7,-0.14568,0.14568,0.02717
bos_attention_proportion_per_head_layer_17_head_11,-0.14563,0.14563,0.02722
cas_vs_current_layer_per_head_layer_1_head_19,-0.14561,0.14561,0.02724
ecs_prompt_specific_layer_per_head_layer_1_head_7,0.14559,0.14559,0.02727
cas_vs_final_layer_per_head_layer_15_head_21,0.14557,0.14557,0.02728
ecs_specific_layer_per_head_layer_26_head_10,-0.14546,0.14546,0.02740
bos_attention_proportion_per_head_layer_11_head_22,0.14542,0.14542,0.02745
bos_attention_proportion_per_head_layer_23_head_16,0.14542,0.14542,0.02745
cos_sim_input_post_ffn_per_layer_layer_13,0.14537,0.14537,0.02750
cas_vs_current_layer_per_head_layer_26_head_17,-0.14537,0.14537,0.02750
cos_sim_pre_post_ffn_per_layer_layer_8,0.14535,0.14535,0.02752
cas_vs_final_layer_per_head_layer_14_head_23,-0.14519,0.14519,0.02770
ecs_prompt_specific_layer_per_head_layer_14_head_1,0.14504,0.14504,0.02785
cas_vs_current_layer_per_head_layer_11_head_11,0.14503,0.14503,0.02787
bos_attention_proportion_per_head_layer_3_head_12,0.14497,0.14497,0.02793
cas_vs_current_layer_per_head_layer_26_head_1,-0.14483,0.14483,0.02809
cas_alt_vs_current_layer_per_head_layer_15_head_23,0.14480,0.14480,0.02812
cas_vs_final_layer_per_head_layer_7_head_6,0.14480,0.14480,0.02812
bos_attention_proportion_per_head_layer_19_head_14,0.14473,0.14473,0.02819
cas_vs_current_layer_per_head_layer_1_head_2,-0.14468,0.14468,0.02825
cas_alt_vs_current_layer_per_head_layer_15_head_8,0.14464,0.14464,0.02829
ecs_specific_layer_per_head_layer_26_head_23,-0.14461,0.14461,0.02833
cas_vs_current_layer_per_head_layer_18_head_5,-0.14460,0.14460,0.02834
cas_alt_vs_current_layer_per_head_layer_15_head_3,0.14454,0.14454,0.02840
cas_alt_vs_final_layer_per_head_layer_22_head_2,-0.14446,0.14446,0.02850
attention_entropy_per_head_layer_8_head_5,-0.14442,0.14442,0.02854
bos_attention_proportion_per_head_layer_14_head_5,0.14441,0.14441,0.02855
bos_attention_proportion_per_head_layer_10_head_0,0.14437,0.14437,0.02860
bos_attention_proportion_per_head_layer_15_head_19,0.14425,0.14425,0.02873
cas_alt_vs_current_layer_per_head_layer_15_head_13,0.14417,0.14417,0.02882
cas_vs_current_layer_per_head_layer_1_head_23,-0.14410,0.14410,0.02890
cas_vs_current_layer_per_head_layer_1_head_1,-0.14405,0.14405,0.02895
cas_vs_current_layer_per_head_layer_8_head_21,0.14403,0.14403,0.02897
ecs_final_layer_per_head_layer_27_head_22,-0.14397,0.14397,0.02904
ecs_specific_layer_per_head_layer_27_head_22,-0.14397,0.14397,0.02904
ecs_prompt_specific_layer_per_head_layer_25_head_2,-0.14390,0.14390,0.02912
x_pre_ffn_norm_per_layer_layer_25,0.14385,0.14385,0.02917
cas_alt_vs_current_layer_per_head_layer_15_head_15,0.14376,0.14376,0.02928
bos_attention_proportion_per_head_layer_11_head_5,0.14374,0.14374,0.02930
ecs_prompt_specific_layer_per_head_layer_8_head_15,0.14373,0.14373,0.02931
ecs_specific_layer_per_head_layer_24_head_12,-0.14371,0.14371,0.02933
ecs_prompt_specific_layer_per_head_layer_11_head_21,0.14368,0.14368,0.02937
bos_attention_proportion_per_head_layer_10_head_9,0.14366,0.14366,0.02939
ecs_final_layer_per_head_layer_24_head_4,-0.14363,0.14363,0.02943
cas_vs_current_layer_per_head_layer_1_head_12,-0.14363,0.14363,0.02943
cas_vs_current_layer_per_head_layer_2_head_10,-0.14362,0.14362,0.02944
ecs_prompt_specific_layer_per_head_layer_8_head_1,0.14356,0.14356,0.02951
cas_alt_vs_current_layer_per_head_layer_12_head_19,0.14352,0.14352,0.02955
parameter_knowledge_difference_layer_13,-0.14348,0.14348,0.02960
ecs_prompt_specific_layer_per_head_layer_14_head_16,0.14337,0.14337,0.02973
cas_alt_vs_current_layer_per_head_layer_15_head_10,0.14334,0.14334,0.02976
cas_alt_vs_final_layer_per_head_layer_23_head_7,-0.14327,0.14327,0.02984
bos_attention_proportion_per_head_layer_5_head_5,0.14307,0.14307,0.03007
cas_vs_current_layer_per_head_layer_9_head_23,-0.14289,0.14289,0.03028
ecs_prompt_specific_layer_per_head_layer_3_head_3,0.14288,0.14288,0.03030
ecs_prompt_specific_layer_per_head_layer_10_head_23,0.14282,0.14282,0.03037
cas_vs_final_layer_per_head_layer_11_head_2,-0.14276,0.14276,0.03044
cas_vs_final_layer_per_head_layer_18_head_7,0.14273,0.14273,0.03047
ecs_specific_layer_per_head_layer_24_head_1,-0.14258,0.14258,0.03064
cas_alt_vs_final_layer_per_head_layer_12_head_8,-0.14232,0.14232,0.03095
ecs_prompt_specific_layer_per_head_layer_25_head_13,-0.14222,0.14222,0.03108
ecs_specific_layer_per_head_layer_19_head_2,-0.14218,0.14218,0.03113
cas_alt_vs_current_layer_per_head_layer_26_head_17,-0.14207,0.14207,0.03126
ecs_prompt_specific_layer_per_head_layer_11_head_23,0.14203,0.14203,0.03130
semantic_drift_per_layer_layer_17,-0.14188,0.14188,0.03148
ecs_prompt_specific_layer_per_head_layer_8_head_4,0.14188,0.14188,0.03148
cas_vs_current_layer_per_head_layer_12_head_21,0.14186,0.14186,0.03151
bos_attention_proportion_per_head_layer_17_head_21,0.14168,0.14168,0.03172
bos_attention_proportion_per_head_layer_13_head_9,0.14159,0.14159,0.03184
cas_alt_vs_final_layer_per_head_layer_26_head_21,-0.14158,0.14158,0.03186
ecs_prompt_specific_layer_per_head_layer_11_head_3,0.14143,0.14143,0.03203
cas_alt_vs_current_layer_per_head_layer_12_head_20,0.14136,0.14136,0.03212
ecs_prompt_specific_layer_per_head_layer_4_head_18,0.14129,0.14129,0.03220
attention_entropy_per_head_layer_1_head_11,0.14118,0.14118,0.03234
attention_entropy_per_head_layer_17_head_15,-0.14110,0.14110,0.03244
cas_alt_vs_final_layer_per_head_layer_17_head_9,-0.14108,0.14108,0.03247
ecs_prompt_specific_layer_per_head_layer_6_head_15,0.14102,0.14102,0.03254
cas_alt_vs_final_layer_per_head_layer_24_head_5,-0.14088,0.14088,0.03271
bos_attention_proportion_per_head_layer_18_head_12,-0.14083,0.14083,0.03278
cas_alt_vs_current_layer_per_head_layer_12_head_23,0.14058,0.14058,0.03308
bos_attention_proportion_per_head_layer_4_head_22,-0.14056,0.14056,0.03311
cas_alt_vs_final_layer_per_head_layer_14_head_20,-0.14049,0.14049,0.03321
bos_attention_proportion_per_head_layer_0_head_13,-0.14043,0.14043,0.03328
ecs_prompt_specific_layer_per_head_layer_0_head_7,-0.14041,0.14041,0.03331
bos_attention_proportion_per_head_layer_8_head_22,0.14032,0.14032,0.03342
ecs_specific_layer_per_head_layer_18_head_4,-0.14005,0.14005,0.03376
cas_vs_final_layer_per_head_layer_12_head_18,-0.13997,0.13997,0.03387
cas_alt_vs_current_layer_per_head_layer_2_head_11,0.13996,0.13996,0.03388
bos_attention_proportion_per_head_layer_18_head_18,0.13996,0.13996,0.03389
bos_attention_proportion_per_head_layer_12_head_19,-0.13994,0.13994,0.03391
cas_alt_vs_current_layer_per_head_layer_12_head_14,0.13989,0.13989,0.03397
bos_attention_proportion_per_head_layer_2_head_1,-0.13988,0.13988,0.03398
bos_attention_proportion_per_head_layer_10_head_21,-0.13980,0.13980,0.03409
bos_attention_proportion_per_head_layer_20_head_4,0.13970,0.13970,0.03422
cas_vs_current_layer_per_head_layer_26_head_2,-0.13968,0.13968,0.03425
bos_attention_proportion_per_head_layer_4_head_14,-0.13962,0.13962,0.03432
ecs_specific_layer_per_head_layer_25_head_8,-0.13956,0.13956,0.03440
ecs_prompt_specific_layer_per_head_layer_3_head_17,0.13949,0.13949,0.03449
attention_entropy_per_head_layer_9_head_15,0.13947,0.13947,0.03452
cas_vs_current_layer_per_head_layer_18_head_3,-0.13931,0.13931,0.03473
bos_attention_proportion_per_head_layer_27_head_18,0.13924,0.13924,0.03482
cas_vs_final_layer_per_head_layer_4_head_14,0.13918,0.13918,0.03490
cas_vs_current_layer_per_head_layer_1_head_10,-0.13900,0.13900,0.03514
cas_vs_final_layer_per_head_layer_24_head_0,0.13900,0.13900,0.03514
cas_alt_vs_final_layer_per_head_layer_19_head_15,-0.13889,0.13889,0.03528
pos_cos_similarity_per_layer_layer_20,0.13886,0.13886,0.03533
bos_attention_proportion_per_head_layer_18_head_23,0.13885,0.13885,0.03534
cas_alt_vs_current_layer_per_head_layer_15_head_14,0.13872,0.13872,0.03551
bos_attention_proportion_per_head_layer_17_head_6,0.13870,0.13870,0.03553
cas_vs_final_layer_per_head_layer_11_head_16,-0.13857,0.13857,0.03571
bos_attention_proportion_per_head_layer_4_head_1,-0.13848,0.13848,0.03583
bos_attention_proportion_per_head_layer_6_head_6,0.13835,0.13835,0.03600
cas_vs_final_layer_per_head_layer_0_head_8,-0.13833,0.13833,0.03603
cas_vs_current_layer_per_head_layer_17_head_19,-0.13828,0.13828,0.03610
cas_vs_final_layer_per_head_layer_16_head_12,0.13827,0.13827,0.03611
bos_attention_proportion_per_head_layer_1_head_10,-0.13825,0.13825,0.03614
ecs_prompt_specific_layer_per_head_layer_11_head_19,0.13823,0.13823,0.03617
cas_vs_current_layer_per_head_layer_1_head_21,-0.13807,0.13807,0.03639
cas_vs_current_layer_per_head_layer_1_head_20,-0.13804,0.13804,0.03643
bos_attention_proportion_per_head_layer_10_head_22,-0.13797,0.13797,0.03652
ecs_specific_layer_per_head_layer_18_head_5,-0.13785,0.13785,0.03670
ecs_prompt_specific_layer_per_head_layer_18_head_21,-0.13780,0.13780,0.03675
cas_vs_current_layer_per_head_layer_21_head_9,-0.13773,0.13773,0.03685
pos_cos_similarity_per_layer_layer_13,0.13764,0.13764,0.03698
pos_score_per_layer_layer_13,0.13764,0.13764,0.03698
cas_alt_vs_current_layer_per_head_layer_12_head_13,0.13721,0.13721,0.03758
cas_alt_vs_current_layer_per_head_layer_12_head_22,0.13716,0.13716,0.03765
attention_entropy_per_head_layer_10_head_17,-0.13715,0.13715,0.03767
bos_attention_proportion_per_head_layer_9_head_4,-0.13711,0.13711,0.03772
cas_alt_vs_final_layer_per_head_layer_18_head_1,-0.13706,0.13706,0.03779
cas_vs_current_layer_per_head_layer_7_head_0,-0.13693,0.13693,0.03798
v_ffn_norm_per_layer_layer_4,0.13685,0.13685,0.03809
cas_alt_vs_current_layer_per_head_layer_17_head_16,0.13681,0.13681,0.03815
cas_alt_vs_current_layer_per_head_layer_15_head_17,0.13657,0.13657,0.03850
cas_alt_vs_current_layer_per_head_layer_18_head_6,0.13652,0.13652,0.03857
ecs_prompt_specific_layer_per_head_layer_14_head_5,0.13645,0.13645,0.03866
cas_vs_current_layer_per_head_layer_24_head_6,-0.13643,0.13643,0.03869
cas_alt_vs_final_layer_per_head_layer_18_head_15,-0.13639,0.13639,0.03875
bos_attention_proportion_per_head_layer_25_head_10,-0.13633,0.13633,0.03883
ecs_prompt_final_layer_per_head_layer_26_head_21,-0.13627,0.13627,0.03892
cas_alt_vs_current_layer_per_head_layer_5_head_8,0.13600,0.13600,0.03931
ecs_prompt_specific_layer_per_head_layer_9_head_7,0.13599,0.13599,0.03934
cas_alt_vs_final_layer_per_head_layer_24_head_3,-0.13591,0.13591,0.03944
parameter_knowledge_difference_layer_23,0.13581,0.13581,0.03959
parameter_knowledge_difference_layer_14,-0.13571,0.13571,0.03974
attention_entropy_per_head_layer_25_head_12,-0.13568,0.13568,0.03979
ecs_prompt_specific_layer_per_head_layer_24_head_10,-0.13560,0.13560,0.03990
attention_entropy_per_head_layer_1_head_20,-0.13556,0.13556,0.03995
ecs_prompt_final_layer_per_head_layer_24_head_4,-0.13546,0.13546,0.04011
ecs_prompt_specific_layer_per_head_layer_14_head_18,0.13523,0.13523,0.04045
cas_vs_final_layer_per_head_layer_15_head_7,0.13522,0.13522,0.04047
cas_alt_vs_final_layer_per_head_layer_15_head_23,-0.13510,0.13510,0.04064
ecs_specific_layer_per_head_layer_18_head_6,-0.13507,0.13507,0.04069
cas_vs_current_layer_per_head_layer_24_head_8,-0.13498,0.13498,0.04083
attention_entropy_per_head_layer_10_head_15,-0.13494,0.13494,0.04089
ecs_final_layer_per_head_layer_24_head_16,-0.13477,0.13477,0.04115
cas_alt_vs_current_layer_per_head_layer_15_head_0,0.13473,0.13473,0.04121
ecs_prompt_specific_layer_per_head_layer_24_head_7,-0.13473,0.13473,0.04121
bos_attention_proportion_per_head_layer_2_head_5,0.13472,0.13472,0.04121
cos_sim_input_post_ffn_per_layer_layer_14,0.13469,0.13469,0.04126
ecs_specific_layer_per_head_layer_24_head_14,-0.13469,0.13469,0.04127
cas_vs_current_layer_per_head_layer_18_head_6,-0.13468,0.13468,0.04128
attention_entropy_per_head_layer_10_head_9,-0.13464,0.13464,0.04134
cas_alt_vs_current_layer_per_head_layer_26_head_7,-0.13457,0.13457,0.04145
cos_sim_input_pre_ffn_per_layer_layer_18,0.13453,0.13453,0.04152
pos_score_per_layer_layer_1,-0.13447,0.13447,0.04160
pos_cos_similarity_per_layer_layer_1,-0.13447,0.13447,0.04160
attention_entropy_per_head_layer_7_head_5,-0.13442,0.13442,0.04168
cas_alt_vs_current_layer_per_head_layer_8_head_19,0.13434,0.13434,0.04181
semantic_drift_per_layer_layer_26,-0.13433,0.13433,0.04181
bos_attention_proportion_per_head_layer_20_head_15,0.13432,0.13432,0.04183
ecs_prompt_specific_layer_per_head_layer_26_head_10,-0.13431,0.13431,0.04184
cas_vs_final_layer_per_head_layer_11_head_13,-0.13419,0.13419,0.04203
ecs_specific_layer_per_head_layer_25_head_0,-0.13414,0.13414,0.04211
ecs_prompt_specific_layer_per_head_layer_25_head_20,-0.13409,0.13409,0.04219
ecs_prompt_specific_layer_per_head_layer_23_head_0,-0.13407,0.13407,0.04221
v_attn_norm_per_layer_layer_15,-0.13399,0.13399,0.04234
ecs_prompt_specific_layer_per_head_layer_8_head_5,0.13393,0.13393,0.04243
cos_sim_pre_post_ffn_per_layer_layer_2,-0.13390,0.13390,0.04249
cas_alt_vs_current_layer_per_head_layer_15_head_4,0.13380,0.13380,0.04264
ecs_specific_layer_per_head_layer_25_head_1,-0.13370,0.13370,0.04279
ecs_specific_layer_per_head_layer_25_head_20,-0.13361,0.13361,0.04294
cas_alt_vs_final_layer_per_head_layer_12_head_17,-0.13359,0.13359,0.04297
cas_alt_vs_final_layer_per_head_layer_12_head_3,-0.13358,0.13358,0.04299
ecs_specific_layer_per_head_layer_25_head_18,-0.13356,0.13356,0.04302
cas_alt_vs_current_layer_per_head_layer_17_head_13,0.13351,0.13351,0.04309
ecs_prompt_specific_layer_per_head_layer_8_head_10,0.13351,0.13351,0.04309
cas_vs_current_layer_per_head_layer_10_head_19,0.13342,0.13342,0.04323
ecs_prompt_specific_layer_per_head_layer_11_head_11,0.13340,0.13340,0.04327
ecs_specific_layer_per_head_layer_25_head_22,-0.13332,0.13332,0.04340
ecs_specific_layer_per_head_layer_18_head_23,-0.13331,0.13331,0.04341
cas_vs_final_layer_per_head_layer_7_head_8,0.13330,0.13330,0.04343
cas_vs_current_layer_per_head_layer_25_head_7,-0.13325,0.13325,0.04350
ecs_prompt_specific_layer_per_head_layer_13_head_19,0.13323,0.13323,0.04354
bos_attention_proportion_per_head_layer_24_head_4,-0.13321,0.13321,0.04357
bos_attention_proportion_per_head_layer_16_head_6,0.13318,0.13318,0.04362
ecs_prompt_specific_layer_per_head_layer_1_head_13,0.13316,0.13316,0.04364
ecs_prompt_specific_layer_per_head_layer_1_head_22,0.13293,0.13293,0.04402
x_pre_ffn_norm_per_layer_layer_18,0.13276,0.13276,0.04429
cas_vs_final_layer_per_head_layer_16_head_6,0.13264,0.13264,0.04448
cas_vs_current_layer_per_head_layer_8_head_2,0.13249,0.13249,0.04472
cas_alt_vs_current_layer_per_head_layer_18_head_12,0.13246,0.13246,0.04478
cos_sim_input_pre_ffn_per_layer_layer_17,0.13242,0.13242,0.04484
cas_alt_vs_final_layer_per_head_layer_15_head_19,-0.13235,0.13235,0.04495
ecs_prompt_specific_layer_per_head_layer_19_head_13,-0.13233,0.13233,0.04499
cas_vs_current_layer_per_head_layer_4_head_23,-0.13223,0.13223,0.04515
bos_attention_proportion_per_head_layer_15_head_13,-0.13215,0.13215,0.04529
bos_attention_proportion_per_head_layer_6_head_11,-0.13205,0.13205,0.04545
bos_attention_proportion_per_head_layer_22_head_1,-0.13196,0.13196,0.04559
ecs_prompt_specific_layer_per_head_layer_14_head_7,0.13154,0.13154,0.04629
cas_alt_vs_current_layer_per_head_layer_26_head_14,-0.13143,0.13143,0.04648
cas_vs_current_layer_per_head_layer_7_head_11,-0.13139,0.13139,0.04654
bos_attention_proportion_per_head_layer_20_head_3,0.13130,0.13130,0.04670
pos_cos_similarity_per_layer_layer_19,0.13129,0.13129,0.04672
cas_vs_final_layer_per_head_layer_24_head_21,0.13127,0.13127,0.04674
ecs_prompt_specific_layer_per_head_layer_13_head_23,0.13124,0.13124,0.04680
bos_attention_proportion_per_head_layer_24_head_8,-0.13123,0.13123,0.04681
x_post_ffn_norm_per_layer_layer_14,0.13120,0.13120,0.04687
x_input_norm_per_layer_layer_15,0.13120,0.13120,0.04687
attention_entropy_per_head_layer_5_head_20,-0.13119,0.13119,0.04689
cas_vs_current_layer_per_head_layer_26_head_20,-0.13113,0.13113,0.04699
cas_alt_vs_current_layer_per_head_layer_18_head_0,0.13101,0.13101,0.04720
cas_alt_vs_current_layer_per_head_layer_18_head_17,0.13097,0.13097,0.04725
ecs_prompt_specific_layer_per_head_layer_10_head_14,0.13097,0.13097,0.04726
cas_alt_vs_current_layer_per_head_layer_12_head_9,0.13091,0.13091,0.04736
ecs_prompt_specific_layer_per_head_layer_1_head_5,0.13089,0.13089,0.04739
ecs_specific_layer_per_head_layer_25_head_9,-0.13080,0.13080,0.04755
bos_attention_proportion_per_head_layer_24_head_19,-0.13072,0.13072,0.04768
cas_alt_vs_final_layer_per_head_layer_24_head_16,-0.13069,0.13069,0.04774
cas_vs_final_layer_per_head_layer_11_head_3,-0.13064,0.13064,0.04783
ecs_prompt_specific_layer_per_head_layer_9_head_6,0.13057,0.13057,0.04794
ecs_prompt_specific_layer_per_head_layer_18_head_13,-0.13050,0.13050,0.04806
cas_alt_vs_current_layer_per_head_layer_16_head_6,0.13050,0.13050,0.04807
ecs_prompt_specific_layer_per_head_layer_7_head_13,0.13050,0.13050,0.04807
ecs_specific_layer_per_head_layer_24_head_7,-0.13044,0.13044,0.04817
bos_attention_proportion_per_head_layer_25_head_18,-0.13042,0.13042,0.04820
x_input_norm_per_layer_layer_7,-0.13040,0.13040,0.04824
x_post_ffn_norm_per_layer_layer_6,-0.13040,0.13040,0.04824
ecs_specific_layer_per_head_layer_26_head_6,-0.13029,0.13029,0.04842
ecs_prompt_specific_layer_per_head_layer_19_head_17,-0.13018,0.13018,0.04861
ecs_prompt_specific_layer_per_head_layer_2_head_5,0.13018,0.13018,0.04862
cas_vs_current_layer_per_head_layer_12_head_1,0.13007,0.13007,0.04882
ecs_prompt_specific_layer_per_head_layer_18_head_6,-0.13006,0.13006,0.04883
cas_alt_vs_current_layer_per_head_layer_17_head_14,0.13004,0.13004,0.04886
ecs_prompt_specific_layer_per_head_layer_1_head_18,0.12997,0.12997,0.04898
cas_alt_vs_final_layer_per_head_layer_23_head_10,-0.12996,0.12996,0.04900
cas_vs_final_layer_per_head_layer_14_head_9,-0.12989,0.12989,0.04913
bos_attention_proportion_per_head_layer_21_head_8,-0.12983,0.12983,0.04923
attention_entropy_per_head_layer_6_head_10,-0.12983,0.12983,0.04923
cos_sim_input_pre_ffn_per_layer_layer_4,-0.12982,0.12982,0.04925
bos_attention_proportion_per_head_layer_18_head_2,-0.12977,0.12977,0.04933
ecs_prompt_specific_layer_per_head_layer_5_head_9,0.12965,0.12965,0.04956
bos_attention_proportion_per_head_layer_24_head_7,-0.12958,0.12958,0.04968
cas_vs_current_layer_per_head_layer_14_head_19,0.12955,0.12955,0.04973
attention_entropy_per_head_layer_18_head_14,-0.12950,0.12950,0.04983
cas_alt_vs_current_layer_per_head_layer_15_head_11,0.12945,0.12945,0.04991
bos_attention_proportion_per_head_layer_21_head_1,0.12930,0.12930,0.05018
attention_entropy_per_head_layer_3_head_10,-0.12927,0.12927,0.05023
cas_alt_vs_current_layer_per_head_layer_17_head_2,0.12925,0.12925,0.05027
semantic_drift_per_layer_layer_19,-0.12917,0.12917,0.05040
cas_alt_vs_final_layer_per_head_layer_0_head_18,-0.12914,0.12914,0.05045
cas_alt_vs_current_layer_per_head_layer_11_head_0,0.12911,0.12911,0.05051
bos_attention_proportion_per_head_layer_0_head_8,-0.12908,0.12908,0.05057
cas_vs_final_layer_per_head_layer_0_head_6,-0.12901,0.12901,0.05070
bos_attention_proportion_per_head_layer_10_head_11,0.12899,0.12899,0.05073
ecs_prompt_specific_layer_per_head_layer_10_head_15,0.12880,0.12880,0.05107
cas_alt_vs_current_layer_per_head_layer_12_head_8,0.12872,0.12872,0.05122
cas_alt_vs_current_layer_per_head_layer_8_head_23,0.12868,0.12868,0.05129
cas_vs_final_layer_per_head_layer_24_head_10,0.12862,0.12862,0.05140
ecs_prompt_specific_layer_per_head_layer_2_head_21,0.12859,0.12859,0.05145
cas_vs_current_layer_per_head_layer_2_head_11,-0.12858,0.12858,0.05148
ecs_prompt_specific_layer_per_head_layer_3_head_12,0.12854,0.12854,0.05156
ecs_prompt_specific_layer_per_head_layer_19_head_2,-0.12848,0.12848,0.05167
bos_attention_proportion_per_head_layer_17_head_9,-0.12846,0.12846,0.05169
ecs_prompt_specific_layer_per_head_layer_1_head_0,0.12845,0.12845,0.05172
cas_vs_current_layer_per_head_layer_19_head_2,-0.12844,0.12844,0.05173
cas_alt_vs_current_layer_per_head_layer_15_head_19,0.12839,0.12839,0.05183
cas_vs_final_layer_per_head_layer_9_head_2,0.12837,0.12837,0.05185
cas_vs_final_layer_per_head_layer_11_head_20,-0.12837,0.12837,0.05187
ecs_prompt_specific_layer_per_head_layer_23_head_16,-0.12830,0.12830,0.05199
bos_attention_proportion_per_head_layer_25_head_1,0.12829,0.12829,0.05200
ecs_prompt_specific_layer_per_head_layer_14_head_13,0.12829,0.12829,0.05202
cas_vs_current_layer_per_head_layer_26_head_12,-0.12822,0.12822,0.05215
bos_attention_proportion_per_head_layer_4_head_15,-0.12819,0.12819,0.05219
ecs_prompt_specific_layer_per_head_layer_14_head_4,0.12818,0.12818,0.05221
ecs_prompt_specific_layer_per_head_layer_4_head_14,0.12817,0.12817,0.05222
bos_attention_proportion_per_head_layer_8_head_6,0.12805,0.12805,0.05246
ecs_prompt_specific_layer_per_head_layer_3_head_13,0.12803,0.12803,0.05250
ecs_specific_layer_per_head_layer_25_head_14,-0.12798,0.12798,0.05259
ecs_prompt_specific_layer_per_head_layer_8_head_2,0.12760,0.12760,0.05330
cas_vs_final_layer_per_head_layer_11_head_0,-0.12753,0.12753,0.05343
ecs_specific_layer_per_head_layer_18_head_0,-0.12744,0.12744,0.05359
cas_vs_current_layer_per_head_layer_14_head_20,0.12728,0.12728,0.05389
ecs_prompt_specific_layer_per_head_layer_11_head_12,0.12725,0.12725,0.05397
ecs_prompt_final_layer_per_head_layer_16_head_3,-0.12693,0.12693,0.05457
bos_attention_proportion_per_head_layer_15_head_11,0.12691,0.12691,0.05461
ecs_prompt_final_layer_per_head_layer_24_head_16,-0.12681,0.12681,0.05481
cas_vs_final_layer_per_head_layer_7_head_20,0.12677,0.12677,0.05489
ecs_specific_layer_per_head_layer_14_head_12,0.12674,0.12674,0.05494
ecs_prompt_specific_layer_per_head_layer_4_head_15,0.12669,0.12669,0.05503
cas_vs_final_layer_per_head_layer_11_head_9,-0.12666,0.12666,0.05509
ecs_prompt_specific_layer_per_head_layer_19_head_3,-0.12663,0.12663,0.05515
ecs_specific_layer_per_head_layer_8_head_15,0.12662,0.12662,0.05516
cas_vs_current_layer_per_head_layer_6_head_21,0.12654,0.12654,0.05532
cos_sim_input_pre_ffn_per_layer_layer_11,0.12619,0.12619,0.05601
ecs_prompt_specific_layer_per_head_layer_10_head_16,0.12617,0.12617,0.05604
cas_vs_final_layer_per_head_layer_11_head_5,-0.12617,0.12617,0.05605
ecs_prompt_specific_layer_per_head_layer_26_head_11,-0.12614,0.12614,0.05610
cas_alt_vs_current_layer_per_head_layer_18_head_20,0.12600,0.12600,0.05638
ecs_prompt_specific_layer_per_head_layer_24_head_17,-0.12598,0.12598,0.05643
ecs_specific_layer_per_head_layer_2_head_3,-0.12594,0.12594,0.05649
cas_vs_final_layer_per_head_layer_21_head_4,0.12591,0.12591,0.05656
bos_attention_proportion_per_head_layer_8_head_3,0.12582,0.12582,0.05674
ecs_prompt_specific_layer_per_head_layer_11_head_18,0.12578,0.12578,0.05682
cos_sim_input_post_ffn_per_layer_layer_7,0.12577,0.12577,0.05684
cos_sim_input_post_ffn_per_layer_layer_24,-0.12572,0.12572,0.05693
cas_vs_current_layer_per_head_layer_26_head_23,-0.12564,0.12564,0.05710
parameter_knowledge_difference_layer_11,-0.12560,0.12560,0.05717
cas_vs_current_layer_per_head_layer_18_head_23,-0.12552,0.12552,0.05734
ecs_specific_layer_per_head_layer_24_head_19,-0.12549,0.12549,0.05739
ecs_prompt_specific_layer_per_head_layer_3_head_6,0.12534,0.12534,0.05769
ecs_prompt_specific_layer_per_head_layer_11_head_6,0.12534,0.12534,0.05769
cas_alt_vs_current_layer_per_head_layer_15_head_16,0.12533,0.12533,0.05771
ecs_specific_layer_per_head_layer_9_head_1,-0.12533,0.12533,0.05771
cas_alt_vs_current_layer_per_head_layer_8_head_20,0.12532,0.12532,0.05773
cas_alt_vs_current_layer_per_head_layer_18_head_13,0.12528,0.12528,0.05782
cas_alt_vs_current_layer_per_head_layer_17_head_1,0.12510,0.12510,0.05817
bos_attention_proportion_per_head_layer_1_head_23,-0.12503,0.12503,0.05831
parameter_knowledge_difference_layer_7,-0.12502,0.12502,0.05834
ecs_specific_layer_per_head_layer_26_head_11,-0.12493,0.12493,0.05852
ecs_prompt_specific_layer_per_head_layer_25_head_18,-0.12484,0.12484,0.05870
ecs_specific_layer_per_head_layer_11_head_22,0.12479,0.12479,0.05880
cas_alt_vs_current_layer_per_head_layer_15_head_7,0.12475,0.12475,0.05888
bos_attention_proportion_per_head_layer_4_head_8,-0.12448,0.12448,0.05944
v_ffn_norm_per_layer_layer_15,0.12447,0.12447,0.05948
cos_sim_input_pre_ffn_per_layer_layer_26,0.12428,0.12428,0.05987
ecs_specific_layer_per_head_layer_24_head_9,-0.12418,0.12418,0.06006
ecs_prompt_specific_layer_per_head_layer_8_head_3,0.12404,0.12404,0.06035
ecs_specific_layer_per_head_layer_11_head_10,0.12400,0.12400,0.06045
cas_vs_current_layer_per_head_layer_26_head_14,-0.12399,0.12399,0.06046
bos_attention_proportion_per_head_layer_3_head_3,0.12399,0.12399,0.06046
attention_entropy_per_head_layer_18_head_22,-0.12392,0.12392,0.06061
ecs_specific_layer_per_head_layer_18_head_16,-0.12391,0.12391,0.06062
cas_alt_vs_current_layer_per_head_layer_26_head_22,-0.12390,0.12390,0.06066
cas_vs_current_layer_per_head_layer_11_head_1,0.12387,0.12387,0.06071
ecs_prompt_specific_layer_per_head_layer_1_head_1,0.12385,0.12385,0.06076
ecs_prompt_specific_layer_per_head_layer_23_head_1,-0.12380,0.12380,0.06087
cas_vs_final_layer_per_head_layer_23_head_3,0.12379,0.12379,0.06088
cas_vs_current_layer_per_head_layer_6_head_2,0.12378,0.12378,0.06090
bos_attention_proportion_per_head_layer_16_head_22,-0.12374,0.12374,0.06099
ecs_prompt_specific_layer_per_head_layer_12_head_23,0.12364,0.12364,0.06121
cas_vs_final_layer_per_head_layer_9_head_20,-0.12357,0.12357,0.06135
ecs_prompt_specific_layer_per_head_layer_25_head_16,-0.12353,0.12353,0.06143
cas_vs_current_layer_per_head_layer_24_head_20,-0.12352,0.12352,0.06145
ecs_prompt_specific_layer_per_head_layer_9_head_4,0.12352,0.12352,0.06145
ecs_specific_layer_per_head_layer_11_head_23,0.12349,0.12349,0.06151
attention_entropy_per_head_layer_18_head_9,-0.12349,0.12349,0.06151
ecs_specific_layer_per_head_layer_14_head_1,0.12346,0.12346,0.06158
bos_attention_proportion_per_head_layer_10_head_4,0.12344,0.12344,0.06163
bos_attention_proportion_per_head_layer_4_head_23,-0.12340,0.12340,0.06171
cas_alt_vs_current_layer_per_head_layer_20_head_20,0.12326,0.12326,0.06200
attention_entropy_per_head_layer_8_head_13,-0.12325,0.12325,0.06202
ecs_prompt_specific_layer_per_head_layer_14_head_6,0.12324,0.12324,0.06204
bos_attention_proportion_per_head_layer_6_head_13,-0.12321,0.12321,0.06211
cas_alt_vs_final_layer_per_head_layer_12_head_0,-0.12316,0.12316,0.06221
cas_vs_current_layer_per_head_layer_11_head_15,0.12312,0.12312,0.06231
cas_vs_current_layer_per_head_layer_26_head_7,-0.12306,0.12306,0.06242
ecs_specific_layer_per_head_layer_25_head_12,-0.12299,0.12299,0.06259
ecs_prompt_specific_layer_per_head_layer_23_head_2,-0.12292,0.12292,0.06274
ecs_prompt_specific_layer_per_head_layer_6_head_12,0.12289,0.12289,0.06280
cas_vs_current_layer_per_head_layer_8_head_15,0.12287,0.12287,0.06284
ecs_specific_layer_per_head_layer_13_head_21,0.12278,0.12278,0.06304
ecs_specific_layer_per_head_layer_25_head_19,-0.12277,0.12277,0.06305
cas_vs_final_layer_per_head_layer_19_head_18,0.12276,0.12276,0.06308
cas_alt_vs_final_layer_per_head_layer_14_head_5,-0.12266,0.12266,0.06329
bos_attention_proportion_per_head_layer_13_head_18,-0.12258,0.12258,0.06347
ecs_prompt_specific_layer_per_head_layer_23_head_15,-0.12250,0.12250,0.06365
cas_alt_vs_final_layer_per_head_layer_12_head_15,-0.12243,0.12243,0.06380
cas_alt_vs_final_layer_per_head_layer_13_head_22,-0.12242,0.12242,0.06383
cas_alt_vs_current_layer_per_head_layer_12_head_1,0.12241,0.12241,0.06384
cas_alt_vs_current_layer_per_head_layer_8_head_7,0.12237,0.12237,0.06393
bos_attention_proportion_per_head_layer_21_head_3,0.12235,0.12235,0.06398
attention_entropy_per_head_layer_20_head_3,-0.12226,0.12226,0.06417
attention_entropy_per_head_layer_26_head_4,-0.12224,0.12224,0.06422
ecs_specific_layer_per_head_layer_4_head_10,0.12220,0.12220,0.06431
attention_entropy_per_head_layer_14_head_8,-0.12218,0.12218,0.06435
v_attn_norm_per_layer_layer_4,0.12216,0.12216,0.06439
cas_vs_final_layer_per_head_layer_14_head_4,-0.12213,0.12213,0.06446
cas_alt_vs_current_layer_per_head_layer_17_head_17,0.12203,0.12203,0.06469
cas_alt_vs_current_layer_per_head_layer_8_head_6,0.12202,0.12202,0.06469
ecs_prompt_specific_layer_per_head_layer_14_head_15,0.12202,0.12202,0.06470
cas_alt_vs_current_layer_per_head_layer_18_head_16,0.12202,0.12202,0.06470
bos_attention_proportion_per_head_layer_14_head_4,0.12200,0.12200,0.06473
attention_entropy_per_head_layer_8_head_6,-0.12198,0.12198,0.06478
cas_vs_final_layer_per_head_layer_7_head_7,0.12197,0.12197,0.06481
cas_alt_vs_current_layer_per_head_layer_8_head_21,0.12194,0.12194,0.06486
cas_alt_vs_current_layer_per_head_layer_18_head_22,0.12192,0.12192,0.06493
ecs_prompt_specific_layer_per_head_layer_11_head_17,0.12184,0.12184,0.06510
bos_attention_proportion_per_head_layer_16_head_9,0.12155,0.12155,0.06573
semantic_drift_per_layer_layer_14,-0.12152,0.12152,0.06581
ecs_specific_layer_per_head_layer_3_head_13,-0.12150,0.12150,0.06586
cas_vs_current_layer_per_head_layer_9_head_5,0.12144,0.12144,0.06600
bos_attention_proportion_per_head_layer_0_head_7,-0.12131,0.12131,0.06629
ecs_prompt_specific_layer_per_head_layer_6_head_8,0.12126,0.12126,0.06638
cas_alt_vs_current_layer_per_head_layer_15_head_5,0.12121,0.12121,0.06651
bos_attention_proportion_per_head_layer_1_head_0,-0.12121,0.12121,0.06651
bos_attention_proportion_per_head_layer_22_head_11,-0.12120,0.12120,0.06654
cas_alt_vs_final_layer_per_head_layer_4_head_15,-0.12118,0.12118,0.06658
ecs_prompt_specific_layer_per_head_layer_11_head_22,0.12116,0.12116,0.06662
ecs_prompt_specific_layer_per_head_layer_19_head_6,-0.12116,0.12116,0.06662
ecs_specific_layer_per_head_layer_24_head_0,-0.12113,0.12113,0.06668
ecs_prompt_specific_layer_per_head_layer_13_head_1,0.12110,0.12110,0.06674
ecs_specific_layer_per_head_layer_11_head_6,0.12107,0.12107,0.06682
pos_score_per_layer_layer_10,-0.12097,0.12097,0.06704
pos_cos_similarity_per_layer_layer_10,-0.12097,0.12097,0.06704
ecs_prompt_specific_layer_per_head_layer_2_head_15,0.12093,0.12093,0.06715
ecs_prompt_specific_layer_per_head_layer_9_head_21,-0.12075,0.12075,0.06755
cas_vs_current_layer_per_head_layer_26_head_19,-0.12075,0.12075,0.06755
bos_attention_proportion_per_head_layer_21_head_17,0.12075,0.12075,0.06755
cos_sim_pre_post_ffn_per_layer_layer_17,0.12054,0.12054,0.06803
cas_alt_vs_final_layer_per_head_layer_9_head_10,-0.12052,0.12052,0.06809
cas_vs_final_layer_per_head_layer_21_head_9,-0.12049,0.12049,0.06815
bos_attention_proportion_per_head_layer_18_head_7,-0.12045,0.12045,0.06823
parameter_knowledge_difference_layer_4,0.12040,0.12040,0.06837
cas_alt_vs_current_layer_per_head_layer_16_head_15,0.12038,0.12038,0.06841
cas_vs_final_layer_per_head_layer_5_head_14,0.12037,0.12037,0.06842
attention_entropy_per_head_layer_8_head_23,-0.12033,0.12033,0.06851
cas_alt_vs_current_layer_per_head_layer_2_head_20,0.12033,0.12033,0.06851
bos_attention_proportion_per_head_layer_23_head_4,-0.12033,0.12033,0.06853
cas_vs_current_layer_per_head_layer_0_head_7,-0.12031,0.12031,0.06857
cas_vs_current_layer_per_head_layer_11_head_5,0.12030,0.12030,0.06858
x_post_ffn_norm_per_layer_layer_24,0.12028,0.12028,0.06864
x_input_norm_per_layer_layer_25,0.12028,0.12028,0.06864
cas_vs_current_layer_per_head_layer_0_head_11,-0.12026,0.12026,0.06868
ecs_prompt_specific_layer_per_head_layer_14_head_3,0.12016,0.12016,0.06890
bos_attention_proportion_per_head_layer_17_head_10,-0.12013,0.12013,0.06898
bos_attention_proportion_per_head_layer_7_head_10,0.12008,0.12008,0.06910
cas_vs_current_layer_per_head_layer_18_head_16,-0.12005,0.12005,0.06916
cas_vs_current_layer_per_head_layer_1_head_0,-0.11999,0.11999,0.06931
pos_cos_similarity_per_layer_layer_22,-0.11999,0.11999,0.06932
bos_attention_proportion_per_head_layer_7_head_13,0.11997,0.11997,0.06935
attention_entropy_per_head_layer_11_head_22,0.11996,0.11996,0.06938
bos_attention_proportion_per_head_layer_22_head_23,-0.11994,0.11994,0.06942
bos_attention_proportion_per_head_layer_12_head_11,0.11988,0.11988,0.06956
cas_alt_vs_final_layer_per_head_layer_8_head_22,-0.11978,0.11978,0.06981
cas_vs_current_layer_per_head_layer_0_head_10,-0.11964,0.11964,0.07014
ecs_prompt_specific_layer_per_head_layer_4_head_13,0.11935,0.11935,0.07083
attention_entropy_per_head_layer_3_head_14,-0.11934,0.11934,0.07084
ecs_specific_layer_per_head_layer_13_head_15,0.11932,0.11932,0.07090
cas_alt_vs_current_layer_per_head_layer_17_head_23,0.11926,0.11926,0.07103
attention_entropy_per_head_layer_18_head_18,-0.11925,0.11925,0.07107
cas_vs_final_layer_per_head_layer_23_head_12,0.11913,0.11913,0.07135
ecs_specific_layer_per_head_layer_0_head_7,-0.11910,0.11910,0.07141
ecs_prompt_specific_layer_per_head_layer_25_head_19,-0.11895,0.11895,0.07177
bos_attention_proportion_per_head_layer_3_head_14,-0.11891,0.11891,0.07187
cas_vs_current_layer_per_head_layer_24_head_22,-0.11890,0.11890,0.07190
cas_vs_current_layer_per_head_layer_26_head_15,-0.11887,0.11887,0.07197
ecs_prompt_specific_layer_per_head_layer_13_head_21,0.11884,0.11884,0.07203
cas_vs_current_layer_per_head_layer_24_head_7,-0.11884,0.11884,0.07205
ecs_specific_layer_per_head_layer_13_head_16,0.11881,0.11881,0.07211
cas_alt_vs_final_layer_per_head_layer_12_head_6,-0.11880,0.11880,0.07214
bos_attention_proportion_per_head_layer_1_head_16,0.11872,0.11872,0.07233
cas_alt_vs_current_layer_per_head_layer_18_head_21,0.11868,0.11868,0.07244
cas_alt_vs_current_layer_per_head_layer_17_head_12,0.11862,0.11862,0.07258
ecs_prompt_specific_layer_per_head_layer_7_head_11,0.11858,0.11858,0.07268
cas_vs_final_layer_per_head_layer_6_head_19,0.11851,0.11851,0.07285
cas_alt_vs_current_layer_per_head_layer_18_head_10,0.11847,0.11847,0.07293
ecs_specific_layer_per_head_layer_25_head_4,-0.11843,0.11843,0.07305
ecs_prompt_specific_layer_per_head_layer_24_head_5,-0.11839,0.11839,0.07314
ecs_specific_layer_per_head_layer_3_head_12,-0.11835,0.11835,0.07322
attention_entropy_per_head_layer_7_head_4,-0.11827,0.11827,0.07343
cas_alt_vs_current_layer_per_head_layer_8_head_18,0.11819,0.11819,0.07363
ecs_prompt_specific_layer_per_head_layer_11_head_5,0.11816,0.11816,0.07369
bos_attention_proportion_per_head_layer_21_head_15,-0.11816,0.11816,0.07371
ecs_prompt_specific_layer_per_head_layer_10_head_13,0.11815,0.11815,0.07373
cas_vs_current_layer_per_head_layer_26_head_16,-0.11800,0.11800,0.07409
cas_alt_vs_final_layer_per_head_layer_12_head_16,-0.11798,0.11798,0.07413
ecs_specific_layer_per_head_layer_2_head_10,-0.11795,0.11795,0.07421
ecs_specific_layer_per_head_layer_26_head_8,-0.11793,0.11793,0.07427
bos_attention_proportion_per_head_layer_18_head_20,0.11785,0.11785,0.07447
bos_attention_proportion_per_head_layer_6_head_9,0.11780,0.11780,0.07459
ecs_specific_layer_per_head_layer_10_head_20,0.11767,0.11767,0.07491
cas_alt_vs_current_layer_per_head_layer_12_head_3,0.11754,0.11754,0.07523
bos_attention_proportion_per_head_layer_15_head_4,0.11754,0.11754,0.07523
ecs_specific_layer_per_head_layer_7_head_16,0.11753,0.11753,0.07525
attention_entropy_per_head_layer_1_head_7,0.11751,0.11751,0.07530
ecs_specific_layer_per_head_layer_2_head_11,-0.11751,0.11751,0.07532
bos_attention_proportion_per_head_layer_20_head_20,-0.11750,0.11750,0.07532
cas_vs_final_layer_per_head_layer_11_head_12,-0.11750,0.11750,0.07534
bos_attention_proportion_per_head_layer_27_head_13,-0.11749,0.11749,0.07536
cas_alt_vs_current_layer_per_head_layer_8_head_13,0.11748,0.11748,0.07539
bos_attention_proportion_per_head_layer_7_head_20,0.11747,0.11747,0.07542
bos_attention_proportion_per_head_layer_3_head_8,0.11743,0.11743,0.07550
cas_vs_final_layer_per_head_layer_10_head_15,-0.11742,0.11742,0.07553
cas_vs_final_layer_per_head_layer_23_head_5,0.11739,0.11739,0.07561
bos_attention_proportion_per_head_layer_3_head_19,-0.11734,0.11734,0.07573
parameter_knowledge_difference_layer_25,-0.11726,0.11726,0.07593
cas_alt_vs_current_layer_per_head_layer_8_head_11,0.11711,0.11711,0.07630
cas_alt_vs_current_layer_per_head_layer_15_head_1,0.11698,0.11698,0.07663
attention_entropy_per_head_layer_8_head_19,-0.11695,0.11695,0.07673
pos_cos_similarity_per_layer_layer_18,-0.11680,0.11680,0.07709
pos_score_per_layer_layer_18,-0.11680,0.11680,0.07709
cos_sim_input_post_ffn_per_layer_layer_1,-0.11670,0.11670,0.07737
attention_entropy_per_head_layer_4_head_20,0.11666,0.11666,0.07745
cas_vs_current_layer_per_head_layer_25_head_0,-0.11665,0.11665,0.07747
attention_entropy_per_head_layer_0_head_19,-0.11661,0.11661,0.07760
cas_alt_vs_current_layer_per_head_layer_20_head_18,0.11660,0.11660,0.07761
ecs_prompt_specific_layer_per_head_layer_11_head_14,0.11657,0.11657,0.07769
v_attn_norm_per_layer_layer_11,-0.11656,0.11656,0.07772
cas_vs_final_layer_per_head_layer_9_head_6,-0.11639,0.11639,0.07815
cas_vs_final_layer_per_head_layer_24_head_3,0.11638,0.11638,0.07817
cas_vs_final_layer_per_head_layer_11_head_14,-0.11631,0.11631,0.07835
cas_alt_vs_current_layer_per_head_layer_16_head_9,0.11621,0.11621,0.07862
parameter_knowledge_difference_layer_22,-0.11617,0.11617,0.07871
cas_alt_vs_current_layer_per_head_layer_8_head_2,0.11616,0.11616,0.07874
ecs_specific_layer_per_head_layer_24_head_2,-0.11614,0.11614,0.07880
ecs_prompt_specific_layer_per_head_layer_11_head_13,0.11611,0.11611,0.07888
cas_alt_vs_current_layer_per_head_layer_8_head_5,0.11608,0.11608,0.07896
pos_score_per_layer_layer_22,-0.11607,0.11607,0.07897
cas_vs_current_layer_per_head_layer_19_head_4,-0.11596,0.11596,0.07927
ecs_specific_layer_per_head_layer_8_head_13,0.11594,0.11594,0.07933
bos_attention_proportion_per_head_layer_12_head_21,-0.11591,0.11591,0.07940
ecs_prompt_specific_layer_per_head_layer_14_head_21,0.11588,0.11588,0.07947
ecs_prompt_specific_layer_per_head_layer_2_head_6,0.11588,0.11588,0.07948
bos_attention_proportion_per_head_layer_9_head_20,-0.11585,0.11585,0.07955
bos_attention_proportion_per_head_layer_15_head_15,0.11569,0.11569,0.07998
ecs_prompt_specific_layer_per_head_layer_25_head_15,-0.11562,0.11562,0.08016
cas_vs_current_layer_per_head_layer_0_head_18,-0.11561,0.11561,0.08017
ecs_prompt_specific_layer_per_head_layer_6_head_9,0.11559,0.11559,0.08023
ecs_prompt_specific_layer_per_head_layer_19_head_1,-0.11554,0.11554,0.08038
attention_entropy_per_head_layer_9_head_14,-0.11552,0.11552,0.08041
ecs_prompt_specific_layer_per_head_layer_14_head_9,0.11550,0.11550,0.08048
cas_alt_vs_current_layer_per_head_layer_2_head_17,0.11548,0.11548,0.08053
bos_attention_proportion_per_head_layer_24_head_14,-0.11535,0.11535,0.08087
cas_alt_vs_current_layer_per_head_layer_17_head_15,0.11532,0.11532,0.08094
cas_vs_current_layer_per_head_layer_3_head_14,-0.11524,0.11524,0.08115
ecs_prompt_specific_layer_per_head_layer_24_head_15,-0.11520,0.11520,0.08127
ecs_specific_layer_per_head_layer_14_head_21,0.11516,0.11516,0.08138
pos_score_per_layer_layer_27,0.11511,0.11511,0.08150
cas_vs_final_layer_per_head_layer_17_head_2,0.11490,0.11490,0.08206
ecs_prompt_specific_layer_per_head_layer_13_head_18,0.11490,0.11490,0.08206
cas_vs_current_layer_per_head_layer_19_head_3,-0.11487,0.11487,0.08216
cas_vs_final_layer_per_head_layer_23_head_9,0.11480,0.11480,0.08234
attention_entropy_per_head_layer_0_head_5,-0.11476,0.11476,0.08246
ecs_specific_layer_per_head_layer_25_head_13,-0.11473,0.11473,0.08253
ecs_specific_layer_per_head_layer_11_head_0,0.11469,0.11469,0.08263
ecs_prompt_specific_layer_per_head_layer_10_head_18,0.11465,0.11465,0.08275
bos_attention_proportion_per_head_layer_21_head_7,-0.11464,0.11464,0.08277
cas_alt_vs_current_layer_per_head_layer_16_head_14,0.11450,0.11450,0.08316
ecs_prompt_specific_layer_per_head_layer_18_head_9,-0.11444,0.11444,0.08331
cas_alt_vs_current_layer_per_head_layer_2_head_15,0.11440,0.11440,0.08341
semantic_drift_per_layer_layer_25,-0.11440,0.11440,0.08342
cas_alt_vs_current_layer_per_head_layer_8_head_3,0.11435,0.11435,0.08356
cas_vs_current_layer_per_head_layer_22_head_17,-0.11424,0.11424,0.08386
ecs_prompt_specific_layer_per_head_layer_23_head_14,-0.11421,0.11421,0.08393
cas_vs_current_layer_per_head_layer_4_head_14,-0.11418,0.11418,0.08401
attention_entropy_per_head_layer_27_head_17,-0.11417,0.11417,0.08406
cas_alt_vs_current_layer_per_head_layer_18_head_23,0.11416,0.11416,0.08407
ecs_prompt_specific_layer_per_head_layer_11_head_1,0.11411,0.11411,0.08420
ecs_prompt_specific_layer_per_head_layer_14_head_19,0.11410,0.11410,0.08422
ecs_prompt_specific_layer_per_head_layer_2_head_19,0.11408,0.11408,0.08430
cas_alt_vs_current_layer_per_head_layer_17_head_11,0.11405,0.11405,0.08436
cas_alt_vs_current_layer_per_head_layer_8_head_9,0.11395,0.11395,0.08464
cas_vs_final_layer_per_head_layer_11_head_23,-0.11386,0.11386,0.08488
ecs_prompt_specific_layer_per_head_layer_23_head_5,-0.11386,0.11386,0.08491
cas_vs_current_layer_per_head_layer_11_head_8,0.11375,0.11375,0.08520
cas_alt_vs_current_layer_per_head_layer_16_head_1,0.11372,0.11372,0.08529
ecs_specific_layer_per_head_layer_25_head_11,-0.11371,0.11371,0.08532
ecs_prompt_specific_layer_per_head_layer_9_head_8,0.11365,0.11365,0.08547
cas_vs_final_layer_per_head_layer_7_head_9,0.11358,0.11358,0.08566
bos_attention_proportion_per_head_layer_10_head_7,0.11355,0.11355,0.08576
x_post_ffn_norm_per_layer_layer_23,0.11348,0.11348,0.08595
x_input_norm_per_layer_layer_24,0.11348,0.11348,0.08595
v_attn_norm_per_layer_layer_10,0.11341,0.11341,0.08615
ecs_prompt_specific_layer_per_head_layer_23_head_6,-0.11337,0.11337,0.08626
ecs_prompt_specific_layer_per_head_layer_2_head_7,0.11336,0.11336,0.08628
cas_alt_vs_current_layer_per_head_layer_16_head_3,0.11336,0.11336,0.08629
cos_sim_input_pre_ffn_per_layer_layer_22,-0.11331,0.11331,0.08642
ecs_specific_layer_per_head_layer_3_head_20,0.11329,0.11329,0.08649
ecs_specific_layer_per_head_layer_19_head_3,-0.11328,0.11328,0.08649
bos_attention_proportion_per_head_layer_22_head_12,0.11326,0.11326,0.08655
ecs_prompt_specific_layer_per_head_layer_26_head_8,-0.11320,0.11320,0.08673
ecs_specific_layer_per_head_layer_25_head_3,-0.11309,0.11309,0.08704
cas_alt_vs_current_layer_per_head_layer_18_head_14,0.11303,0.11303,0.08720
cas_alt_vs_current_layer_per_head_layer_8_head_0,0.11301,0.11301,0.08725
bos_attention_proportion_per_head_layer_16_head_21,0.11301,0.11301,0.08727
bos_attention_proportion_per_head_layer_4_head_17,0.11292,0.11292,0.08750
ecs_prompt_specific_layer_per_head_layer_5_head_23,0.11292,0.11292,0.08750
cas_alt_vs_current_layer_per_head_layer_17_head_20,0.11291,0.11291,0.08754
ecs_prompt_specific_layer_per_head_layer_8_head_19,0.11288,0.11288,0.08764
cas_vs_current_layer_per_head_layer_5_head_1,0.11286,0.11286,0.08769
ecs_prompt_specific_layer_per_head_layer_20_head_14,-0.11283,0.11283,0.08778
cas_alt_vs_current_layer_per_head_layer_15_head_12,0.11278,0.11278,0.08792
ecs_prompt_specific_layer_per_head_layer_5_head_0,0.11275,0.11275,0.08799
ecs_prompt_specific_layer_per_head_layer_10_head_22,0.11272,0.11272,0.08808
cas_vs_current_layer_per_head_layer_23_head_1,-0.11271,0.11271,0.08811
cas_vs_current_layer_per_head_layer_1_head_13,-0.11262,0.11262,0.08835
attention_entropy_per_head_layer_16_head_13,-0.11261,0.11261,0.08840
cas_vs_final_layer_per_head_layer_24_head_12,0.11259,0.11259,0.08845
ecs_prompt_specific_layer_per_head_layer_6_head_6,0.11256,0.11256,0.08854
cas_alt_vs_current_layer_per_head_layer_16_head_13,0.11254,0.11254,0.08861
cas_alt_vs_current_layer_per_head_layer_16_head_16,0.11248,0.11248,0.08876
cas_vs_final_layer_per_head_layer_0_head_16,-0.11236,0.11236,0.08912
cas_alt_vs_current_layer_per_head_layer_24_head_12,-0.11234,0.11234,0.08917
cas_alt_vs_current_layer_per_head_layer_5_head_7,0.11232,0.11232,0.08923
bos_attention_proportion_per_head_layer_18_head_15,0.11230,0.11230,0.08928
cas_vs_current_layer_per_head_layer_24_head_19,-0.11226,0.11226,0.08939
cos_sim_pre_post_ffn_per_layer_layer_5,0.11211,0.11211,0.08983
cas_vs_current_layer_per_head_layer_25_head_8,-0.11210,0.11210,0.08986
cas_alt_vs_current_layer_per_head_layer_8_head_15,0.11196,0.11196,0.09025
ecs_prompt_specific_layer_per_head_layer_25_head_17,-0.11193,0.11193,0.09036
cas_alt_vs_current_layer_per_head_layer_16_head_10,0.11190,0.11190,0.09044
cas_alt_vs_current_layer_per_head_layer_17_head_8,0.11187,0.11187,0.09051
cas_alt_vs_current_layer_per_head_layer_8_head_17,0.11182,0.11182,0.09067
pos_score_per_layer_layer_25,0.11175,0.11175,0.09086
cos_sim_input_post_ffn_per_layer_layer_6,0.11167,0.11167,0.09110
ecs_specific_layer_per_head_layer_25_head_2,-0.11163,0.11163,0.09123
ecs_prompt_specific_layer_per_head_layer_13_head_7,0.11160,0.11160,0.09130
ecs_prompt_specific_layer_per_head_layer_14_head_11,0.11155,0.11155,0.09145
bos_attention_proportion_per_head_layer_21_head_5,-0.11149,0.11149,0.09162
cas_vs_final_layer_per_head_layer_1_head_17,0.11145,0.11145,0.09174
cas_vs_current_layer_per_head_layer_11_head_9,0.11143,0.11143,0.09180
bos_attention_proportion_per_head_layer_14_head_17,0.11139,0.11139,0.09191
cas_alt_vs_current_layer_per_head_layer_17_head_19,0.11139,0.11139,0.09192
bos_attention_proportion_per_head_layer_27_head_21,-0.11139,0.11139,0.09193
pos_cos_similarity_per_layer_layer_25,0.11137,0.11137,0.09198
ecs_specific_layer_per_head_layer_1_head_23,0.11135,0.11135,0.09204
ecs_specific_layer_per_head_layer_18_head_3,-0.11130,0.11130,0.09218
bos_attention_proportion_per_head_layer_26_head_23,-0.11128,0.11128,0.09223
ecs_prompt_specific_layer_per_head_layer_23_head_17,-0.11128,0.11128,0.09224
bos_attention_proportion_per_head_layer_1_head_22,-0.11127,0.11127,0.09227
attention_entropy_per_head_layer_24_head_22,-0.11123,0.11123,0.09239
cas_alt_vs_current_layer_per_head_layer_8_head_22,0.11122,0.11122,0.09243
cas_vs_current_layer_per_head_layer_3_head_2,-0.11116,0.11116,0.09261
cas_vs_current_layer_per_head_layer_19_head_23,-0.11115,0.11115,0.09264
cas_vs_final_layer_per_head_layer_5_head_13,0.11113,0.11113,0.09269
cas_alt_vs_current_layer_per_head_layer_2_head_19,0.11112,0.11112,0.09271
cas_alt_vs_current_layer_per_head_layer_23_head_0,-0.11107,0.11107,0.09287
ecs_prompt_specific_layer_per_head_layer_23_head_13,-0.11107,0.11107,0.09288
ecs_specific_layer_per_head_layer_5_head_1,0.11106,0.11106,0.09288
ecs_prompt_specific_layer_per_head_layer_13_head_22,0.11106,0.11106,0.09290
cas_vs_current_layer_per_head_layer_24_head_2,-0.11099,0.11099,0.09311
ecs_prompt_specific_layer_per_head_layer_6_head_21,0.11093,0.11093,0.09328
ecs_prompt_specific_layer_per_head_layer_24_head_3,-0.11091,0.11091,0.09334
ecs_prompt_specific_layer_per_head_layer_14_head_17,0.11090,0.11090,0.09336
cas_vs_current_layer_per_head_layer_13_head_11,0.11087,0.11087,0.09345
v_attn_norm_per_layer_layer_18,-0.11085,0.11085,0.09350
cas_vs_final_layer_per_head_layer_9_head_12,0.11078,0.11078,0.09371
ecs_prompt_specific_layer_per_head_layer_19_head_7,-0.11075,0.11075,0.09380
ecs_prompt_specific_layer_per_head_layer_26_head_22,-0.11072,0.11072,0.09390
cas_vs_final_layer_per_head_layer_17_head_1,0.11071,0.11071,0.09394
cas_alt_vs_current_layer_per_head_layer_18_head_2,0.11062,0.11062,0.09420
cas_vs_current_layer_per_head_layer_19_head_21,-0.11058,0.11058,0.09432
attention_entropy_per_head_layer_16_head_18,-0.11057,0.11057,0.09436
ecs_specific_layer_per_head_layer_18_head_10,-0.11053,0.11053,0.09446
cas_vs_current_layer_per_head_layer_0_head_9,-0.11052,0.11052,0.09452
bos_attention_proportion_per_head_layer_21_head_12,-0.11039,0.11039,0.09489
cas_vs_final_layer_per_head_layer_25_head_22,0.11038,0.11038,0.09493
cas_vs_current_layer_per_head_layer_12_head_12,0.11029,0.11029,0.09519
cas_alt_vs_current_layer_per_head_layer_16_head_8,0.11023,0.11023,0.09538
attention_entropy_per_head_layer_10_head_5,-0.11014,0.11014,0.09565
attention_entropy_per_head_layer_27_head_15,-0.11014,0.11014,0.09566
ecs_specific_layer_per_head_layer_1_head_8,0.11006,0.11006,0.09590
cas_vs_final_layer_per_head_layer_18_head_12,0.11003,0.11003,0.09597
cas_vs_current_layer_per_head_layer_9_head_19,-0.10999,0.10999,0.09610
cas_vs_current_layer_per_head_layer_1_head_4,-0.10997,0.10997,0.09616
cas_vs_current_layer_per_head_layer_18_head_2,-0.10994,0.10994,0.09624
attention_entropy_per_head_layer_9_head_13,-0.10994,0.10994,0.09626
ecs_specific_layer_per_head_layer_24_head_15,-0.10992,0.10992,0.09632
bos_attention_proportion_per_head_layer_0_head_22,-0.10987,0.10987,0.09648
cos_sim_input_pre_ffn_per_layer_layer_7,0.10985,0.10985,0.09653
bos_attention_proportion_per_head_layer_8_head_8,0.10978,0.10978,0.09674
ecs_specific_layer_per_head_layer_4_head_4,0.10978,0.10978,0.09676
attention_entropy_per_head_layer_14_head_16,-0.10974,0.10974,0.09686
bos_attention_proportion_per_head_layer_5_head_14,0.10974,0.10974,0.09688
ecs_prompt_specific_layer_per_head_layer_10_head_20,0.10974,0.10974,0.09688
cas_alt_vs_current_layer_per_head_layer_6_head_21,0.10973,0.10973,0.09691
cas_vs_final_layer_per_head_layer_7_head_13,0.10965,0.10965,0.09716
cas_vs_current_layer_per_head_layer_18_head_0,-0.10957,0.10957,0.09738
cas_vs_final_layer_per_head_layer_7_head_14,0.10953,0.10953,0.09750
ecs_prompt_specific_layer_per_head_layer_4_head_2,0.10944,0.10944,0.09779
ecs_prompt_specific_layer_per_head_layer_18_head_14,-0.10940,0.10940,0.09791
ecs_prompt_specific_layer_per_head_layer_14_head_8,0.10931,0.10931,0.09818
cas_vs_current_layer_per_head_layer_10_head_20,0.10929,0.10929,0.09826
cas_vs_current_layer_per_head_layer_0_head_0,-0.10925,0.10925,0.09838
ecs_prompt_specific_layer_per_head_layer_24_head_16,-0.10924,0.10924,0.09840
bos_attention_proportion_per_head_layer_10_head_3,0.10920,0.10920,0.09854
cas_vs_current_layer_per_head_layer_15_head_1,0.10916,0.10916,0.09866
ecs_prompt_specific_layer_per_head_layer_18_head_0,-0.10912,0.10912,0.09877
cas_vs_current_layer_per_head_layer_25_head_10,-0.10909,0.10909,0.09886
attention_entropy_per_head_layer_23_head_3,-0.10909,0.10909,0.09888
cas_alt_vs_final_layer_per_head_layer_25_head_15,-0.10894,0.10894,0.09934
cas_vs_current_layer_per_head_layer_12_head_0,0.10889,0.10889,0.09951
attention_entropy_per_head_layer_27_head_22,-0.10885,0.10885,0.09961
attention_entropy_per_head_layer_27_head_8,-0.10884,0.10884,0.09966
ecs_prompt_specific_layer_per_head_layer_1_head_10,0.10884,0.10884,0.09966
bos_attention_proportion_per_head_layer_8_head_4,-0.10883,0.10883,0.09969
attention_entropy_per_head_layer_15_head_11,-0.10878,0.10878,0.09985
pos_score_per_layer_layer_23,-0.10875,0.10875,0.09994
cas_vs_final_layer_per_head_layer_19_head_10,0.10875,0.10875,0.09995
cas_alt_vs_current_layer_per_head_layer_18_head_15,0.10867,0.10867,0.10018
cas_alt_vs_current_layer_per_head_layer_18_head_3,0.10860,0.10860,0.10040
attention_entropy_per_head_layer_6_head_20,-0.10860,0.10860,0.10041
bos_attention_proportion_per_head_layer_3_head_5,0.10855,0.10855,0.10055
attention_entropy_per_head_layer_1_head_17,-0.10855,0.10855,0.10057
cas_vs_final_layer_per_head_layer_2_head_1,0.10855,0.10855,0.10058
cas_vs_final_layer_per_head_layer_23_head_2,0.10854,0.10854,0.10061
parameter_knowledge_difference_layer_26,-0.10853,0.10853,0.10063
v_attn_norm_per_layer_layer_21,0.10852,0.10852,0.10065
cas_alt_vs_current_layer_per_head_layer_16_head_7,0.10851,0.10851,0.10068
ecs_prompt_specific_layer_per_head_layer_3_head_23,0.10851,0.10851,0.10069
attention_entropy_per_head_layer_23_head_16,-0.10835,0.10835,0.10120
bos_attention_proportion_per_head_layer_24_head_9,0.10832,0.10832,0.10129
ecs_prompt_specific_layer_per_head_layer_23_head_12,-0.10825,0.10825,0.10151
bos_attention_proportion_per_head_layer_1_head_2,-0.10796,0.10796,0.10244
ecs_specific_layer_per_head_layer_10_head_18,0.10783,0.10783,0.10284
cas_vs_current_layer_per_head_layer_26_head_4,-0.10781,0.10781,0.10290
cas_alt_vs_current_layer_per_head_layer_2_head_10,0.10779,0.10779,0.10297
ecs_specific_layer_per_head_layer_24_head_17,-0.10779,0.10779,0.10298
bos_attention_proportion_per_head_layer_20_head_0,0.10776,0.10776,0.10308
cas_vs_current_layer_per_head_layer_24_head_12,-0.10775,0.10775,0.10310
attention_entropy_per_head_layer_1_head_23,0.10765,0.10765,0.10342
ecs_prompt_specific_layer_per_head_layer_23_head_4,-0.10762,0.10762,0.10352
attention_entropy_per_head_layer_3_head_23,-0.10761,0.10761,0.10357
ecs_specific_layer_per_head_layer_14_head_4,0.10756,0.10756,0.10374
cas_vs_current_layer_per_head_layer_25_head_5,-0.10755,0.10755,0.10376
cas_alt_vs_current_layer_per_head_layer_8_head_12,0.10754,0.10754,0.10378
cas_vs_final_layer_per_head_layer_9_head_8,-0.10750,0.10750,0.10392
cas_alt_vs_current_layer_per_head_layer_18_head_9,0.10748,0.10748,0.10399
attention_entropy_per_head_layer_10_head_22,-0.10743,0.10743,0.10413
ecs_specific_layer_per_head_layer_3_head_16,0.10740,0.10740,0.10424
cas_vs_current_layer_per_head_layer_25_head_9,-0.10740,0.10740,0.10425
cas_vs_current_layer_per_head_layer_0_head_20,-0.10726,0.10726,0.10469
cas_vs_current_layer_per_head_layer_13_head_12,0.10725,0.10725,0.10473
cas_alt_vs_current_layer_per_head_layer_12_head_0,0.10725,0.10725,0.10474
parameter_knowledge_difference_layer_18,-0.10721,0.10721,0.10485
bos_attention_proportion_per_head_layer_23_head_13,-0.10716,0.10716,0.10501
cas_vs_current_layer_per_head_layer_17_head_5,-0.10711,0.10711,0.10519
cas_alt_vs_current_layer_per_head_layer_16_head_12,0.10709,0.10709,0.10524
cas_vs_final_layer_per_head_layer_24_head_1,0.10706,0.10706,0.10535
cas_vs_final_layer_per_head_layer_2_head_13,0.10701,0.10701,0.10550
cas_vs_final_layer_per_head_layer_23_head_14,0.10693,0.10693,0.10576
ecs_specific_layer_per_head_layer_6_head_7,-0.10689,0.10689,0.10589
cas_alt_vs_current_layer_per_head_layer_16_head_2,0.10679,0.10679,0.10624
cas_vs_final_layer_per_head_layer_11_head_22,-0.10668,0.10668,0.10661
cas_alt_vs_current_layer_per_head_layer_18_head_5,0.10654,0.10654,0.10707
ecs_prompt_specific_layer_per_head_layer_10_head_2,0.10653,0.10653,0.10711
ecs_specific_layer_per_head_layer_2_head_4,0.10649,0.10649,0.10724
ecs_prompt_specific_layer_per_head_layer_19_head_14,-0.10643,0.10643,0.10743
cas_vs_current_layer_per_head_layer_18_head_22,-0.10635,0.10635,0.10768
cas_vs_current_layer_per_head_layer_18_head_17,-0.10635,0.10635,0.10770
attention_entropy_per_head_layer_12_head_11,-0.10626,0.10626,0.10799
cas_vs_current_layer_per_head_layer_25_head_19,-0.10623,0.10623,0.10809
cas_vs_current_layer_per_head_layer_19_head_7,-0.10622,0.10622,0.10813
bos_attention_proportion_per_head_layer_6_head_4,0.10619,0.10619,0.10823
cas_vs_final_layer_per_head_layer_11_head_4,-0.10618,0.10618,0.10826
attention_entropy_per_head_layer_0_head_3,-0.10610,0.10610,0.10854
cas_vs_current_layer_per_head_layer_7_head_6,0.10604,0.10604,0.10873
ecs_specific_layer_per_head_layer_11_head_15,0.10601,0.10601,0.10883
ecs_specific_layer_per_head_layer_10_head_10,0.10601,0.10601,0.10884
cas_vs_current_layer_per_head_layer_15_head_20,-0.10600,0.10600,0.10885
cas_vs_current_layer_per_head_layer_1_head_5,-0.10598,0.10598,0.10892
attention_entropy_per_head_layer_27_head_16,-0.10596,0.10596,0.10901
cas_vs_current_layer_per_head_layer_18_head_10,-0.10592,0.10592,0.10913
cas_alt_vs_current_layer_per_head_layer_26_head_21,-0.10589,0.10589,0.10922
ecs_specific_layer_per_head_layer_19_head_1,-0.10584,0.10584,0.10941
attention_entropy_per_head_layer_18_head_8,-0.10559,0.10559,0.11026
bos_attention_proportion_per_head_layer_0_head_15,-0.10556,0.10556,0.11033
cas_vs_final_layer_per_head_layer_18_head_21,-0.10554,0.10554,0.11040
ecs_specific_layer_per_head_layer_24_head_18,-0.10551,0.10551,0.11050
ecs_specific_layer_per_head_layer_23_head_13,-0.10551,0.10551,0.11052
ecs_prompt_specific_layer_per_head_layer_19_head_5,-0.10544,0.10544,0.11077
bos_attention_proportion_per_head_layer_24_head_12,-0.10536,0.10536,0.11103
bos_attention_proportion_per_head_layer_5_head_11,-0.10535,0.10535,0.11106
cas_alt_vs_current_layer_per_head_layer_5_head_16,0.10532,0.10532,0.11117
cas_vs_current_layer_per_head_layer_12_head_5,0.10530,0.10530,0.11124
v_attn_norm_per_layer_layer_3,0.10528,0.10528,0.11131
cas_alt_vs_current_layer_per_head_layer_17_head_3,0.10527,0.10527,0.11133
cas_vs_current_layer_per_head_layer_12_head_2,0.10527,0.10527,0.11135
bos_attention_proportion_per_head_layer_7_head_16,-0.10523,0.10523,0.11146
ecs_prompt_specific_layer_per_head_layer_10_head_6,0.10514,0.10514,0.11177
attention_entropy_per_head_layer_3_head_15,-0.10512,0.10512,0.11185
cas_alt_vs_current_layer_per_head_layer_18_head_1,0.10510,0.10510,0.11192
cas_vs_current_layer_per_head_layer_17_head_7,-0.10509,0.10509,0.11195
cas_vs_current_layer_per_head_layer_25_head_6,-0.10504,0.10504,0.11212
ecs_specific_layer_per_head_layer_3_head_17,0.10496,0.10496,0.11239
ecs_prompt_specific_layer_per_head_layer_2_head_17,0.10496,0.10496,0.11239
bos_attention_proportion_per_head_layer_12_head_6,0.10495,0.10495,0.11243
cas_alt_vs_current_layer_per_head_layer_12_head_15,0.10476,0.10476,0.11310
ecs_prompt_specific_layer_per_head_layer_14_head_23,0.10471,0.10471,0.11326
ecs_prompt_specific_layer_per_head_layer_4_head_19,0.10466,0.10466,0.11345
cas_alt_vs_current_layer_per_head_layer_17_head_21,0.10446,0.10446,0.11411
cas_vs_final_layer_per_head_layer_15_head_16,0.10444,0.10444,0.11419
cas_alt_vs_current_layer_per_head_layer_17_head_10,0.10435,0.10435,0.11452
cas_alt_vs_current_layer_per_head_layer_17_head_6,0.10432,0.10432,0.11460
ecs_specific_layer_per_head_layer_19_head_6,-0.10430,0.10430,0.11468
ecs_specific_layer_per_head_layer_10_head_0,0.10428,0.10428,0.11475
cas_vs_current_layer_per_head_layer_25_head_11,-0.10417,0.10417,0.11516
cas_alt_vs_current_layer_per_head_layer_17_head_0,0.10410,0.10410,0.11538
ecs_prompt_specific_layer_per_head_layer_16_head_4,-0.10403,0.10403,0.11563
bos_attention_proportion_per_head_layer_1_head_3,-0.10394,0.10394,0.11593
v_ffn_norm_per_layer_layer_16,-0.10392,0.10392,0.11602
cas_alt_vs_current_layer_per_head_layer_17_head_5,0.10390,0.10390,0.11610
ecs_specific_layer_per_head_layer_1_head_11,-0.10385,0.10385,0.11627
cos_sim_input_post_ffn_per_layer_layer_5,0.10384,0.10384,0.11629
cas_alt_vs_current_layer_per_head_layer_15_head_6,0.10382,0.10382,0.11636
cas_vs_current_layer_per_head_layer_5_head_12,0.10381,0.10381,0.11641
bos_attention_proportion_per_head_layer_19_head_10,0.10376,0.10376,0.11660
ecs_prompt_specific_layer_per_head_layer_19_head_9,-0.10374,0.10374,0.11667
ecs_specific_layer_per_head_layer_19_head_0,-0.10373,0.10373,0.11669
cas_vs_current_layer_per_head_layer_26_head_6,-0.10370,0.10370,0.11681
cas_alt_vs_current_layer_per_head_layer_8_head_4,0.10368,0.10368,0.11686
cas_vs_final_layer_per_head_layer_8_head_1,0.10367,0.10367,0.11690
cas_alt_vs_final_layer_per_head_layer_24_head_4,-0.10365,0.10365,0.11699
ecs_prompt_specific_layer_per_head_layer_8_head_17,0.10363,0.10363,0.11703
ecs_prompt_specific_layer_per_head_layer_24_head_4,-0.10355,0.10355,0.11734
ecs_specific_layer_per_head_layer_24_head_5,-0.10354,0.10354,0.11737
cas_vs_current_layer_per_head_layer_24_head_11,-0.10348,0.10348,0.11757
ecs_specific_layer_per_head_layer_6_head_19,0.10336,0.10336,0.11799
ecs_prompt_specific_layer_per_head_layer_19_head_12,-0.10328,0.10328,0.11831
ecs_specific_layer_per_head_layer_26_head_22,-0.10316,0.10316,0.11872
semantic_drift_per_layer_layer_1,0.10311,0.10311,0.11890
ecs_specific_layer_per_head_layer_5_head_9,0.10307,0.10307,0.11904
cas_vs_final_layer_per_head_layer_9_head_23,-0.10304,0.10304,0.11915
bos_attention_proportion_per_head_layer_9_head_5,-0.10302,0.10302,0.11922
cas_vs_current_layer_per_head_layer_17_head_6,-0.10284,0.10284,0.11987
ecs_specific_layer_per_head_layer_23_head_1,-0.10284,0.10284,0.11990
cas_alt_vs_current_layer_per_head_layer_17_head_7,0.10271,0.10271,0.12034
attention_entropy_per_head_layer_6_head_3,-0.10266,0.10266,0.12053
bos_attention_proportion_per_head_layer_16_head_18,0.10261,0.10261,0.12070
cas_vs_final_layer_per_head_layer_7_head_19,0.10258,0.10258,0.12084
ecs_specific_layer_per_head_layer_14_head_19,0.10254,0.10254,0.12096
ecs_prompt_specific_layer_per_head_layer_8_head_22,0.10244,0.10244,0.12132
cas_vs_current_layer_per_head_layer_15_head_7,0.10244,0.10244,0.12133
cas_vs_final_layer_per_head_layer_25_head_4,0.10235,0.10235,0.12168
x_post_ffn_norm_per_layer_layer_2,0.10232,0.10232,0.12179
x_input_norm_per_layer_layer_3,0.10232,0.10232,0.12179
cas_vs_current_layer_per_head_layer_6_head_18,0.10219,0.10219,0.12227
cos_sim_pre_post_ffn_per_layer_layer_7,0.10210,0.10210,0.12259
bos_attention_proportion_per_head_layer_18_head_13,-0.10203,0.10203,0.12282
cos_sim_input_pre_ffn_per_layer_layer_10,-0.10196,0.10196,0.12311
ecs_specific_layer_per_head_layer_18_head_7,-0.10194,0.10194,0.12318
cas_vs_current_layer_per_head_layer_17_head_20,-0.10193,0.10193,0.12319
ecs_specific_layer_per_head_layer_7_head_10,0.10187,0.10187,0.12343
ecs_prompt_specific_layer_per_head_layer_13_head_20,0.10185,0.10185,0.12351
attention_entropy_per_head_layer_21_head_13,0.10183,0.10183,0.12358
cas_alt_vs_current_layer_per_head_layer_8_head_14,0.10176,0.10176,0.12384
cas_alt_vs_current_layer_per_head_layer_15_head_21,0.10163,0.10163,0.12433
attention_entropy_per_head_layer_27_head_5,-0.10162,0.10162,0.12435
bos_attention_proportion_per_head_layer_16_head_23,0.10160,0.10160,0.12443
ecs_prompt_specific_layer_per_head_layer_18_head_8,-0.10158,0.10158,0.12450
bos_attention_proportion_per_head_layer_6_head_3,-0.10150,0.10150,0.12480
cas_vs_current_layer_per_head_layer_26_head_9,-0.10150,0.10150,0.12482
ecs_specific_layer_per_head_layer_11_head_3,0.10146,0.10146,0.12497
ecs_specific_layer_per_head_layer_18_head_22,-0.10139,0.10139,0.12523
ecs_prompt_specific_layer_per_head_layer_5_head_10,0.10130,0.10130,0.12555
x_pre_ffn_norm_per_layer_layer_21,0.10126,0.10126,0.12570
ecs_prompt_specific_layer_per_head_layer_9_head_5,0.10125,0.10125,0.12576
ecs_prompt_specific_layer_per_head_layer_0_head_17,-0.10123,0.10123,0.12583
cas_vs_current_layer_per_head_layer_24_head_18,-0.10117,0.10117,0.12603
cas_alt_vs_current_layer_per_head_layer_20_head_1,0.10117,0.10117,0.12605
semantic_drift_per_layer_layer_22,-0.10116,0.10116,0.12609
ecs_specific_layer_per_head_layer_11_head_16,0.10104,0.10104,0.12652
cas_vs_final_layer_per_head_layer_2_head_9,0.10098,0.10098,0.12676
ecs_prompt_specific_layer_per_head_layer_11_head_16,0.10095,0.10095,0.12686
ecs_specific_layer_per_head_layer_24_head_11,-0.10081,0.10081,0.12739
bos_attention_proportion_per_head_layer_18_head_22,0.10075,0.10075,0.12764
cas_vs_current_layer_per_head_layer_19_head_5,-0.10068,0.10068,0.12790
cas_vs_final_layer_per_head_layer_11_head_18,-0.10066,0.10066,0.12796
cas_vs_current_layer_per_head_layer_13_head_19,0.10066,0.10066,0.12798
ecs_specific_layer_per_head_layer_3_head_4,-0.10062,0.10062,0.12811
cas_vs_final_layer_per_head_layer_9_head_19,-0.10057,0.10057,0.12833
ecs_prompt_specific_layer_per_head_layer_8_head_14,0.10056,0.10056,0.12836
bos_attention_proportion_per_head_layer_21_head_16,0.10053,0.10053,0.12848
bos_attention_proportion_per_head_layer_15_head_1,0.10052,0.10052,0.12852
cas_vs_final_layer_per_head_layer_15_head_12,0.10051,0.10051,0.12854
cas_vs_current_layer_per_head_layer_20_head_14,-0.10035,0.10035,0.12916
ecs_specific_layer_per_head_layer_9_head_4,0.10032,0.10032,0.12926
ecs_specific_layer_per_head_layer_6_head_21,0.10028,0.10028,0.12944
ecs_specific_layer_per_head_layer_19_head_9,-0.10025,0.10025,0.12955
ecs_prompt_specific_layer_per_head_layer_3_head_19,0.10024,0.10024,0.12958
bos_attention_proportion_per_head_layer_22_head_13,-0.10024,0.10024,0.12958
cas_vs_current_layer_per_head_layer_17_head_4,-0.10004,0.10004,0.13036
cos_sim_input_pre_ffn_per_layer_layer_5,0.10004,0.10004,0.13036
semantic_drift_per_layer_layer_2,-0.10000,0.10000,0.13051
cas_vs_final_layer_per_head_layer_11_head_6,-0.09996,0.09996,0.13065
ecs_prompt_specific_layer_per_head_layer_23_head_23,-0.09992,0.09992,0.13080
cos_sim_pre_post_ffn_per_layer_layer_4,-0.09984,0.09984,0.13111
cas_vs_current_layer_per_head_layer_11_head_21,0.09979,0.09979,0.13132
ecs_specific_layer_per_head_layer_19_head_21,-0.09971,0.09971,0.13165
cas_vs_current_layer_per_head_layer_17_head_8,-0.09967,0.09967,0.13179
ecs_specific_layer_per_head_layer_18_head_17,-0.09965,0.09965,0.13186
cas_vs_current_layer_per_head_layer_9_head_17,0.09965,0.09965,0.13188
ecs_specific_layer_per_head_layer_4_head_21,0.09963,0.09963,0.13196
attention_entropy_per_head_layer_18_head_4,-0.09950,0.09950,0.13246
bos_attention_proportion_per_head_layer_2_head_19,0.09947,0.09947,0.13257
cos_sim_pre_post_ffn_per_layer_layer_12,0.09946,0.09946,0.13261
cas_alt_vs_current_layer_per_head_layer_12_head_6,0.09944,0.09944,0.13268
cas_vs_current_layer_per_head_layer_26_head_3,-0.09933,0.09933,0.13312
attention_entropy_per_head_layer_17_head_23,-0.09927,0.09927,0.13336
cas_alt_vs_current_layer_per_head_layer_8_head_10,0.09926,0.09926,0.13340
semantic_drift_per_layer_layer_21,-0.09910,0.09910,0.13403
ecs_specific_layer_per_head_layer_6_head_2,0.09899,0.09899,0.13444
ecs_specific_layer_per_head_layer_2_head_15,-0.09896,0.09896,0.13459
cas_vs_current_layer_per_head_layer_9_head_1,-0.09895,0.09895,0.13462
cas_vs_current_layer_per_head_layer_5_head_18,-0.09890,0.09890,0.13481
attention_entropy_per_head_layer_17_head_7,0.09889,0.09889,0.13485
attention_entropy_per_head_layer_18_head_15,0.09889,0.09889,0.13485
attention_entropy_per_head_layer_2_head_13,0.09889,0.09889,0.13485
attention_entropy_per_head_layer_20_head_10,0.09889,0.09889,0.13485
attention_entropy_per_head_layer_14_head_10,0.09889,0.09889,0.13485
attention_entropy_per_head_layer_21_head_18,0.09889,0.09889,0.13485
attention_entropy_per_head_layer_22_head_10,0.09889,0.09889,0.13485
attention_entropy_per_head_layer_23_head_17,0.09889,0.09889,0.13485
attention_entropy_per_head_layer_6_head_1,0.09889,0.09889,0.13485
attention_entropy_per_head_layer_15_head_7,0.09889,0.09889,0.13485
ecs_specific_layer_per_head_layer_14_head_2,0.09883,0.09883,0.13508
ecs_specific_layer_per_head_layer_23_head_14,-0.09879,0.09879,0.13527
cas_vs_current_layer_per_head_layer_4_head_6,-0.09868,0.09868,0.13567
bos_attention_proportion_per_head_layer_1_head_11,-0.09868,0.09868,0.13570
x_pre_ffn_norm_per_layer_layer_12,-0.09867,0.09867,0.13573
bos_attention_proportion_per_head_layer_13_head_15,0.09866,0.09866,0.13578
ecs_specific_layer_per_head_layer_25_head_16,-0.09863,0.09863,0.13588
cas_vs_current_layer_per_head_layer_4_head_7,-0.09860,0.09860,0.13601
cas_vs_final_layer_per_head_layer_7_head_16,0.09850,0.09850,0.13641
x_pre_ffn_norm_per_layer_layer_15,0.09849,0.09849,0.13645
ecs_prompt_specific_layer_per_head_layer_11_head_8,0.09846,0.09846,0.13655
cas_vs_final_layer_per_head_layer_23_head_23,0.09843,0.09843,0.13671
bos_attention_proportion_per_head_layer_10_head_18,0.09829,0.09829,0.13723
cas_vs_current_layer_per_head_layer_9_head_13,0.09829,0.09829,0.13726
bos_attention_proportion_per_head_layer_8_head_14,0.09828,0.09828,0.13729
cas_vs_current_layer_per_head_layer_25_head_2,-0.09799,0.09799,0.13846
ecs_specific_layer_per_head_layer_4_head_16,0.09799,0.09799,0.13848
ecs_prompt_specific_layer_per_head_layer_7_head_18,0.09791,0.09791,0.13880
attention_entropy_per_head_layer_2_head_18,-0.09789,0.09789,0.13884
bos_attention_proportion_per_head_layer_20_head_23,0.09788,0.09788,0.13889
attention_entropy_per_head_layer_8_head_14,-0.09788,0.09788,0.13889
cas_vs_final_layer_per_head_layer_14_head_3,-0.09784,0.09784,0.13908
cas_vs_current_layer_per_head_layer_25_head_21,-0.09781,0.09781,0.13917
ecs_specific_layer_per_head_layer_11_head_19,0.09781,0.09781,0.13917
cas_vs_current_layer_per_head_layer_4_head_0,0.09771,0.09771,0.13961
ecs_prompt_specific_layer_per_head_layer_2_head_18,0.09769,0.09769,0.13968
cas_vs_current_layer_per_head_layer_18_head_9,-0.09763,0.09763,0.13992
ecs_specific_layer_per_head_layer_19_head_22,-0.09761,0.09761,0.14000
cas_vs_current_layer_per_head_layer_14_head_1,0.09756,0.09756,0.14022
cas_alt_vs_current_layer_per_head_layer_4_head_23,0.09747,0.09747,0.14055
cas_vs_current_layer_per_head_layer_25_head_14,-0.09746,0.09746,0.14063
ecs_prompt_specific_layer_per_head_layer_4_head_10,0.09745,0.09745,0.14066
cas_alt_vs_current_layer_per_head_layer_8_head_16,0.09737,0.09737,0.14097
bos_attention_proportion_per_head_layer_2_head_20,0.09736,0.09736,0.14103
bos_attention_proportion_per_head_layer_6_head_8,0.09734,0.09734,0.14112
bos_attention_proportion_per_head_layer_17_head_16,-0.09732,0.09732,0.14117
bos_attention_proportion_per_head_layer_23_head_17,-0.09732,0.09732,0.14120
cas_vs_current_layer_per_head_layer_22_head_15,-0.09718,0.09718,0.14176
ecs_prompt_specific_layer_per_head_layer_18_head_16,-0.09716,0.09716,0.14183
x_pre_ffn_norm_per_layer_layer_8,-0.09703,0.09703,0.14240
bos_attention_proportion_per_head_layer_15_head_7,-0.09702,0.09702,0.14243
bos_attention_proportion_per_head_layer_12_head_0,0.09696,0.09696,0.14266
cas_vs_current_layer_per_head_layer_12_head_14,0.09689,0.09689,0.14295
ecs_prompt_specific_layer_per_head_layer_7_head_7,0.09688,0.09688,0.14300
ecs_prompt_specific_layer_per_head_layer_10_head_8,0.09688,0.09688,0.14302
ecs_prompt_specific_layer_per_head_layer_23_head_8,-0.09688,0.09688,0.14302
attention_entropy_per_head_layer_6_head_22,-0.09687,0.09687,0.14305
cas_alt_vs_current_layer_per_head_layer_20_head_19,0.09683,0.09683,0.14322
bos_attention_proportion_per_head_layer_21_head_6,-0.09681,0.09681,0.14330
ecs_prompt_specific_layer_per_head_layer_23_head_18,-0.09672,0.09672,0.14365
ecs_specific_layer_per_head_layer_13_head_10,0.09668,0.09668,0.14383
cas_alt_vs_current_layer_per_head_layer_16_head_17,0.09660,0.09660,0.14415
bos_attention_proportion_per_head_layer_9_head_6,-0.09656,0.09656,0.14433
bos_attention_proportion_per_head_layer_14_head_18,0.09656,0.09656,0.14433
ecs_prompt_specific_layer_per_head_layer_11_head_20,0.09652,0.09652,0.14451
bos_attention_proportion_per_head_layer_26_head_22,-0.09647,0.09647,0.14470
ecs_prompt_specific_layer_per_head_layer_7_head_10,0.09644,0.09644,0.14482
cas_alt_vs_current_layer_per_head_layer_25_head_22,-0.09643,0.09643,0.14487
cas_vs_final_layer_per_head_layer_16_head_23,0.09639,0.09639,0.14506
ecs_prompt_specific_layer_per_head_layer_9_head_12,0.09632,0.09632,0.14534
cas_alt_vs_final_layer_per_head_layer_12_head_10,-0.09630,0.09630,0.14543
bos_attention_proportion_per_head_layer_23_head_23,-0.09629,0.09629,0.14548
ecs_prompt_specific_layer_per_head_layer_23_head_19,-0.09625,0.09625,0.14563
ecs_prompt_specific_layer_per_head_layer_2_head_22,0.09625,0.09625,0.14564
ecs_prompt_specific_layer_per_head_layer_2_head_13,0.09623,0.09623,0.14570
ecs_specific_layer_per_head_layer_3_head_22,-0.09622,0.09622,0.14577
bos_attention_proportion_per_head_layer_10_head_23,-0.09621,0.09621,0.14582
attention_entropy_per_head_layer_22_head_20,-0.09609,0.09609,0.14631
cas_vs_current_layer_per_head_layer_11_head_16,0.09609,0.09609,0.14631
attention_entropy_per_head_layer_15_head_17,-0.09606,0.09606,0.14643
ecs_prompt_specific_layer_per_head_layer_18_head_17,-0.09601,0.09601,0.14664
ecs_specific_layer_per_head_layer_26_head_21,-0.09595,0.09595,0.14691
cas_alt_vs_current_layer_per_head_layer_6_head_4,0.09579,0.09579,0.14758
ecs_specific_layer_per_head_layer_7_head_9,0.09567,0.09567,0.14808
attention_entropy_per_head_layer_4_head_1,-0.09562,0.09562,0.14832
ecs_specific_layer_per_head_layer_9_head_8,-0.09560,0.09560,0.14838
parameter_knowledge_difference_layer_6,-0.09556,0.09556,0.14855
cas_vs_current_layer_per_head_layer_14_head_21,0.09555,0.09555,0.14860
ecs_prompt_specific_layer_per_head_layer_22_head_7,-0.09549,0.09549,0.14885
v_ffn_norm_per_layer_layer_6,-0.09548,0.09548,0.14888
cas_alt_vs_current_layer_per_head_layer_12_head_7,0.09547,0.09547,0.14894
ecs_prompt_specific_layer_per_head_layer_8_head_12,0.09547,0.09547,0.14896
bos_attention_proportion_per_head_layer_20_head_6,0.09546,0.09546,0.14897
cas_alt_vs_current_layer_per_head_layer_12_head_12,0.09545,0.09545,0.14901
cos_sim_pre_post_ffn_per_layer_layer_25,0.09535,0.09535,0.14947
ecs_specific_layer_per_head_layer_19_head_5,-0.09532,0.09532,0.14960
cas_vs_final_layer_per_head_layer_17_head_22,0.09530,0.09530,0.14966
ecs_specific_layer_per_head_layer_25_head_17,-0.09523,0.09523,0.14997
cas_vs_current_layer_per_head_layer_0_head_14,-0.09520,0.09520,0.15008
cos_sim_input_post_ffn_per_layer_layer_2,-0.09520,0.09520,0.15011
cas_vs_current_layer_per_head_layer_9_head_8,-0.09514,0.09514,0.15038
cas_vs_final_layer_per_head_layer_2_head_7,0.09503,0.09503,0.15082
ecs_prompt_specific_layer_per_head_layer_26_head_21,-0.09498,0.09498,0.15104
ecs_prompt_specific_layer_per_head_layer_1_head_17,0.09494,0.09494,0.15121
bos_attention_proportion_per_head_layer_18_head_4,0.09485,0.09485,0.15160
ecs_specific_layer_per_head_layer_14_head_13,0.09483,0.09483,0.15169
bos_attention_proportion_per_head_layer_17_head_14,-0.09473,0.09473,0.15212
cas_alt_vs_current_layer_per_head_layer_20_head_21,0.09468,0.09468,0.15234
ecs_prompt_specific_layer_per_head_layer_23_head_3,-0.09464,0.09464,0.15250
bos_attention_proportion_per_head_layer_24_head_16,0.09463,0.09463,0.15256
ecs_prompt_specific_layer_per_head_layer_3_head_7,0.09462,0.09462,0.15259
cas_vs_final_layer_per_head_layer_16_head_10,0.09459,0.09459,0.15274
bos_attention_proportion_per_head_layer_0_head_23,-0.09453,0.09453,0.15298
ecs_specific_layer_per_head_layer_24_head_3,-0.09439,0.09439,0.15361
ecs_specific_layer_per_head_layer_23_head_0,-0.09438,0.09438,0.15365
ecs_specific_layer_per_head_layer_11_head_17,0.09436,0.09436,0.15373
ecs_specific_layer_per_head_layer_17_head_20,-0.09433,0.09433,0.15386
bos_attention_proportion_per_head_layer_21_head_9,-0.09433,0.09433,0.15389
bos_attention_proportion_per_head_layer_8_head_12,0.09428,0.09428,0.15408
ecs_specific_layer_per_head_layer_8_head_1,0.09427,0.09427,0.15416
cas_vs_final_layer_per_head_layer_26_head_7,0.09425,0.09425,0.15424
cas_alt_vs_final_layer_per_head_layer_14_head_2,-0.09423,0.09423,0.15430
cas_vs_current_layer_per_head_layer_11_head_17,0.09421,0.09421,0.15438
ecs_specific_layer_per_head_layer_2_head_1,0.09412,0.09412,0.15479
ecs_specific_layer_per_head_layer_24_head_10,-0.09411,0.09411,0.15484
ecs_specific_layer_per_head_layer_18_head_8,-0.09411,0.09411,0.15486
ecs_specific_layer_per_head_layer_23_head_12,-0.09404,0.09404,0.15513
cas_alt_vs_current_layer_per_head_layer_16_head_11,0.09401,0.09401,0.15527
ecs_specific_layer_per_head_layer_13_head_17,0.09395,0.09395,0.15555
bos_attention_proportion_per_head_layer_26_head_0,-0.09394,0.09394,0.15560
cas_vs_final_layer_per_head_layer_6_head_10,0.09388,0.09388,0.15584
ecs_specific_layer_per_head_layer_19_head_4,-0.09387,0.09387,0.15590
bos_attention_proportion_per_head_layer_2_head_18,0.09386,0.09386,0.15596
ecs_specific_layer_per_head_layer_18_head_13,-0.09382,0.09382,0.15611
ecs_specific_layer_per_head_layer_19_head_11,-0.09372,0.09372,0.15658
cas_vs_final_layer_per_head_layer_17_head_11,0.09370,0.09370,0.15665
attention_entropy_per_head_layer_26_head_11,0.09368,0.09368,0.15676
ecs_specific_layer_per_head_layer_5_head_15,0.09364,0.09364,0.15691
ecs_specific_layer_per_head_layer_15_head_20,-0.09361,0.09361,0.15707
ecs_specific_layer_per_head_layer_0_head_1,-0.09348,0.09348,0.15763
cas_vs_current_layer_per_head_layer_12_head_7,0.09348,0.09348,0.15765
ecs_prompt_specific_layer_per_head_layer_11_head_2,0.09347,0.09347,0.15766
v_attn_norm_per_layer_layer_26,-0.09339,0.09339,0.15806
cas_vs_current_layer_per_head_layer_26_head_10,-0.09336,0.09336,0.15818
ecs_prompt_specific_layer_per_head_layer_10_head_0,0.09334,0.09334,0.15826
bos_attention_proportion_per_head_layer_14_head_11,-0.09334,0.09334,0.15826
bos_attention_proportion_per_head_layer_18_head_0,-0.09333,0.09333,0.15829
cas_vs_current_layer_per_head_layer_24_head_17,-0.09331,0.09331,0.15842
cas_vs_current_layer_per_head_layer_0_head_12,-0.09324,0.09324,0.15872
cas_vs_final_layer_per_head_layer_15_head_23,0.09322,0.09322,0.15878
cas_vs_current_layer_per_head_layer_10_head_2,0.09317,0.09317,0.15904
bos_attention_proportion_per_head_layer_19_head_2,-0.09316,0.09316,0.15907
cas_vs_current_layer_per_head_layer_14_head_11,0.09314,0.09314,0.15916
ecs_prompt_specific_layer_per_head_layer_12_head_3,0.09310,0.09310,0.15933
ecs_specific_layer_per_head_layer_23_head_17,-0.09303,0.09303,0.15968
cas_vs_current_layer_per_head_layer_26_head_5,-0.09301,0.09301,0.15975
attention_entropy_per_head_layer_16_head_15,-0.09289,0.09289,0.16028
bos_attention_proportion_per_head_layer_7_head_12,0.09286,0.09286,0.16041
cas_alt_vs_current_layer_per_head_layer_20_head_0,0.09282,0.09282,0.16059
ecs_specific_layer_per_head_layer_12_head_12,0.09282,0.09282,0.16061
cas_alt_vs_current_layer_per_head_layer_20_head_22,0.09278,0.09278,0.16079
bos_attention_proportion_per_head_layer_0_head_5,-0.09274,0.09274,0.16098
cas_vs_current_layer_per_head_layer_14_head_14,0.09270,0.09270,0.16116
bos_attention_proportion_per_head_layer_11_head_0,-0.09264,0.09264,0.16143
ecs_prompt_specific_layer_per_head_layer_19_head_4,-0.09262,0.09262,0.16153
ecs_specific_layer_per_head_layer_11_head_8,0.09255,0.09255,0.16183
cas_vs_final_layer_per_head_layer_24_head_11,0.09249,0.09249,0.16209
cas_vs_current_layer_per_head_layer_10_head_7,0.09239,0.09239,0.16255
cas_vs_final_layer_per_head_layer_11_head_11,-0.09238,0.09238,0.16260
cas_vs_current_layer_per_head_layer_25_head_1,-0.09237,0.09237,0.16267
ecs_prompt_specific_layer_per_head_layer_1_head_11,0.09226,0.09226,0.16317
ecs_specific_layer_per_head_layer_19_head_17,-0.09222,0.09222,0.16332
ecs_prompt_specific_layer_per_head_layer_20_head_17,-0.09221,0.09221,0.16340
ecs_prompt_specific_layer_per_head_layer_18_head_12,-0.09212,0.09212,0.16379
parameter_knowledge_difference_layer_5,-0.09204,0.09204,0.16416
ecs_prompt_specific_layer_per_head_layer_3_head_10,0.09201,0.09201,0.16431
bos_attention_proportion_per_head_layer_22_head_5,-0.09199,0.09199,0.16437
cas_vs_final_layer_per_head_layer_0_head_17,-0.09196,0.09196,0.16452
attention_entropy_per_head_layer_5_head_15,-0.09185,0.09185,0.16502
bos_attention_proportion_per_head_layer_4_head_11,0.09182,0.09182,0.16519
ecs_prompt_specific_layer_per_head_layer_8_head_0,0.09174,0.09174,0.16554
attention_entropy_per_head_layer_1_head_9,0.09173,0.09173,0.16557
ecs_prompt_specific_layer_per_head_layer_22_head_6,-0.09167,0.09167,0.16586
attention_entropy_per_head_layer_15_head_13,-0.09167,0.09167,0.16588
cas_vs_current_layer_per_head_layer_2_head_12,-0.09163,0.09163,0.16607
cas_vs_current_layer_per_head_layer_23_head_14,-0.09156,0.09156,0.16637
cas_vs_current_layer_per_head_layer_18_head_8,-0.09154,0.09154,0.16649
ecs_specific_layer_per_head_layer_23_head_21,-0.09139,0.09139,0.16718
attention_entropy_per_head_layer_16_head_2,-0.09137,0.09137,0.16725
ecs_specific_layer_per_head_layer_18_head_9,-0.09136,0.09136,0.16733
cas_alt_vs_current_layer_per_head_layer_16_head_5,0.09132,0.09132,0.16749
cas_alt_vs_current_layer_per_head_layer_17_head_4,0.09131,0.09131,0.16754
x_pre_ffn_norm_per_layer_layer_26,0.09131,0.09131,0.16756
bos_attention_proportion_per_head_layer_25_head_3,0.09122,0.09122,0.16795
cas_vs_final_layer_per_head_layer_20_head_2,0.09121,0.09121,0.16800
cas_vs_final_layer_per_head_layer_5_head_12,0.09117,0.09117,0.16820
cas_alt_vs_final_layer_per_head_layer_12_head_4,-0.09086,0.09086,0.16965
cas_vs_current_layer_per_head_layer_26_head_22,-0.09083,0.09083,0.16979
cas_vs_current_layer_per_head_layer_24_head_13,-0.09082,0.09082,0.16985
cas_vs_current_layer_per_head_layer_13_head_15,0.09081,0.09081,0.16988
cos_sim_input_pre_ffn_per_layer_layer_6,-0.09081,0.09081,0.16990
ecs_prompt_specific_layer_per_head_layer_2_head_11,0.09072,0.09072,0.17032
ecs_prompt_specific_layer_per_head_layer_18_head_7,-0.09066,0.09066,0.17061
cas_alt_vs_current_layer_per_head_layer_12_head_16,0.09056,0.09056,0.17109
pos_score_per_layer_layer_16,0.09056,0.09056,0.17109
pos_cos_similarity_per_layer_layer_16,0.09056,0.09056,0.17109
cas_vs_final_layer_per_head_layer_9_head_5,0.09053,0.09053,0.17121
cas_vs_final_layer_per_head_layer_7_head_17,0.09052,0.09052,0.17127
cas_vs_final_layer_per_head_layer_26_head_5,0.09045,0.09045,0.17159
cas_vs_final_layer_per_head_layer_5_head_16,0.09035,0.09035,0.17208
cas_vs_current_layer_per_head_layer_0_head_13,-0.09032,0.09032,0.17220
cas_vs_final_layer_per_head_layer_18_head_5,-0.09027,0.09027,0.17246
cos_sim_input_post_ffn_per_layer_layer_10,0.09025,0.09025,0.17254
ecs_specific_layer_per_head_layer_8_head_16,0.09022,0.09022,0.17270
ecs_specific_layer_per_head_layer_23_head_2,-0.09019,0.09019,0.17286
cas_vs_final_layer_per_head_layer_23_head_10,0.09015,0.09015,0.17302
ecs_specific_layer_per_head_layer_3_head_11,-0.09010,0.09010,0.17326
cas_vs_final_layer_per_head_layer_16_head_7,0.09010,0.09010,0.17327
ecs_specific_layer_per_head_layer_2_head_22,-0.09007,0.09007,0.17340
bos_attention_proportion_per_head_layer_19_head_12,0.08994,0.08994,0.17405
cas_vs_final_layer_per_head_layer_18_head_19,0.08993,0.08993,0.17409
bos_attention_proportion_per_head_layer_6_head_23,0.08980,0.08980,0.17470
cas_vs_final_layer_per_head_layer_2_head_2,0.08977,0.08977,0.17485
ecs_specific_layer_per_head_layer_19_head_19,-0.08976,0.08976,0.17488
ecs_prompt_specific_layer_per_head_layer_17_head_5,-0.08974,0.08974,0.17501
ecs_specific_layer_per_head_layer_17_head_19,-0.08973,0.08973,0.17503
ecs_specific_layer_per_head_layer_20_head_14,-0.08971,0.08971,0.17513
ecs_prompt_specific_layer_per_head_layer_7_head_5,0.08968,0.08968,0.17527
ecs_prompt_specific_layer_per_head_layer_7_head_15,0.08967,0.08967,0.17533
semantic_drift_per_layer_layer_8,-0.08967,0.08967,0.17534
attention_entropy_per_head_layer_15_head_6,-0.08960,0.08960,0.17567
ecs_prompt_specific_layer_per_head_layer_13_head_0,0.08957,0.08957,0.17583
cas_vs_current_layer_per_head_layer_12_head_15,0.08956,0.08956,0.17590
bos_attention_proportion_per_head_layer_25_head_6,-0.08952,0.08952,0.17607
cas_vs_current_layer_per_head_layer_25_head_13,-0.08952,0.08952,0.17608
cas_alt_vs_current_layer_per_head_layer_20_head_2,0.08946,0.08946,0.17637
bos_attention_proportion_per_head_layer_5_head_6,0.08943,0.08943,0.17653
bos_attention_proportion_per_head_layer_16_head_3,-0.08941,0.08941,0.17662
bos_attention_proportion_per_head_layer_10_head_10,0.08938,0.08938,0.17676
cas_vs_current_layer_per_head_layer_17_head_17,-0.08935,0.08935,0.17688
cas_alt_vs_final_layer_per_head_layer_12_head_7,-0.08932,0.08932,0.17706
bos_attention_proportion_per_head_layer_9_head_17,0.08928,0.08928,0.17722
bos_attention_proportion_per_head_layer_3_head_18,0.08922,0.08922,0.17754
semantic_drift_per_layer_layer_6,-0.08921,0.08921,0.17756
cas_alt_vs_current_layer_per_head_layer_6_head_20,0.08920,0.08920,0.17761
bos_attention_proportion_per_head_layer_22_head_14,-0.08911,0.08911,0.17807
ecs_prompt_specific_layer_per_head_layer_12_head_1,0.08909,0.08909,0.17817
bos_attention_proportion_per_head_layer_15_head_5,0.08907,0.08907,0.17826
ecs_prompt_specific_layer_per_head_layer_22_head_0,-0.08906,0.08906,0.17832
ecs_specific_layer_per_head_layer_4_head_0,0.08904,0.08904,0.17841
cas_vs_final_layer_per_head_layer_17_head_10,0.08895,0.08895,0.17883
x_input_norm_per_layer_layer_19,0.08891,0.08891,0.17902
x_post_ffn_norm_per_layer_layer_18,0.08891,0.08891,0.17902
ecs_specific_layer_per_head_layer_16_head_18,-0.08890,0.08890,0.17907
ecs_specific_layer_per_head_layer_15_head_5,-0.08885,0.08885,0.17932
ecs_specific_layer_per_head_layer_14_head_17,0.08885,0.08885,0.17934
cas_vs_final_layer_per_head_layer_8_head_8,0.08879,0.08879,0.17963
ecs_specific_layer_per_head_layer_14_head_7,0.08868,0.08868,0.18015
bos_attention_proportion_per_head_layer_7_head_11,0.08864,0.08864,0.18038
ecs_prompt_specific_layer_per_head_layer_13_head_2,0.08862,0.08862,0.18045
bos_attention_proportion_per_head_layer_1_head_1,-0.08857,0.08857,0.18070
ecs_specific_layer_per_head_layer_23_head_23,-0.08856,0.08856,0.18078
cas_vs_current_layer_per_head_layer_17_head_15,-0.08854,0.08854,0.18085
cas_vs_current_layer_per_head_layer_10_head_22,0.08851,0.08851,0.18101
cas_alt_vs_current_layer_per_head_layer_19_head_18,0.08850,0.08850,0.18108
cas_vs_current_layer_per_head_layer_24_head_16,-0.08846,0.08846,0.18124
cas_vs_current_layer_per_head_layer_8_head_0,0.08846,0.08846,0.18127
bos_attention_proportion_per_head_layer_12_head_18,-0.08842,0.08842,0.18146
attention_entropy_per_head_layer_13_head_19,-0.08840,0.08840,0.18158
bos_attention_proportion_per_head_layer_27_head_8,-0.08837,0.08837,0.18173
bos_attention_proportion_per_head_layer_17_head_2,-0.08826,0.08826,0.18227
attention_entropy_per_head_layer_27_head_4,-0.08826,0.08826,0.18228
cas_alt_vs_current_layer_per_head_layer_15_head_20,0.08821,0.08821,0.18251
ecs_specific_layer_per_head_layer_25_head_15,-0.08821,0.08821,0.18252
ecs_prompt_specific_layer_per_head_layer_18_head_23,-0.08805,0.08805,0.18331
ecs_specific_layer_per_head_layer_19_head_23,-0.08803,0.08803,0.18339
bos_attention_proportion_per_head_layer_8_head_2,-0.08798,0.08798,0.18367
cas_alt_vs_current_layer_per_head_layer_17_head_18,0.08795,0.08795,0.18381
cas_alt_vs_final_layer_per_head_layer_2_head_17,-0.08793,0.08793,0.18389
bos_attention_proportion_per_head_layer_16_head_5,0.08791,0.08791,0.18398
ecs_specific_layer_per_head_layer_19_head_14,-0.08790,0.08790,0.18408
bos_attention_proportion_per_head_layer_13_head_21,0.08778,0.08778,0.18468
cas_vs_current_layer_per_head_layer_25_head_3,-0.08776,0.08776,0.18473
attention_entropy_per_head_layer_4_head_15,0.08771,0.08771,0.18500
cas_vs_current_layer_per_head_layer_23_head_16,-0.08748,0.08748,0.18618
cas_vs_current_layer_per_head_layer_3_head_22,-0.08746,0.08746,0.18625
attention_entropy_per_head_layer_27_head_20,-0.08736,0.08736,0.18675
cas_alt_vs_final_layer_per_head_layer_0_head_1,-0.08731,0.08731,0.18705
bos_attention_proportion_per_head_layer_17_head_17,0.08726,0.08726,0.18729
bos_attention_proportion_per_head_layer_19_head_4,-0.08722,0.08722,0.18747
ecs_prompt_specific_layer_per_head_layer_19_head_10,-0.08717,0.08717,0.18773
cas_vs_current_layer_per_head_layer_0_head_5,-0.08715,0.08715,0.18782
cas_vs_current_layer_per_head_layer_23_head_17,-0.08712,0.08712,0.18798
cas_vs_current_layer_per_head_layer_12_head_6,0.08693,0.08693,0.18894
cas_vs_current_layer_per_head_layer_23_head_19,-0.08693,0.08693,0.18898
ecs_specific_layer_per_head_layer_15_head_13,-0.08692,0.08692,0.18899
ecs_specific_layer_per_head_layer_17_head_18,-0.08690,0.08690,0.18912
cas_vs_current_layer_per_head_layer_16_head_18,-0.08688,0.08688,0.18923
cas_vs_final_layer_per_head_layer_11_head_10,-0.08687,0.08687,0.18925
cas_vs_current_layer_per_head_layer_1_head_14,-0.08678,0.08678,0.18974
cas_vs_current_layer_per_head_layer_7_head_16,0.08673,0.08673,0.19001
ecs_specific_layer_per_head_layer_18_head_20,-0.08672,0.08672,0.19002
attention_entropy_per_head_layer_9_head_19,-0.08671,0.08671,0.19007
x_post_ffn_norm_per_layer_layer_4,0.08670,0.08670,0.19012
x_input_norm_per_layer_layer_5,0.08670,0.08670,0.19012
bos_attention_proportion_per_head_layer_21_head_14,-0.08661,0.08661,0.19060
ecs_prompt_specific_layer_per_head_layer_17_head_8,-0.08658,0.08658,0.19078
cas_vs_current_layer_per_head_layer_0_head_22,-0.08656,0.08656,0.19085
ecs_prompt_specific_layer_per_head_layer_7_head_19,0.08652,0.08652,0.19105
ecs_specific_layer_per_head_layer_23_head_6,-0.08639,0.08639,0.19171
cas_vs_current_layer_per_head_layer_17_head_16,-0.08632,0.08632,0.19208
ecs_prompt_specific_layer_per_head_layer_10_head_17,0.08628,0.08628,0.19228
bos_attention_proportion_per_head_layer_21_head_2,0.08625,0.08625,0.19243
x_pre_ffn_norm_per_layer_layer_4,0.08621,0.08621,0.19264
ecs_specific_layer_per_head_layer_12_head_19,-0.08619,0.08619,0.19278
bos_attention_proportion_per_head_layer_5_head_9,0.08606,0.08606,0.19342
bos_attention_proportion_per_head_layer_27_head_23,0.08604,0.08604,0.19355
cas_vs_current_layer_per_head_layer_0_head_23,-0.08603,0.08603,0.19359
v_ffn_norm_per_layer_layer_5,-0.08601,0.08601,0.19369
bos_attention_proportion_per_head_layer_25_head_11,0.08596,0.08596,0.19395
bos_attention_proportion_per_head_layer_13_head_2,0.08593,0.08593,0.19414
cas_vs_final_layer_per_head_layer_2_head_14,0.08592,0.08592,0.19419
ecs_prompt_specific_layer_per_head_layer_17_head_17,-0.08581,0.08581,0.19473
ecs_prompt_specific_layer_per_head_layer_22_head_18,-0.08575,0.08575,0.19506
bos_attention_proportion_per_head_layer_13_head_1,-0.08572,0.08572,0.19521
ecs_prompt_specific_layer_per_head_layer_18_head_20,-0.08572,0.08572,0.19523
cas_vs_current_layer_per_head_layer_6_head_0,-0.08568,0.08568,0.19540
attention_entropy_per_head_layer_15_head_5,-0.08563,0.08563,0.19570
cas_vs_final_layer_per_head_layer_24_head_19,0.08560,0.08560,0.19585
bos_attention_proportion_per_head_layer_15_head_9,0.08555,0.08555,0.19609
cas_vs_current_layer_per_head_layer_23_head_18,-0.08553,0.08553,0.19619
ecs_prompt_specific_layer_per_head_layer_23_head_21,-0.08547,0.08547,0.19651
cas_vs_final_layer_per_head_layer_24_head_18,0.08544,0.08544,0.19667
ecs_prompt_specific_layer_per_head_layer_12_head_7,0.08543,0.08543,0.19676
ecs_prompt_specific_layer_per_head_layer_10_head_7,0.08541,0.08541,0.19683
cos_sim_input_post_ffn_per_layer_layer_3,-0.08540,0.08540,0.19687
cas_vs_current_layer_per_head_layer_23_head_21,-0.08536,0.08536,0.19710
cos_sim_pre_post_ffn_per_layer_layer_18,0.08536,0.08536,0.19712
cas_vs_current_layer_per_head_layer_25_head_18,-0.08529,0.08529,0.19748
cas_alt_vs_current_layer_per_head_layer_6_head_14,0.08528,0.08528,0.19750
cos_sim_pre_post_ffn_per_layer_layer_6,0.08524,0.08524,0.19771
ecs_specific_layer_per_head_layer_4_head_9,0.08523,0.08523,0.19779
cas_vs_final_layer_per_head_layer_7_head_10,0.08519,0.08519,0.19798
bos_attention_proportion_per_head_layer_13_head_4,0.08516,0.08516,0.19816
x_pre_ffn_norm_per_layer_layer_3,0.08515,0.08515,0.19820
ecs_specific_layer_per_head_layer_5_head_10,0.08514,0.08514,0.19828
ecs_prompt_specific_layer_per_head_layer_4_head_4,0.08510,0.08510,0.19849
cas_vs_final_layer_per_head_layer_10_head_10,-0.08508,0.08508,0.19860
ecs_specific_layer_per_head_layer_14_head_10,0.08501,0.08501,0.19897
bos_attention_proportion_per_head_layer_15_head_12,0.08497,0.08497,0.19918
cas_alt_vs_final_layer_per_head_layer_13_head_9,-0.08494,0.08494,0.19930
cas_vs_final_layer_per_head_layer_8_head_18,-0.08493,0.08493,0.19936
ecs_specific_layer_per_head_layer_14_head_5,0.08473,0.08473,0.20044
bos_attention_proportion_per_head_layer_24_head_6,-0.08469,0.08469,0.20064
ecs_prompt_specific_layer_per_head_layer_9_head_11,0.08460,0.08460,0.20112
ecs_prompt_specific_layer_per_head_layer_10_head_1,0.08459,0.08459,0.20119
cas_vs_final_layer_per_head_layer_16_head_3,0.08458,0.08458,0.20122
ecs_specific_layer_per_head_layer_15_head_19,-0.08458,0.08458,0.20122
bos_attention_proportion_per_head_layer_18_head_9,0.08452,0.08452,0.20155
x_input_norm_per_layer_layer_12,0.08434,0.08434,0.20253
x_post_ffn_norm_per_layer_layer_11,0.08434,0.08434,0.20253
ecs_specific_layer_per_head_layer_11_head_21,0.08429,0.08429,0.20278
cas_vs_final_layer_per_head_layer_13_head_3,-0.08427,0.08427,0.20288
ecs_prompt_specific_layer_per_head_layer_8_head_8,0.08427,0.08427,0.20289
cas_alt_vs_current_layer_per_head_layer_4_head_14,0.08426,0.08426,0.20294
attention_entropy_per_head_layer_25_head_3,-0.08425,0.08425,0.20299
ecs_specific_layer_per_head_layer_23_head_19,-0.08421,0.08421,0.20323
attention_entropy_per_head_layer_8_head_21,-0.08420,0.08420,0.20328
cas_vs_final_layer_per_head_layer_6_head_2,0.08419,0.08419,0.20333
bos_attention_proportion_per_head_layer_1_head_4,-0.08418,0.08418,0.20340
bos_attention_proportion_per_head_layer_23_head_0,-0.08417,0.08417,0.20346
cas_vs_current_layer_per_head_layer_7_head_1,-0.08416,0.08416,0.20350
ecs_specific_layer_per_head_layer_19_head_10,-0.08414,0.08414,0.20359
bos_attention_proportion_per_head_layer_21_head_22,0.08412,0.08412,0.20369
cas_vs_final_layer_per_head_layer_10_head_6,-0.08412,0.08412,0.20373
cas_vs_final_layer_per_head_layer_22_head_20,0.08410,0.08410,0.20382
ecs_specific_layer_per_head_layer_24_head_16,-0.08406,0.08406,0.20405
cas_alt_vs_current_layer_per_head_layer_8_head_1,0.08405,0.08405,0.20407
ecs_prompt_specific_layer_per_head_layer_22_head_22,-0.08397,0.08397,0.20453
cas_vs_final_layer_per_head_layer_14_head_5,-0.08397,0.08397,0.20455
ecs_specific_layer_per_head_layer_23_head_15,-0.08393,0.08393,0.20473
ecs_prompt_specific_layer_per_head_layer_7_head_3,0.08389,0.08389,0.20496
v_attn_norm_per_layer_layer_6,0.08387,0.08387,0.20509
cas_alt_vs_current_layer_per_head_layer_19_head_5,0.08385,0.08385,0.20518
ecs_specific_layer_per_head_layer_18_head_15,-0.08382,0.08382,0.20535
cas_vs_current_layer_per_head_layer_19_head_22,-0.08381,0.08381,0.20537
attention_entropy_per_head_layer_0_head_17,-0.08377,0.08377,0.20558
ecs_prompt_specific_layer_per_head_layer_23_head_7,-0.08376,0.08376,0.20569
cas_alt_vs_current_layer_per_head_layer_24_head_9,-0.08374,0.08374,0.20577
bos_attention_proportion_per_head_layer_7_head_1,0.08373,0.08373,0.20584
ecs_specific_layer_per_head_layer_18_head_2,-0.08368,0.08368,0.20611
cas_alt_vs_current_layer_per_head_layer_17_head_9,0.08368,0.08368,0.20611
cas_alt_vs_current_layer_per_head_layer_19_head_19,0.08362,0.08362,0.20641
bos_attention_proportion_per_head_layer_17_head_7,0.08342,0.08342,0.20754
ecs_prompt_specific_layer_per_head_layer_7_head_6,0.08341,0.08341,0.20756
ecs_specific_layer_per_head_layer_19_head_7,-0.08313,0.08313,0.20911
ecs_prompt_specific_layer_per_head_layer_17_head_15,-0.08306,0.08306,0.20949
bos_attention_proportion_per_head_layer_21_head_20,-0.08303,0.08303,0.20964
bos_attention_proportion_per_head_layer_27_head_17,-0.08301,0.08301,0.20975
ecs_prompt_specific_layer_per_head_layer_12_head_10,0.08299,0.08299,0.20986
ecs_specific_layer_per_head_layer_15_head_0,-0.08297,0.08297,0.21000
ecs_specific_layer_per_head_layer_14_head_15,0.08297,0.08297,0.21000
cas_vs_current_layer_per_head_layer_26_head_11,-0.08294,0.08294,0.21014
ecs_specific_layer_per_head_layer_24_head_4,-0.08291,0.08291,0.21031
bos_attention_proportion_per_head_layer_2_head_0,0.08288,0.08288,0.21048
ecs_specific_layer_per_head_layer_13_head_18,0.08278,0.08278,0.21102
cos_sim_input_pre_ffn_per_layer_layer_14,0.08231,0.08231,0.21364
cas_vs_final_layer_per_head_layer_12_head_5,-0.08222,0.08222,0.21415
bos_attention_proportion_per_head_layer_19_head_22,-0.08216,0.08216,0.21447
ecs_specific_layer_per_head_layer_11_head_18,0.08216,0.08216,0.21448
cas_vs_final_layer_per_head_layer_23_head_22,0.08216,0.08216,0.21450
ecs_specific_layer_per_head_layer_9_head_12,-0.08194,0.08194,0.21571
ecs_specific_layer_per_head_layer_18_head_1,-0.08193,0.08193,0.21575
cas_vs_final_layer_per_head_layer_25_head_6,0.08169,0.08169,0.21711
cas_vs_final_layer_per_head_layer_14_head_15,-0.08166,0.08166,0.21730
ecs_prompt_specific_layer_per_head_layer_3_head_5,0.08160,0.08160,0.21764
ecs_specific_layer_per_head_layer_9_head_10,-0.08159,0.08159,0.21768
ecs_prompt_specific_layer_per_head_layer_10_head_9,0.08144,0.08144,0.21854
cas_vs_current_layer_per_head_layer_25_head_16,-0.08137,0.08137,0.21894
cas_vs_final_layer_per_head_layer_6_head_4,0.08133,0.08133,0.21917
bos_attention_proportion_per_head_layer_27_head_2,0.08133,0.08133,0.21919
ecs_specific_layer_per_head_layer_23_head_18,-0.08132,0.08132,0.21923
cas_alt_vs_current_layer_per_head_layer_25_head_12,-0.08132,0.08132,0.21924
ecs_prompt_specific_layer_per_head_layer_19_head_22,-0.08131,0.08131,0.21928
cas_vs_final_layer_per_head_layer_2_head_0,0.08128,0.08128,0.21945
bos_attention_proportion_per_head_layer_16_head_11,0.08121,0.08121,0.21985
attention_entropy_per_head_layer_6_head_16,0.08119,0.08119,0.21994
cas_vs_final_layer_per_head_layer_24_head_13,0.08109,0.08109,0.22052
cas_vs_current_layer_per_head_layer_8_head_9,0.08101,0.08101,0.22099
ecs_specific_layer_per_head_layer_23_head_8,-0.08100,0.08100,0.22103
ecs_prompt_specific_layer_per_head_layer_19_head_0,-0.08100,0.08100,0.22106
cas_vs_current_layer_per_head_layer_7_head_8,0.08096,0.08096,0.22129
cas_vs_current_layer_per_head_layer_15_head_2,0.08096,0.08096,0.22131
bos_attention_proportion_per_head_layer_14_head_2,-0.08082,0.08082,0.22206
attention_entropy_per_head_layer_18_head_11,-0.08080,0.08080,0.22217
cas_vs_current_layer_per_head_layer_0_head_1,-0.08076,0.08076,0.22241
ecs_prompt_specific_layer_per_head_layer_19_head_20,-0.08062,0.08062,0.22325
cas_vs_final_layer_per_head_layer_23_head_11,0.08059,0.08059,0.22338
ecs_prompt_specific_layer_per_head_layer_19_head_15,-0.08051,0.08051,0.22387
ecs_specific_layer_per_head_layer_6_head_1,0.08050,0.08050,0.22391
cas_alt_vs_current_layer_per_head_layer_19_head_11,0.08043,0.08043,0.22434
cas_vs_current_layer_per_head_layer_24_head_14,-0.08036,0.08036,0.22473
bos_attention_proportion_per_head_layer_13_head_6,0.08034,0.08034,0.22485
cos_sim_pre_post_ffn_per_layer_layer_9,0.08032,0.08032,0.22494
cas_alt_vs_current_layer_per_head_layer_16_head_20,0.08023,0.08023,0.22549
ecs_specific_layer_per_head_layer_6_head_18,0.08022,0.08022,0.22552
ecs_prompt_specific_layer_per_head_layer_8_head_18,0.08008,0.08008,0.22635
ecs_specific_layer_per_head_layer_13_head_13,-0.08006,0.08006,0.22647
cas_vs_current_layer_per_head_layer_9_head_21,-0.08002,0.08002,0.22669
ecs_specific_layer_per_head_layer_10_head_19,0.07994,0.07994,0.22715
cas_vs_final_layer_per_head_layer_9_head_18,-0.07994,0.07994,0.22718
bos_attention_proportion_per_head_layer_13_head_13,-0.07992,0.07992,0.22732
ecs_specific_layer_per_head_layer_17_head_5,-0.07989,0.07989,0.22748
ecs_prompt_specific_layer_per_head_layer_4_head_1,0.07982,0.07982,0.22788
cas_vs_current_layer_per_head_layer_13_head_18,0.07975,0.07975,0.22827
cas_alt_vs_current_layer_per_head_layer_16_head_4,0.07965,0.07965,0.22888
ecs_specific_layer_per_head_layer_23_head_16,-0.07962,0.07962,0.22906
ecs_prompt_specific_layer_per_head_layer_13_head_9,0.07958,0.07958,0.22927
ecs_prompt_specific_layer_per_head_layer_20_head_6,-0.07957,0.07957,0.22935
cas_vs_current_layer_per_head_layer_17_head_12,-0.07956,0.07956,0.22941
ecs_prompt_specific_layer_per_head_layer_14_head_2,0.07946,0.07946,0.23001
cas_alt_vs_final_layer_per_head_layer_5_head_16,-0.07931,0.07931,0.23085
ecs_prompt_specific_layer_per_head_layer_20_head_8,-0.07929,0.07929,0.23097
ecs_prompt_specific_layer_per_head_layer_23_head_20,-0.07928,0.07928,0.23105
cas_vs_current_layer_per_head_layer_11_head_3,0.07926,0.07926,0.23117
cas_alt_vs_current_layer_per_head_layer_16_head_19,0.07923,0.07923,0.23132
ecs_prompt_specific_layer_per_head_layer_4_head_11,0.07920,0.07920,0.23150
ecs_prompt_specific_layer_per_head_layer_6_head_22,0.07919,0.07919,0.23160
cas_alt_vs_current_layer_per_head_layer_15_head_18,0.07910,0.07910,0.23211
ecs_prompt_specific_layer_per_head_layer_2_head_23,0.07907,0.07907,0.23228
attention_entropy_per_head_layer_14_head_14,-0.07900,0.07900,0.23268
cas_vs_current_layer_per_head_layer_19_head_0,-0.07897,0.07897,0.23288
cas_vs_final_layer_per_head_layer_14_head_13,-0.07895,0.07895,0.23300
cas_vs_current_layer_per_head_layer_9_head_2,0.07882,0.07882,0.23378
ecs_specific_layer_per_head_layer_23_head_20,-0.07877,0.07877,0.23409
bos_attention_proportion_per_head_layer_10_head_6,-0.07873,0.07873,0.23430
ecs_specific_layer_per_head_layer_20_head_7,-0.07873,0.07873,0.23432
cas_vs_final_layer_per_head_layer_12_head_6,0.07869,0.07869,0.23452
bos_attention_proportion_per_head_layer_26_head_19,0.07868,0.07868,0.23458
ecs_specific_layer_per_head_layer_17_head_17,-0.07863,0.07863,0.23490
cas_vs_final_layer_per_head_layer_6_head_15,0.07854,0.07854,0.23542
cas_vs_current_layer_per_head_layer_13_head_20,0.07854,0.07854,0.23544
ecs_prompt_specific_layer_per_head_layer_12_head_9,0.07848,0.07848,0.23583
cas_alt_vs_current_layer_per_head_layer_5_head_6,0.07840,0.07840,0.23626
cas_alt_vs_current_layer_per_head_layer_19_head_9,0.07836,0.07836,0.23650
cas_alt_vs_current_layer_per_head_layer_19_head_22,0.07833,0.07833,0.23670
cas_vs_final_layer_per_head_layer_25_head_23,0.07827,0.07827,0.23709
ecs_specific_layer_per_head_layer_22_head_17,-0.07823,0.07823,0.23729
cas_alt_vs_current_layer_per_head_layer_25_head_7,-0.07806,0.07806,0.23833
ecs_specific_layer_per_head_layer_11_head_11,0.07803,0.07803,0.23853
ecs_prompt_specific_layer_per_head_layer_21_head_1,-0.07790,0.07790,0.23931
bos_attention_proportion_per_head_layer_2_head_15,-0.07783,0.07783,0.23974
cas_vs_current_layer_per_head_layer_16_head_5,-0.07780,0.07780,0.23989
ecs_specific_layer_per_head_layer_8_head_2,0.07774,0.07774,0.24027
ecs_specific_layer_per_head_layer_13_head_1,0.07770,0.07770,0.24048
cas_vs_current_layer_per_head_layer_2_head_21,-0.07770,0.07770,0.24050
bos_attention_proportion_per_head_layer_22_head_22,-0.07764,0.07764,0.24088
ecs_specific_layer_per_head_layer_3_head_5,-0.07754,0.07754,0.24145
ecs_specific_layer_per_head_layer_6_head_13,0.07750,0.07750,0.24171
cas_alt_vs_current_layer_per_head_layer_20_head_11,0.07743,0.07743,0.24215
ecs_prompt_specific_layer_per_head_layer_9_head_23,-0.07739,0.07739,0.24237
cas_alt_vs_current_layer_per_head_layer_6_head_3,0.07739,0.07739,0.24239
ecs_prompt_specific_layer_per_head_layer_15_head_20,-0.07739,0.07739,0.24241
ecs_specific_layer_per_head_layer_14_head_14,0.07735,0.07735,0.24264
attention_entropy_per_head_layer_10_head_21,-0.07731,0.07731,0.24285
cas_vs_final_layer_per_head_layer_2_head_4,0.07731,0.07731,0.24286
ecs_prompt_specific_layer_per_head_layer_18_head_10,-0.07731,0.07731,0.24287
ecs_prompt_specific_layer_per_head_layer_19_head_18,-0.07730,0.07730,0.24294
cas_vs_current_layer_per_head_layer_10_head_1,0.07721,0.07721,0.24347
ecs_prompt_specific_layer_per_head_layer_2_head_20,0.07716,0.07716,0.24381
cas_vs_final_layer_per_head_layer_21_head_22,-0.07707,0.07707,0.24434
ecs_prompt_specific_layer_per_head_layer_9_head_15,0.07704,0.07704,0.24454
bos_attention_proportion_per_head_layer_15_head_0,0.07703,0.07703,0.24461
cas_alt_vs_current_layer_per_head_layer_6_head_13,0.07684,0.07684,0.24578
cas_vs_final_layer_per_head_layer_24_head_9,0.07679,0.07679,0.24604
cas_vs_final_layer_per_head_layer_23_head_16,0.07677,0.07677,0.24616
cas_alt_vs_current_layer_per_head_layer_20_head_23,0.07673,0.07673,0.24647
cas_vs_final_layer_per_head_layer_24_head_20,0.07669,0.07669,0.24667
attention_entropy_per_head_layer_26_head_3,-0.07665,0.07665,0.24693
cas_vs_current_layer_per_head_layer_20_head_15,-0.07650,0.07650,0.24784
bos_attention_proportion_per_head_layer_1_head_17,-0.07648,0.07648,0.24798
ecs_prompt_specific_layer_per_head_layer_2_head_12,0.07644,0.07644,0.24826
cas_vs_final_layer_per_head_layer_5_head_1,0.07639,0.07639,0.24852
bos_attention_proportion_per_head_layer_0_head_20,-0.07632,0.07632,0.24899
cas_alt_vs_current_layer_per_head_layer_5_head_17,0.07630,0.07630,0.24908
v_ffn_norm_per_layer_layer_3,0.07630,0.07630,0.24913
cas_vs_final_layer_per_head_layer_22_head_19,0.07629,0.07629,0.24918
attention_entropy_per_head_layer_20_head_5,0.07617,0.07617,0.24993
bos_attention_proportion_per_head_layer_7_head_23,-0.07614,0.07614,0.25013
ecs_specific_layer_per_head_layer_19_head_13,-0.07612,0.07612,0.25024
cas_alt_vs_current_layer_per_head_layer_0_head_7,-0.07611,0.07611,0.25031
cas_vs_current_layer_per_head_layer_8_head_18,-0.07609,0.07609,0.25039
ecs_prompt_specific_layer_per_head_layer_17_head_20,-0.07605,0.07605,0.25066
ecs_prompt_specific_layer_per_head_layer_22_head_8,-0.07600,0.07600,0.25095
attention_entropy_per_head_layer_13_head_16,-0.07600,0.07600,0.25101
bos_attention_proportion_per_head_layer_4_head_21,-0.07599,0.07599,0.25105
pos_score_per_layer_layer_24,0.07597,0.07597,0.25116
cas_vs_final_layer_per_head_layer_26_head_3,0.07595,0.07595,0.25130
cas_vs_current_layer_per_head_layer_3_head_3,-0.07594,0.07594,0.25137
ecs_prompt_specific_layer_per_head_layer_22_head_1,-0.07588,0.07588,0.25171
cas_vs_final_layer_per_head_layer_1_head_12,0.07586,0.07586,0.25184
ecs_specific_layer_per_head_layer_20_head_8,-0.07578,0.07578,0.25238
ecs_prompt_specific_layer_per_head_layer_19_head_16,-0.07574,0.07574,0.25261
bos_attention_proportion_per_head_layer_14_head_22,-0.07564,0.07564,0.25322
cas_vs_final_layer_per_head_layer_4_head_15,0.07563,0.07563,0.25329
cas_alt_vs_final_layer_per_head_layer_2_head_16,-0.07561,0.07561,0.25345
ecs_specific_layer_per_head_layer_15_head_2,-0.07560,0.07560,0.25347
ecs_prompt_specific_layer_per_head_layer_6_head_11,0.07560,0.07560,0.25351
ecs_prompt_specific_layer_per_head_layer_22_head_13,-0.07541,0.07541,0.25468
attention_entropy_per_head_layer_21_head_3,-0.07539,0.07539,0.25478
ecs_specific_layer_per_head_layer_11_head_5,0.07537,0.07537,0.25493
attention_entropy_per_head_layer_11_head_15,-0.07535,0.07535,0.25504
parameter_knowledge_difference_layer_9,-0.07534,0.07534,0.25512
ecs_prompt_specific_layer_per_head_layer_11_head_9,0.07525,0.07525,0.25570
cas_vs_final_layer_per_head_layer_25_head_20,0.07521,0.07521,0.25594
cas_alt_vs_current_layer_per_head_layer_5_head_20,0.07519,0.07519,0.25606
cas_vs_current_layer_per_head_layer_13_head_23,0.07516,0.07516,0.25625
cas_vs_final_layer_per_head_layer_5_head_11,0.07510,0.07510,0.25666
ecs_prompt_specific_layer_per_head_layer_12_head_4,0.07504,0.07504,0.25701
ecs_specific_layer_per_head_layer_14_head_3,0.07491,0.07491,0.25784
cas_vs_final_layer_per_head_layer_10_head_14,-0.07487,0.07487,0.25810
cas_vs_current_layer_per_head_layer_13_head_21,0.07485,0.07485,0.25823
cas_vs_current_layer_per_head_layer_8_head_16,0.07482,0.07482,0.25841
cas_vs_current_layer_per_head_layer_18_head_20,-0.07482,0.07482,0.25842
cas_alt_vs_current_layer_per_head_layer_20_head_5,0.07481,0.07481,0.25847
cas_vs_current_layer_per_head_layer_8_head_13,0.07481,0.07481,0.25852
cas_vs_final_layer_per_head_layer_21_head_11,-0.07480,0.07480,0.25856
cas_vs_final_layer_per_head_layer_10_head_17,-0.07479,0.07479,0.25865
cas_vs_current_layer_per_head_layer_22_head_14,-0.07476,0.07476,0.25881
cas_vs_current_layer_per_head_layer_3_head_20,-0.07473,0.07473,0.25899
cas_vs_final_layer_per_head_layer_6_head_16,0.07472,0.07472,0.25906
cas_vs_final_layer_per_head_layer_24_head_14,0.07466,0.07466,0.25945
attention_entropy_per_head_layer_17_head_0,-0.07465,0.07465,0.25954
cas_vs_final_layer_per_head_layer_12_head_19,-0.07461,0.07461,0.25979
attention_entropy_per_head_layer_17_head_1,-0.07460,0.07460,0.25981
v_attn_norm_per_layer_layer_17,-0.07457,0.07457,0.26005
cas_alt_vs_current_layer_per_head_layer_4_head_9,0.07449,0.07449,0.26052
cas_vs_current_layer_per_head_layer_11_head_18,0.07442,0.07442,0.26100
ecs_prompt_specific_layer_per_head_layer_17_head_18,-0.07439,0.07439,0.26118
cas_vs_final_layer_per_head_layer_23_head_20,0.07438,0.07438,0.26125
ecs_specific_layer_per_head_layer_17_head_4,-0.07436,0.07436,0.26139
cas_vs_current_layer_per_head_layer_19_head_6,-0.07414,0.07414,0.26279
cas_vs_final_layer_per_head_layer_2_head_22,0.07406,0.07406,0.26332
ecs_prompt_specific_layer_per_head_layer_13_head_4,0.07404,0.07404,0.26343
x_pre_ffn_norm_per_layer_layer_27,-0.07404,0.07404,0.26345
ecs_prompt_specific_layer_per_head_layer_18_head_22,-0.07400,0.07400,0.26372
bos_attention_proportion_per_head_layer_11_head_19,-0.07395,0.07395,0.26405
bos_attention_proportion_per_head_layer_11_head_3,0.07392,0.07392,0.26423
pos_cos_similarity_per_layer_layer_24,0.07391,0.07391,0.26426
cas_vs_current_layer_per_head_layer_8_head_14,-0.07383,0.07383,0.26480
cas_vs_current_layer_per_head_layer_6_head_5,-0.07382,0.07382,0.26487
cas_vs_final_layer_per_head_layer_14_head_6,-0.07380,0.07380,0.26499
ecs_specific_layer_per_head_layer_15_head_11,-0.07374,0.07374,0.26542
cas_vs_current_layer_per_head_layer_6_head_1,0.07369,0.07369,0.26574
cas_vs_final_layer_per_head_layer_17_head_8,0.07355,0.07355,0.26660
cas_vs_current_layer_per_head_layer_3_head_13,-0.07353,0.07353,0.26677
bos_attention_proportion_per_head_layer_7_head_7,0.07349,0.07349,0.26704
ecs_prompt_specific_layer_per_head_layer_20_head_15,-0.07347,0.07347,0.26717
ecs_prompt_specific_layer_per_head_layer_19_head_11,-0.07344,0.07344,0.26737
ecs_prompt_specific_layer_per_head_layer_11_head_10,0.07340,0.07340,0.26760
cas_vs_current_layer_per_head_layer_23_head_15,-0.07340,0.07340,0.26761
ecs_specific_layer_per_head_layer_14_head_18,0.07331,0.07331,0.26822
cas_vs_final_layer_per_head_layer_2_head_12,0.07325,0.07325,0.26861
v_ffn_norm_per_layer_layer_21,0.07323,0.07323,0.26868
ecs_specific_layer_per_head_layer_16_head_20,-0.07322,0.07322,0.26877
bos_attention_proportion_per_head_layer_13_head_0,0.07316,0.07316,0.26917
cas_vs_current_layer_per_head_layer_24_head_1,-0.07313,0.07313,0.26939
cas_vs_current_layer_per_head_layer_9_head_16,0.07307,0.07307,0.26974
cas_vs_current_layer_per_head_layer_21_head_11,-0.07304,0.07304,0.26995
cas_vs_current_layer_per_head_layer_26_head_21,-0.07302,0.07302,0.27008
attention_entropy_per_head_layer_19_head_0,-0.07302,0.07302,0.27012
bos_attention_proportion_per_head_layer_6_head_12,0.07297,0.07297,0.27044
cas_alt_vs_final_layer_per_head_layer_12_head_2,-0.07286,0.07286,0.27113
cas_vs_final_layer_per_head_layer_7_head_18,0.07282,0.07282,0.27138
cas_vs_final_layer_per_head_layer_10_head_12,-0.07263,0.07263,0.27265
cas_vs_final_layer_per_head_layer_19_head_23,-0.07258,0.07258,0.27303
cas_vs_current_layer_per_head_layer_20_head_16,-0.07251,0.07251,0.27349
bos_attention_proportion_per_head_layer_26_head_15,-0.07250,0.07250,0.27350
bos_attention_proportion_per_head_layer_20_head_19,0.07248,0.07248,0.27366
ecs_specific_layer_per_head_layer_12_head_1,0.07248,0.07248,0.27368
bos_attention_proportion_per_head_layer_20_head_18,0.07246,0.07246,0.27381
cas_vs_final_layer_per_head_layer_21_head_23,-0.07243,0.07243,0.27401
cas_vs_final_layer_per_head_layer_15_head_15,0.07243,0.07243,0.27401
cas_alt_vs_current_layer_per_head_layer_16_head_23,0.07241,0.07241,0.27416
ecs_prompt_specific_layer_per_head_layer_21_head_14,-0.07239,0.07239,0.27429
cas_vs_final_layer_per_head_layer_8_head_16,-0.07237,0.07237,0.27442
cas_vs_final_layer_per_head_layer_6_head_11,0.07232,0.07232,0.27471
cas_vs_current_layer_per_head_layer_23_head_23,-0.07226,0.07226,0.27514
cos_sim_input_pre_ffn_per_layer_layer_3,-0.07222,0.07222,0.27541
cos_sim_input_pre_ffn_per_layer_layer_21,-0.07218,0.07218,0.27569
cas_alt_vs_current_layer_per_head_layer_19_head_20,0.07217,0.07217,0.27572
cas_alt_vs_current_layer_per_head_layer_21_head_6,0.07217,0.07217,0.27573
cas_vs_current_layer_per_head_layer_20_head_4,-0.07214,0.07214,0.27590
bos_attention_proportion_per_head_layer_19_head_20,0.07214,0.07214,0.27593
ecs_specific_layer_per_head_layer_0_head_0,-0.07213,0.07213,0.27599
bos_attention_proportion_per_head_layer_3_head_17,-0.07212,0.07212,0.27608
ecs_prompt_specific_layer_per_head_layer_0_head_1,-0.07210,0.07210,0.27616
bos_attention_proportion_per_head_layer_18_head_8,-0.07207,0.07207,0.27641
ecs_prompt_specific_layer_per_head_layer_21_head_0,-0.07204,0.07204,0.27656
cas_alt_vs_current_layer_per_head_layer_16_head_0,0.07204,0.07204,0.27661
attention_entropy_per_head_layer_26_head_10,0.07186,0.07186,0.27780
cas_vs_final_layer_per_head_layer_10_head_8,-0.07186,0.07186,0.27780
cas_vs_final_layer_per_head_layer_22_head_13,0.07182,0.07182,0.27806
cas_alt_vs_current_layer_per_head_layer_21_head_12,0.07179,0.07179,0.27830
cas_vs_final_layer_per_head_layer_23_head_13,0.07176,0.07176,0.27850
ecs_specific_layer_per_head_layer_17_head_15,-0.07168,0.07168,0.27898
cas_vs_current_layer_per_head_layer_25_head_12,-0.07168,0.07168,0.27900
cas_vs_current_layer_per_head_layer_0_head_17,-0.07165,0.07165,0.27922
bos_attention_proportion_per_head_layer_13_head_12,-0.07165,0.07165,0.27923
ecs_prompt_specific_layer_per_head_layer_17_head_4,-0.07139,0.07139,0.28094
attention_entropy_per_head_layer_22_head_18,-0.07136,0.07136,0.28119
ecs_prompt_specific_layer_per_head_layer_9_head_18,0.07131,0.07131,0.28148
ecs_prompt_specific_layer_per_head_layer_5_head_4,0.07129,0.07129,0.28161
bos_attention_proportion_per_head_layer_27_head_5,-0.07129,0.07129,0.28163
cas_vs_final_layer_per_head_layer_19_head_11,0.07108,0.07108,0.28306
cas_vs_final_layer_per_head_layer_20_head_7,0.07106,0.07106,0.28317
ecs_prompt_specific_layer_per_head_layer_3_head_4,0.07099,0.07099,0.28365
ecs_prompt_specific_layer_per_head_layer_9_head_20,0.07093,0.07093,0.28407
cas_alt_vs_current_layer_per_head_layer_12_head_2,0.07088,0.07088,0.28443
ecs_prompt_specific_layer_per_head_layer_19_head_21,-0.07087,0.07087,0.28452
ecs_specific_layer_per_head_layer_22_head_14,-0.07084,0.07084,0.28470
bos_attention_proportion_per_head_layer_7_head_5,0.07080,0.07080,0.28495
cas_vs_final_layer_per_head_layer_10_head_16,-0.07077,0.07077,0.28517
ecs_specific_layer_per_head_layer_23_head_5,-0.07076,0.07076,0.28525
attention_entropy_per_head_layer_24_head_20,-0.07076,0.07076,0.28527
attention_entropy_per_head_layer_26_head_5,-0.07069,0.07069,0.28571
x_pre_ffn_norm_per_layer_layer_10,0.07067,0.07067,0.28584
cas_vs_current_layer_per_head_layer_13_head_9,0.07066,0.07066,0.28595
ecs_specific_layer_per_head_layer_0_head_14,-0.07059,0.07059,0.28638
cas_alt_vs_current_layer_per_head_layer_5_head_4,0.07052,0.07052,0.28688
ecs_prompt_specific_layer_per_head_layer_13_head_14,-0.07048,0.07048,0.28719
semantic_drift_per_layer_layer_5,-0.07037,0.07037,0.28790
cas_vs_current_layer_per_head_layer_20_head_3,-0.07036,0.07036,0.28798
ecs_specific_layer_per_head_layer_19_head_8,-0.07036,0.07036,0.28798
ecs_specific_layer_per_head_layer_3_head_21,-0.07031,0.07031,0.28829
ecs_prompt_specific_layer_per_head_layer_19_head_23,-0.07025,0.07025,0.28875
attention_entropy_per_head_layer_19_head_14,-0.07021,0.07021,0.28899
ecs_specific_layer_per_head_layer_6_head_10,-0.07019,0.07019,0.28912
cas_alt_vs_current_layer_per_head_layer_5_head_19,0.07019,0.07019,0.28917
ecs_prompt_specific_layer_per_head_layer_22_head_20,-0.07012,0.07012,0.28965
cas_vs_current_layer_per_head_layer_0_head_16,-0.07003,0.07003,0.29025
cas_alt_vs_final_layer_per_head_layer_25_head_17,-0.06990,0.06990,0.29117
cos_sim_input_post_ffn_per_layer_layer_15,0.06986,0.06986,0.29139
ecs_prompt_specific_layer_per_head_layer_13_head_5,0.06985,0.06985,0.29152
cas_alt_vs_current_layer_per_head_layer_24_head_13,-0.06983,0.06983,0.29164
cas_vs_final_layer_per_head_layer_22_head_18,0.06973,0.06973,0.29229
cos_sim_input_pre_ffn_per_layer_layer_23,0.06973,0.06973,0.29230
cas_vs_current_layer_per_head_layer_22_head_11,-0.06972,0.06972,0.29239
attention_entropy_per_head_layer_11_head_6,-0.06956,0.06956,0.29348
bos_attention_proportion_per_head_layer_10_head_14,0.06953,0.06953,0.29373
bos_attention_proportion_per_head_layer_27_head_15,0.06946,0.06946,0.29418
cas_vs_final_layer_per_head_layer_21_head_2,-0.06945,0.06945,0.29426
cas_vs_current_layer_per_head_layer_12_head_11,0.06944,0.06944,0.29437
bos_attention_proportion_per_head_layer_18_head_10,0.06939,0.06939,0.29468
ecs_specific_layer_per_head_layer_13_head_12,0.06939,0.06939,0.29471
ecs_specific_layer_per_head_layer_19_head_20,-0.06938,0.06938,0.29477
bos_attention_proportion_per_head_layer_17_head_12,-0.06935,0.06935,0.29499
cas_vs_final_layer_per_head_layer_22_head_11,-0.06933,0.06933,0.29508
ecs_specific_layer_per_head_layer_3_head_2,-0.06930,0.06930,0.29534
bos_attention_proportion_per_head_layer_2_head_21,0.06930,0.06930,0.29535
bos_attention_proportion_per_head_layer_15_head_6,-0.06928,0.06928,0.29548
ecs_prompt_specific_layer_per_head_layer_22_head_21,-0.06910,0.06910,0.29672
cas_vs_final_layer_per_head_layer_1_head_14,0.06907,0.06907,0.29693
cas_alt_vs_current_layer_per_head_layer_23_head_14,-0.06905,0.06905,0.29708
cas_vs_current_layer_per_head_layer_23_head_20,-0.06903,0.06903,0.29722
bos_attention_proportion_per_head_layer_27_head_4,0.06900,0.06900,0.29739
cas_vs_current_layer_per_head_layer_15_head_12,0.06893,0.06893,0.29794
bos_attention_proportion_per_head_layer_23_head_15,-0.06892,0.06892,0.29797
ecs_prompt_specific_layer_per_head_layer_5_head_22,0.06891,0.06891,0.29803
cas_vs_current_layer_per_head_layer_5_head_10,0.06891,0.06891,0.29803
ecs_prompt_specific_layer_per_head_layer_5_head_2,0.06891,0.06891,0.29806
attention_entropy_per_head_layer_12_head_13,-0.06887,0.06887,0.29831
parameter_knowledge_difference_layer_0,0.06871,0.06871,0.29946
attention_entropy_per_head_layer_25_head_7,-0.06868,0.06868,0.29967
cas_alt_vs_current_layer_per_head_layer_24_head_1,-0.06858,0.06858,0.30038
bos_attention_proportion_per_head_layer_4_head_16,-0.06857,0.06857,0.30043
ecs_prompt_specific_layer_per_head_layer_12_head_8,0.06854,0.06854,0.30067
cas_vs_current_layer_per_head_layer_9_head_9,0.06850,0.06850,0.30096
cas_vs_current_layer_per_head_layer_16_head_20,-0.06846,0.06846,0.30125
cas_vs_current_layer_per_head_layer_7_head_22,-0.06841,0.06841,0.30160
cos_sim_input_post_ffn_per_layer_layer_23,0.06838,0.06838,0.30177
cas_vs_current_layer_per_head_layer_0_head_15,-0.06838,0.06838,0.30178
attention_entropy_per_head_layer_9_head_4,-0.06838,0.06838,0.30181
cas_vs_current_layer_per_head_layer_5_head_4,0.06830,0.06830,0.30236
cas_vs_final_layer_per_head_layer_6_head_18,0.06829,0.06829,0.30247
cas_vs_final_layer_per_head_layer_3_head_0,0.06826,0.06826,0.30264
cas_alt_vs_current_layer_per_head_layer_20_head_6,0.06822,0.06822,0.30293
cas_vs_final_layer_per_head_layer_23_head_15,0.06820,0.06820,0.30310
ecs_prompt_specific_layer_per_head_layer_20_head_18,-0.06806,0.06806,0.30410
cas_vs_final_layer_per_head_layer_6_head_12,0.06790,0.06790,0.30518
cas_alt_vs_current_layer_per_head_layer_20_head_10,0.06787,0.06787,0.30540
cas_vs_current_layer_per_head_layer_6_head_20,0.06786,0.06786,0.30546
ecs_specific_layer_per_head_layer_14_head_8,0.06785,0.06785,0.30556
cas_vs_current_layer_per_head_layer_12_head_9,0.06785,0.06785,0.30559
cas_vs_current_layer_per_head_layer_11_head_0,0.06784,0.06784,0.30567
cas_vs_final_layer_per_head_layer_18_head_3,-0.06778,0.06778,0.30607
cas_vs_current_layer_per_head_layer_22_head_3,-0.06776,0.06776,0.30618
cas_vs_final_layer_per_head_layer_26_head_18,-0.06776,0.06776,0.30620
cas_alt_vs_current_layer_per_head_layer_4_head_10,0.06773,0.06773,0.30643
cas_alt_vs_current_layer_per_head_layer_19_head_4,0.06771,0.06771,0.30654
ecs_prompt_specific_layer_per_head_layer_22_head_19,-0.06756,0.06756,0.30763
cas_alt_vs_current_layer_per_head_layer_16_head_18,0.06753,0.06753,0.30787
ecs_specific_layer_per_head_layer_17_head_6,-0.06752,0.06752,0.30791
ecs_prompt_specific_layer_per_head_layer_22_head_17,-0.06749,0.06749,0.30817
cas_vs_current_layer_per_head_layer_12_head_8,0.06745,0.06745,0.30844
bos_attention_proportion_per_head_layer_26_head_14,-0.06739,0.06739,0.30886
cas_vs_current_layer_per_head_layer_3_head_7,-0.06734,0.06734,0.30921
ecs_prompt_specific_layer_per_head_layer_12_head_13,0.06725,0.06725,0.30989
attention_entropy_per_head_layer_1_head_8,-0.06720,0.06720,0.31023
bos_attention_proportion_per_head_layer_16_head_20,0.06716,0.06716,0.31054
bos_attention_proportion_per_head_layer_1_head_19,-0.06714,0.06714,0.31067
cas_vs_current_layer_per_head_layer_22_head_1,-0.06709,0.06709,0.31102
ecs_specific_layer_per_head_layer_0_head_16,0.06708,0.06708,0.31107
ecs_prompt_specific_layer_per_head_layer_13_head_15,0.06708,0.06708,0.31111
attention_entropy_per_head_layer_21_head_12,0.06702,0.06702,0.31150
cas_vs_final_layer_per_head_layer_24_head_5,0.06697,0.06697,0.31188
bos_attention_proportion_per_head_layer_11_head_21,0.06696,0.06696,0.31198
bos_attention_proportion_per_head_layer_14_head_20,0.06686,0.06686,0.31268
bos_attention_proportion_per_head_layer_17_head_0,0.06679,0.06679,0.31317
ecs_prompt_specific_layer_per_head_layer_22_head_2,-0.06671,0.06671,0.31379
bos_attention_proportion_per_head_layer_12_head_15,0.06670,0.06670,0.31384
bos_attention_proportion_per_head_layer_12_head_7,0.06668,0.06668,0.31397
bos_attention_proportion_per_head_layer_4_head_0,0.06666,0.06666,0.31416
cas_vs_current_layer_per_head_layer_9_head_4,0.06658,0.06658,0.31469
ecs_prompt_specific_layer_per_head_layer_8_head_21,0.06658,0.06658,0.31471
semantic_drift_per_layer_layer_3,-0.06655,0.06655,0.31495
cas_alt_vs_current_layer_per_head_layer_25_head_21,-0.06648,0.06648,0.31546
cas_alt_vs_current_layer_per_head_layer_23_head_5,-0.06648,0.06648,0.31548
bos_attention_proportion_per_head_layer_2_head_3,0.06644,0.06644,0.31577
bos_attention_proportion_per_head_layer_19_head_18,-0.06642,0.06642,0.31587
bos_attention_proportion_per_head_layer_18_head_5,0.06638,0.06638,0.31621
ecs_prompt_specific_layer_per_head_layer_18_head_2,-0.06634,0.06634,0.31649
cas_vs_final_layer_per_head_layer_19_head_1,0.06632,0.06632,0.31664
cas_alt_vs_current_layer_per_head_layer_23_head_1,-0.06626,0.06626,0.31707
cas_vs_current_layer_per_head_layer_20_head_22,-0.06624,0.06624,0.31724
attention_entropy_per_head_layer_23_head_21,-0.06616,0.06616,0.31777
ecs_specific_layer_per_head_layer_1_head_13,-0.06610,0.06610,0.31825
attention_entropy_per_head_layer_10_head_6,0.06610,0.06610,0.31826
bos_attention_proportion_per_head_layer_18_head_21,0.06607,0.06607,0.31845
ecs_specific_layer_per_head_layer_1_head_19,-0.06601,0.06601,0.31887
v_attn_norm_per_layer_layer_2,0.06596,0.06596,0.31924
cas_vs_current_layer_per_head_layer_12_head_16,0.06592,0.06592,0.31954
cas_vs_final_layer_per_head_layer_2_head_3,0.06582,0.06582,0.32029
cas_vs_final_layer_per_head_layer_12_head_16,0.06579,0.06579,0.32051
cas_alt_vs_current_layer_per_head_layer_6_head_12,0.06570,0.06570,0.32115
ecs_specific_layer_per_head_layer_22_head_13,-0.06565,0.06565,0.32156
ecs_prompt_specific_layer_per_head_layer_0_head_14,-0.06556,0.06556,0.32219
bos_attention_proportion_per_head_layer_26_head_4,-0.06554,0.06554,0.32234
ecs_prompt_specific_layer_per_head_layer_7_head_17,0.06552,0.06552,0.32251
attention_entropy_per_head_layer_17_head_10,-0.06551,0.06551,0.32260
bos_attention_proportion_per_head_layer_7_head_21,0.06550,0.06550,0.32265
parameter_knowledge_difference_layer_20,-0.06544,0.06544,0.32308
bos_attention_proportion_per_head_layer_24_head_2,-0.06543,0.06543,0.32320
cas_vs_current_layer_per_head_layer_22_head_22,-0.06535,0.06535,0.32374
cas_vs_current_layer_per_head_layer_5_head_17,-0.06534,0.06534,0.32388
cas_alt_vs_current_layer_per_head_layer_6_head_8,0.06530,0.06530,0.32417
cas_vs_final_layer_per_head_layer_25_head_3,0.06528,0.06528,0.32428
ecs_specific_layer_per_head_layer_7_head_19,-0.06525,0.06525,0.32448
bos_attention_proportion_per_head_layer_20_head_2,0.06519,0.06519,0.32495
ecs_prompt_specific_layer_per_head_layer_5_head_21,0.06519,0.06519,0.32495
attention_entropy_per_head_layer_6_head_13,0.06511,0.06511,0.32559
cas_vs_final_layer_per_head_layer_9_head_7,-0.06506,0.06506,0.32595
cas_alt_vs_current_layer_per_head_layer_16_head_21,0.06504,0.06504,0.32608
cas_vs_final_layer_per_head_layer_20_head_18,0.06501,0.06501,0.32630
cas_vs_current_layer_per_head_layer_19_head_20,-0.06500,0.06500,0.32635
ecs_prompt_specific_layer_per_head_layer_6_head_16,0.06495,0.06495,0.32677
cas_vs_final_layer_per_head_layer_26_head_14,0.06492,0.06492,0.32694
cas_vs_final_layer_per_head_layer_22_head_23,0.06490,0.06490,0.32709
cas_vs_final_layer_per_head_layer_2_head_23,0.06490,0.06490,0.32712
ecs_specific_layer_per_head_layer_22_head_21,-0.06484,0.06484,0.32754
attention_entropy_per_head_layer_10_head_16,-0.06483,0.06483,0.32763
cas_vs_final_layer_per_head_layer_9_head_16,-0.06478,0.06478,0.32798
cas_vs_final_layer_per_head_layer_10_head_19,-0.06476,0.06476,0.32817
cas_alt_vs_current_layer_per_head_layer_6_head_6,0.06473,0.06473,0.32842
ecs_prompt_specific_layer_per_head_layer_22_head_12,-0.06468,0.06468,0.32874
cas_vs_current_layer_per_head_layer_20_head_23,-0.06468,0.06468,0.32879
ecs_specific_layer_per_head_layer_7_head_22,-0.06462,0.06462,0.32920
x_post_ffn_norm_per_layer_layer_3,0.06462,0.06462,0.32921
x_input_norm_per_layer_layer_4,0.06462,0.06462,0.32921
cas_vs_final_layer_per_head_layer_16_head_15,0.06461,0.06461,0.32928
ecs_specific_layer_per_head_layer_14_head_9,0.06461,0.06461,0.32930
bos_attention_proportion_per_head_layer_15_head_8,0.06461,0.06461,0.32932
ecs_specific_layer_per_head_layer_11_head_7,0.06456,0.06456,0.32966
cas_vs_final_layer_per_head_layer_9_head_13,0.06456,0.06456,0.32969
ecs_specific_layer_per_head_layer_17_head_21,-0.06456,0.06456,0.32970
cas_vs_current_layer_per_head_layer_4_head_4,0.06454,0.06454,0.32979
cas_vs_current_layer_per_head_layer_8_head_1,0.06446,0.06446,0.33045
cas_alt_vs_current_layer_per_head_layer_16_head_22,0.06437,0.06437,0.33112
bos_attention_proportion_per_head_layer_4_head_12,-0.06435,0.06435,0.33121
cas_vs_final_layer_per_head_layer_23_head_17,0.06433,0.06433,0.33143
attention_entropy_per_head_layer_19_head_22,-0.06431,0.06431,0.33157
cas_vs_current_layer_per_head_layer_16_head_8,-0.06427,0.06427,0.33183
cas_vs_final_layer_per_head_layer_18_head_18,0.06426,0.06426,0.33193
ecs_specific_layer_per_head_layer_23_head_11,-0.06424,0.06424,0.33207
cas_vs_current_layer_per_head_layer_9_head_22,0.06424,0.06424,0.33209
cas_vs_final_layer_per_head_layer_22_head_21,0.06416,0.06416,0.33267
cas_vs_final_layer_per_head_layer_7_head_22,0.06414,0.06414,0.33287
ecs_specific_layer_per_head_layer_22_head_22,-0.06411,0.06411,0.33302
bos_attention_proportion_per_head_layer_3_head_4,0.06409,0.06409,0.33318
ecs_specific_layer_per_head_layer_19_head_18,-0.06406,0.06406,0.33345
ecs_prompt_specific_layer_per_head_layer_13_head_17,0.06402,0.06402,0.33371
x_pre_ffn_norm_per_layer_layer_2,0.06385,0.06385,0.33501
bos_attention_proportion_per_head_layer_25_head_12,0.06385,0.06385,0.33503
bos_attention_proportion_per_head_layer_23_head_11,-0.06375,0.06375,0.33581
cas_alt_vs_current_layer_per_head_layer_6_head_5,0.06374,0.06374,0.33585
cas_vs_final_layer_per_head_layer_13_head_10,-0.06370,0.06370,0.33617
cas_vs_current_layer_per_head_layer_15_head_23,0.06365,0.06365,0.33655
ecs_specific_layer_per_head_layer_3_head_15,-0.06360,0.06360,0.33690
cas_vs_final_layer_per_head_layer_18_head_11,0.06360,0.06360,0.33692
cas_alt_vs_current_layer_per_head_layer_20_head_12,0.06358,0.06358,0.33706
cas_vs_current_layer_per_head_layer_25_head_23,-0.06352,0.06352,0.33752
cas_alt_vs_current_layer_per_head_layer_24_head_17,-0.06351,0.06351,0.33758
attention_entropy_per_head_layer_18_head_17,-0.06348,0.06348,0.33785
ecs_prompt_specific_layer_per_head_layer_17_head_7,-0.06347,0.06347,0.33789
ecs_specific_layer_per_head_layer_5_head_16,0.06346,0.06346,0.33799
cas_vs_current_layer_per_head_layer_16_head_17,-0.06332,0.06332,0.33904
ecs_prompt_specific_layer_per_head_layer_4_head_7,0.06331,0.06331,0.33913
attention_entropy_per_head_layer_24_head_19,-0.06330,0.06330,0.33918
cas_alt_vs_current_layer_per_head_layer_1_head_17,0.06325,0.06325,0.33962
bos_attention_proportion_per_head_layer_5_head_23,-0.06317,0.06317,0.34017
cas_vs_current_layer_per_head_layer_11_head_20,0.06317,0.06317,0.34018
ecs_specific_layer_per_head_layer_2_head_16,-0.06312,0.06312,0.34061
cas_vs_current_layer_per_head_layer_8_head_17,0.06311,0.06311,0.34070
ecs_prompt_specific_layer_per_head_layer_23_head_9,-0.06306,0.06306,0.34105
ecs_prompt_specific_layer_per_head_layer_16_head_8,-0.06302,0.06302,0.34134
parameter_knowledge_difference_layer_2,0.06300,0.06300,0.34151
cas_vs_final_layer_per_head_layer_5_head_17,0.06300,0.06300,0.34153
cas_alt_vs_current_layer_per_head_layer_6_head_1,0.06299,0.06299,0.34160
cas_vs_current_layer_per_head_layer_3_head_16,0.06297,0.06297,0.34174
cas_vs_current_layer_per_head_layer_24_head_5,-0.06295,0.06295,0.34190
ecs_specific_layer_per_head_layer_22_head_1,-0.06293,0.06293,0.34208
cas_vs_final_layer_per_head_layer_18_head_23,-0.06292,0.06292,0.34210
semantic_drift_per_layer_layer_16,-0.06291,0.06291,0.34222
cas_alt_vs_current_layer_per_head_layer_25_head_8,-0.06289,0.06289,0.34236
ecs_specific_layer_per_head_layer_8_head_17,0.06275,0.06275,0.34345
ecs_prompt_specific_layer_per_head_layer_21_head_6,-0.06275,0.06275,0.34347
v_attn_norm_per_layer_layer_20,-0.06274,0.06274,0.34349
cas_vs_current_layer_per_head_layer_25_head_22,-0.06271,0.06271,0.34377
ecs_prompt_specific_layer_per_head_layer_18_head_1,-0.06268,0.06268,0.34396
cas_vs_current_layer_per_head_layer_16_head_21,-0.06266,0.06266,0.34411
ecs_specific_layer_per_head_layer_6_head_20,0.06263,0.06263,0.34437
bos_attention_proportion_per_head_layer_23_head_22,-0.06262,0.06262,0.34444
ecs_specific_layer_per_head_layer_1_head_12,-0.06262,0.06262,0.34447
ecs_prompt_specific_layer_per_head_layer_20_head_7,-0.06259,0.06259,0.34470
attention_entropy_per_head_layer_18_head_3,-0.06258,0.06258,0.34471
attention_entropy_per_head_layer_22_head_12,-0.06258,0.06258,0.34477
cas_alt_vs_current_layer_per_head_layer_5_head_13,0.06255,0.06255,0.34498
cas_vs_final_layer_per_head_layer_27_head_19,-0.06254,0.06254,0.34503
cas_vs_current_layer_per_head_layer_27_head_19,-0.06254,0.06254,0.34503
attention_entropy_per_head_layer_10_head_20,-0.06253,0.06253,0.34510
attention_entropy_per_head_layer_16_head_10,-0.06253,0.06253,0.34513
cas_vs_current_layer_per_head_layer_14_head_2,0.06252,0.06252,0.34524
attention_entropy_per_head_layer_9_head_1,-0.06248,0.06248,0.34554
attention_entropy_per_head_layer_13_head_21,-0.06247,0.06247,0.34561
cas_vs_final_layer_per_head_layer_25_head_13,0.06246,0.06246,0.34567
attention_entropy_per_head_layer_12_head_20,-0.06246,0.06246,0.34569
attention_entropy_per_head_layer_19_head_15,-0.06245,0.06245,0.34578
ecs_specific_layer_per_head_layer_14_head_16,0.06243,0.06243,0.34591
bos_attention_proportion_per_head_layer_9_head_3,-0.06240,0.06240,0.34613
cas_vs_current_layer_per_head_layer_23_head_11,-0.06238,0.06238,0.34630
cas_vs_final_layer_per_head_layer_4_head_16,0.06235,0.06235,0.34650
ecs_specific_layer_per_head_layer_23_head_22,-0.06233,0.06233,0.34672
cas_vs_final_layer_per_head_layer_25_head_14,0.06232,0.06232,0.34678
ecs_specific_layer_per_head_layer_11_head_1,0.06230,0.06230,0.34691
attention_entropy_per_head_layer_22_head_7,-0.06228,0.06228,0.34711
pos_cos_similarity_per_layer_layer_17,0.06225,0.06225,0.34730
pos_score_per_layer_layer_17,0.06225,0.06225,0.34730
attention_entropy_per_head_layer_12_head_9,-0.06223,0.06223,0.34745
ecs_specific_layer_per_head_layer_11_head_20,0.06214,0.06214,0.34813
cas_alt_vs_current_layer_per_head_layer_24_head_23,-0.06213,0.06213,0.34825
bos_attention_proportion_per_head_layer_16_head_4,-0.06210,0.06210,0.34849
attention_entropy_per_head_layer_27_head_9,-0.06208,0.06208,0.34865
cas_alt_vs_current_layer_per_head_layer_6_head_15,0.06204,0.06204,0.34893
cas_vs_current_layer_per_head_layer_5_head_20,-0.06203,0.06203,0.34899
cas_alt_vs_current_layer_per_head_layer_19_head_10,0.06203,0.06203,0.34899
ecs_specific_layer_per_head_layer_0_head_4,-0.06201,0.06201,0.34917
ecs_prompt_specific_layer_per_head_layer_13_head_16,0.06196,0.06196,0.34953
bos_attention_proportion_per_head_layer_19_head_13,0.06195,0.06195,0.34963
bos_attention_proportion_per_head_layer_4_head_20,-0.06192,0.06192,0.34984
bos_attention_proportion_per_head_layer_6_head_14,-0.06187,0.06187,0.35028
bos_attention_proportion_per_head_layer_19_head_9,-0.06184,0.06184,0.35050
cas_vs_current_layer_per_head_layer_10_head_8,0.06184,0.06184,0.35053
cas_vs_current_layer_per_head_layer_5_head_11,0.06183,0.06183,0.35059
cas_vs_current_layer_per_head_layer_13_head_13,0.06181,0.06181,0.35069
cas_alt_vs_current_layer_per_head_layer_0_head_6,-0.06176,0.06176,0.35111
cas_vs_current_layer_per_head_layer_17_head_18,-0.06174,0.06174,0.35128
ecs_prompt_specific_layer_per_head_layer_19_head_19,-0.06173,0.06173,0.35137
ecs_prompt_specific_layer_per_head_layer_17_head_19,-0.06171,0.06171,0.35148
cas_vs_current_layer_per_head_layer_9_head_7,-0.06163,0.06163,0.35211
cas_vs_final_layer_per_head_layer_2_head_20,0.06162,0.06162,0.35223
attention_entropy_per_head_layer_16_head_23,-0.06160,0.06160,0.35238
cas_alt_vs_current_layer_per_head_layer_6_head_22,0.06158,0.06158,0.35256
bos_attention_proportion_per_head_layer_0_head_18,-0.06157,0.06157,0.35259
cas_vs_current_layer_per_head_layer_13_head_22,0.06148,0.06148,0.35327
cas_vs_current_layer_per_head_layer_14_head_7,0.06146,0.06146,0.35347
ecs_prompt_specific_layer_per_head_layer_10_head_3,0.06143,0.06143,0.35369
cas_alt_vs_current_layer_per_head_layer_4_head_12,0.06142,0.06142,0.35376
cas_vs_current_layer_per_head_layer_4_head_20,0.06139,0.06139,0.35405
cas_alt_vs_current_layer_per_head_layer_24_head_6,-0.06137,0.06137,0.35417
cas_alt_vs_current_layer_per_head_layer_3_head_2,0.06136,0.06136,0.35423
cas_vs_current_layer_per_head_layer_4_head_22,-0.06134,0.06134,0.35444
cas_vs_current_layer_per_head_layer_24_head_0,-0.06129,0.06129,0.35480
ecs_prompt_specific_layer_per_head_layer_5_head_3,0.06127,0.06127,0.35493
ecs_specific_layer_per_head_layer_23_head_3,-0.06125,0.06125,0.35513
cas_alt_vs_current_layer_per_head_layer_19_head_0,0.06122,0.06122,0.35533
bos_attention_proportion_per_head_layer_21_head_13,-0.06122,0.06122,0.35536
ecs_specific_layer_per_head_layer_23_head_4,-0.06119,0.06119,0.35560
ecs_specific_layer_per_head_layer_15_head_9,-0.06119,0.06119,0.35562
cas_vs_final_layer_per_head_layer_26_head_16,0.06114,0.06114,0.35595
ecs_specific_layer_per_head_layer_3_head_14,-0.06110,0.06110,0.35634
ecs_specific_layer_per_head_layer_9_head_19,-0.06097,0.06097,0.35735
ecs_specific_layer_per_head_layer_18_head_14,-0.06091,0.06091,0.35778
cas_alt_vs_current_layer_per_head_layer_6_head_0,0.06087,0.06087,0.35813
v_attn_norm_per_layer_layer_14,-0.06086,0.06086,0.35816
ecs_specific_layer_per_head_layer_17_head_7,-0.06084,0.06084,0.35837
ecs_specific_layer_per_head_layer_19_head_12,-0.06076,0.06076,0.35900
pos_score_per_layer_layer_9,-0.06066,0.06066,0.35977
pos_cos_similarity_per_layer_layer_9,-0.06066,0.06066,0.35977
cas_vs_final_layer_per_head_layer_20_head_17,0.06055,0.06055,0.36065
ecs_prompt_specific_layer_per_head_layer_9_head_19,0.06053,0.06053,0.36084
cos_sim_input_pre_ffn_per_layer_layer_27,-0.06052,0.06052,0.36086
cas_vs_final_layer_per_head_layer_2_head_5,0.06032,0.06032,0.36252
cas_alt_vs_current_layer_per_head_layer_6_head_2,0.06031,0.06031,0.36255
cas_alt_vs_final_layer_per_head_layer_13_head_23,-0.06031,0.06031,0.36259
cas_alt_vs_current_layer_per_head_layer_20_head_13,0.06029,0.06029,0.36275
cas_vs_current_layer_per_head_layer_20_head_12,-0.06029,0.06029,0.36276
cas_vs_final_layer_per_head_layer_20_head_22,-0.06021,0.06021,0.36338
cas_vs_current_layer_per_head_layer_14_head_13,0.06021,0.06021,0.36339
ecs_prompt_specific_layer_per_head_layer_17_head_9,-0.06013,0.06013,0.36401
cas_vs_final_layer_per_head_layer_25_head_19,0.06012,0.06012,0.36410
cas_vs_current_layer_per_head_layer_26_head_8,-0.06007,0.06007,0.36451
ecs_specific_layer_per_head_layer_20_head_18,-0.06004,0.06004,0.36471
ecs_specific_layer_per_head_layer_23_head_7,-0.05997,0.05997,0.36525
ecs_specific_layer_per_head_layer_14_head_0,0.05992,0.05992,0.36570
cas_alt_vs_current_layer_per_head_layer_19_head_3,0.05991,0.05991,0.36572
ecs_specific_layer_per_head_layer_10_head_11,-0.05971,0.05971,0.36736
ecs_specific_layer_per_head_layer_19_head_15,-0.05969,0.05969,0.36755
attention_entropy_per_head_layer_4_head_2,-0.05962,0.05962,0.36805
attention_entropy_per_head_layer_26_head_6,-0.05961,0.05961,0.36814
cos_sim_pre_post_ffn_per_layer_layer_20,0.05958,0.05958,0.36844
ecs_specific_layer_per_head_layer_3_head_0,-0.05955,0.05955,0.36863
cas_vs_final_layer_per_head_layer_8_head_10,-0.05955,0.05955,0.36864
cas_vs_final_layer_per_head_layer_15_head_19,0.05953,0.05953,0.36881
ecs_prompt_specific_layer_per_head_layer_17_head_16,-0.05946,0.05946,0.36941
cas_vs_current_layer_per_head_layer_6_head_3,0.05943,0.05943,0.36962
cas_vs_final_layer_per_head_layer_25_head_5,0.05940,0.05940,0.36985
ecs_specific_layer_per_head_layer_15_head_17,-0.05938,0.05938,0.37004
ecs_prompt_specific_layer_per_head_layer_23_head_11,-0.05935,0.05935,0.37023
cas_vs_current_layer_per_head_layer_20_head_13,-0.05934,0.05934,0.37033
bos_attention_proportion_per_head_layer_11_head_16,-0.05931,0.05931,0.37063
bos_attention_proportion_per_head_layer_17_head_15,0.05930,0.05930,0.37067
cas_vs_final_layer_per_head_layer_12_head_2,0.05930,0.05930,0.37067
cas_alt_vs_current_layer_per_head_layer_6_head_7,0.05928,0.05928,0.37087
cas_vs_current_layer_per_head_layer_14_head_4,-0.05923,0.05923,0.37122
ecs_specific_layer_per_head_layer_5_head_18,0.05922,0.05922,0.37131
bos_attention_proportion_per_head_layer_20_head_10,0.05916,0.05916,0.37177
bos_attention_proportion_per_head_layer_5_head_2,0.05915,0.05915,0.37186
cas_vs_final_layer_per_head_layer_6_head_20,0.05903,0.05903,0.37282
cas_vs_final_layer_per_head_layer_12_head_12,0.05899,0.05899,0.37322
cas_alt_vs_current_layer_per_head_layer_21_head_21,0.05898,0.05898,0.37325
cas_vs_current_layer_per_head_layer_4_head_21,0.05896,0.05896,0.37340
cas_alt_vs_current_layer_per_head_layer_5_head_18,0.05889,0.05889,0.37401
cas_vs_final_layer_per_head_layer_13_head_0,-0.05886,0.05886,0.37421
ecs_prompt_specific_layer_per_head_layer_23_head_10,-0.05886,0.05886,0.37421
bos_attention_proportion_per_head_layer_2_head_13,-0.05882,0.05882,0.37458
bos_attention_proportion_per_head_layer_12_head_8,0.05874,0.05874,0.37520
v_attn_norm_per_layer_layer_5,-0.05874,0.05874,0.37521
ecs_prompt_specific_layer_per_head_layer_15_head_8,-0.05871,0.05871,0.37547
ecs_prompt_specific_layer_per_head_layer_12_head_16,0.05871,0.05871,0.37549
ecs_specific_layer_per_head_layer_12_head_0,0.05870,0.05870,0.37554
ecs_prompt_specific_layer_per_head_layer_16_head_0,-0.05870,0.05870,0.37557
ecs_specific_layer_per_head_layer_14_head_20,0.05855,0.05855,0.37676
bos_attention_proportion_per_head_layer_6_head_20,-0.05850,0.05850,0.37716
cas_vs_final_layer_per_head_layer_25_head_21,0.05848,0.05848,0.37736
ecs_specific_layer_per_head_layer_22_head_12,-0.05845,0.05845,0.37756
cas_vs_final_layer_per_head_layer_6_head_0,0.05843,0.05843,0.37773
cas_vs_current_layer_per_head_layer_8_head_19,0.05842,0.05842,0.37784
cas_vs_current_layer_per_head_layer_13_head_10,0.05837,0.05837,0.37822
bos_attention_proportion_per_head_layer_16_head_0,0.05835,0.05835,0.37838
cas_vs_final_layer_per_head_layer_16_head_1,0.05829,0.05829,0.37892
ecs_prompt_specific_layer_per_head_layer_0_head_12,-0.05828,0.05828,0.37897
ecs_prompt_specific_layer_per_head_layer_13_head_10,0.05824,0.05824,0.37929
bos_attention_proportion_per_head_layer_14_head_21,0.05823,0.05823,0.37942
cas_vs_final_layer_per_head_layer_14_head_1,-0.05821,0.05821,0.37958
cas_vs_final_layer_per_head_layer_15_head_22,0.05819,0.05819,0.37969
v_ffn_norm_per_layer_layer_9,-0.05817,0.05817,0.37985
ecs_specific_layer_per_head_layer_16_head_11,-0.05813,0.05813,0.38023
cas_alt_vs_current_layer_per_head_layer_20_head_17,0.05812,0.05812,0.38032
cas_vs_current_layer_per_head_layer_8_head_7,0.05811,0.05811,0.38041
bos_attention_proportion_per_head_layer_9_head_12,0.05809,0.05809,0.38057
cas_vs_final_layer_per_head_layer_2_head_6,0.05808,0.05808,0.38062
attention_entropy_per_head_layer_18_head_2,0.05808,0.05808,0.38064
bos_attention_proportion_per_head_layer_14_head_19,0.05807,0.05807,0.38072
cas_vs_current_layer_per_head_layer_24_head_10,-0.05803,0.05803,0.38104
ecs_specific_layer_per_head_layer_18_head_18,-0.05801,0.05801,0.38118
cas_vs_final_layer_per_head_layer_21_head_0,-0.05801,0.05801,0.38122
ecs_prompt_specific_layer_per_head_layer_2_head_9,0.05796,0.05796,0.38162
bos_attention_proportion_per_head_layer_4_head_10,-0.05792,0.05792,0.38192
cas_vs_current_layer_per_head_layer_7_head_2,-0.05791,0.05791,0.38202
cas_vs_final_layer_per_head_layer_17_head_14,0.05788,0.05788,0.38226
ecs_prompt_specific_layer_per_head_layer_7_head_20,0.05782,0.05782,0.38278
cas_vs_final_layer_per_head_layer_20_head_5,0.05781,0.05781,0.38281
cas_vs_final_layer_per_head_layer_15_head_3,0.05781,0.05781,0.38283
bos_attention_proportion_per_head_layer_11_head_6,0.05770,0.05770,0.38376
cas_vs_final_layer_per_head_layer_6_head_6,0.05763,0.05763,0.38436
ecs_specific_layer_per_head_layer_2_head_6,-0.05759,0.05759,0.38466
bos_attention_proportion_per_head_layer_12_head_14,-0.05750,0.05750,0.38541
cos_sim_input_post_ffn_per_layer_layer_20,0.05749,0.05749,0.38548
cas_vs_final_layer_per_head_layer_16_head_2,0.05748,0.05748,0.38556
ecs_specific_layer_per_head_layer_12_head_9,0.05745,0.05745,0.38585
ecs_specific_layer_per_head_layer_4_head_19,-0.05743,0.05743,0.38594
ecs_specific_layer_per_head_layer_4_head_6,-0.05742,0.05742,0.38605
ecs_specific_layer_per_head_layer_0_head_12,-0.05741,0.05741,0.38616
bos_attention_proportion_per_head_layer_5_head_17,-0.05741,0.05741,0.38616
ecs_prompt_specific_layer_per_head_layer_10_head_10,0.05739,0.05739,0.38627
ecs_specific_layer_per_head_layer_14_head_6,0.05733,0.05733,0.38678
cas_vs_final_layer_per_head_layer_26_head_15,0.05732,0.05732,0.38689
ecs_specific_layer_per_head_layer_17_head_14,-0.05730,0.05730,0.38708
attention_entropy_per_head_layer_3_head_22,-0.05728,0.05728,0.38720
ecs_specific_layer_per_head_layer_12_head_8,0.05725,0.05725,0.38749
ecs_prompt_specific_layer_per_head_layer_15_head_0,-0.05717,0.05717,0.38815
bos_attention_proportion_per_head_layer_27_head_12,0.05715,0.05715,0.38827
cas_alt_vs_current_layer_per_head_layer_6_head_18,0.05712,0.05712,0.38854
bos_attention_proportion_per_head_layer_6_head_0,-0.05711,0.05711,0.38863
ecs_prompt_specific_layer_per_head_layer_22_head_15,-0.05705,0.05705,0.38911
ecs_specific_layer_per_head_layer_10_head_17,0.05694,0.05694,0.39003
cas_vs_final_layer_per_head_layer_26_head_4,0.05693,0.05693,0.39010
cas_vs_final_layer_per_head_layer_5_head_21,0.05672,0.05672,0.39191
ecs_prompt_specific_layer_per_head_layer_21_head_10,-0.05671,0.05671,0.39195
cas_vs_final_layer_per_head_layer_5_head_10,0.05668,0.05668,0.39219
ecs_specific_layer_per_head_layer_20_head_19,-0.05664,0.05664,0.39257
bos_attention_proportion_per_head_layer_25_head_16,-0.05655,0.05655,0.39327
attention_entropy_per_head_layer_18_head_13,-0.05654,0.05654,0.39342
cos_sim_input_pre_ffn_per_layer_layer_2,-0.05653,0.05653,0.39346
ecs_prompt_specific_layer_per_head_layer_12_head_11,0.05644,0.05644,0.39421
bos_attention_proportion_per_head_layer_26_head_8,-0.05644,0.05644,0.39425
ecs_prompt_specific_layer_per_head_layer_20_head_3,-0.05641,0.05641,0.39451
ecs_prompt_specific_layer_per_head_layer_6_head_17,0.05640,0.05640,0.39454
cas_alt_vs_current_layer_per_head_layer_5_head_12,0.05640,0.05640,0.39456
cas_vs_current_layer_per_head_layer_13_head_2,0.05637,0.05637,0.39483
cas_alt_vs_current_layer_per_head_layer_24_head_22,-0.05633,0.05633,0.39519
ecs_specific_layer_per_head_layer_7_head_20,0.05633,0.05633,0.39519
cas_vs_final_layer_per_head_layer_11_head_8,-0.05631,0.05631,0.39531
cas_vs_final_layer_per_head_layer_6_head_13,0.05627,0.05627,0.39564
cas_vs_final_layer_per_head_layer_25_head_8,0.05624,0.05624,0.39592
ecs_specific_layer_per_head_layer_13_head_9,0.05622,0.05622,0.39611
ecs_prompt_specific_layer_per_head_layer_20_head_0,-0.05617,0.05617,0.39651
cas_vs_current_layer_per_head_layer_13_head_6,-0.05616,0.05616,0.39657
semantic_drift_per_layer_layer_15,-0.05603,0.05603,0.39767
cas_vs_current_layer_per_head_layer_24_head_15,-0.05602,0.05602,0.39778
cas_vs_final_layer_per_head_layer_6_head_23,0.05588,0.05588,0.39892
ecs_specific_layer_per_head_layer_22_head_16,-0.05587,0.05587,0.39901
bos_attention_proportion_per_head_layer_14_head_12,0.05581,0.05581,0.39952
cas_vs_final_layer_per_head_layer_26_head_12,0.05576,0.05576,0.39995
cas_vs_final_layer_per_head_layer_13_head_9,-0.05575,0.05575,0.40002
cas_alt_vs_current_layer_per_head_layer_4_head_1,0.05574,0.05574,0.40016
cas_alt_vs_current_layer_per_head_layer_18_head_4,0.05570,0.05570,0.40043
cas_alt_vs_current_layer_per_head_layer_21_head_9,0.05570,0.05570,0.40043
ecs_prompt_specific_layer_per_head_layer_17_head_21,-0.05569,0.05569,0.40059
cas_alt_vs_current_layer_per_head_layer_20_head_9,0.05564,0.05564,0.40101
ecs_specific_layer_per_head_layer_22_head_15,-0.05562,0.05562,0.40111
cas_vs_final_layer_per_head_layer_12_head_13,-0.05558,0.05558,0.40152
ecs_specific_layer_per_head_layer_11_head_9,0.05555,0.05555,0.40174
cas_vs_final_layer_per_head_layer_23_head_0,0.05553,0.05553,0.40191
cas_vs_final_layer_per_head_layer_18_head_4,-0.05551,0.05551,0.40211
bos_attention_proportion_per_head_layer_8_head_17,-0.05550,0.05550,0.40216
cas_alt_vs_current_layer_per_head_layer_1_head_14,0.05544,0.05544,0.40269
cas_vs_final_layer_per_head_layer_4_head_20,0.05538,0.05538,0.40318
ecs_specific_layer_per_head_layer_6_head_16,0.05538,0.05538,0.40321
cas_alt_vs_current_layer_per_head_layer_20_head_8,0.05537,0.05537,0.40330
cas_vs_final_layer_per_head_layer_13_head_8,-0.05534,0.05534,0.40351
bos_attention_proportion_per_head_layer_5_head_7,-0.05529,0.05529,0.40396
ecs_prompt_specific_layer_per_head_layer_22_head_16,-0.05521,0.05521,0.40463
ecs_prompt_specific_layer_per_head_layer_13_head_3,0.05519,0.05519,0.40482
bos_attention_proportion_per_head_layer_14_head_0,0.05518,0.05518,0.40491
pos_cos_similarity_per_layer_layer_4,-0.05516,0.05516,0.40506
pos_score_per_layer_layer_4,-0.05516,0.05516,0.40506
ecs_prompt_specific_layer_per_head_layer_8_head_23,0.05516,0.05516,0.40507
cas_vs_current_layer_per_head_layer_21_head_20,0.05513,0.05513,0.40528
bos_attention_proportion_per_head_layer_7_head_19,0.05513,0.05513,0.40530
ecs_specific_layer_per_head_layer_16_head_19,-0.05505,0.05505,0.40604
ecs_prompt_specific_layer_per_head_layer_6_head_18,0.05500,0.05500,0.40642
ecs_specific_layer_per_head_layer_20_head_6,-0.05494,0.05494,0.40696
cas_vs_final_layer_per_head_layer_21_head_1,-0.05493,0.05493,0.40704
attention_entropy_per_head_layer_0_head_2,-0.05490,0.05490,0.40732
ecs_prompt_specific_layer_per_head_layer_21_head_3,-0.05487,0.05487,0.40756
cas_vs_current_layer_per_head_layer_21_head_1,-0.05480,0.05480,0.40818
cas_alt_vs_current_layer_per_head_layer_21_head_14,0.05475,0.05475,0.40858
cas_vs_current_layer_per_head_layer_10_head_11,0.05467,0.05467,0.40924
attention_entropy_per_head_layer_18_head_0,-0.05465,0.05465,0.40942
cas_alt_vs_current_layer_per_head_layer_21_head_22,0.05465,0.05465,0.40942
bos_attention_proportion_per_head_layer_5_head_18,0.05462,0.05462,0.40968
cas_vs_final_layer_per_head_layer_20_head_23,-0.05462,0.05462,0.40971
ecs_specific_layer_per_head_layer_7_head_6,0.05461,0.05461,0.40981
ecs_prompt_specific_layer_per_head_layer_20_head_12,-0.05458,0.05458,0.41002
ecs_specific_layer_per_head_layer_21_head_6,-0.05458,0.05458,0.41002
cas_vs_final_layer_per_head_layer_9_head_15,-0.05457,0.05457,0.41011
ecs_specific_layer_per_head_layer_17_head_2,-0.05451,0.05451,0.41061
cas_alt_vs_current_layer_per_head_layer_6_head_16,0.05444,0.05444,0.41126
ecs_prompt_specific_layer_per_head_layer_22_head_14,-0.05441,0.05441,0.41153
ecs_specific_layer_per_head_layer_5_head_12,0.05439,0.05439,0.41162
cas_alt_vs_current_layer_per_head_layer_22_head_11,0.05423,0.05423,0.41306
cas_alt_vs_current_layer_per_head_layer_4_head_19,0.05418,0.05418,0.41348
attention_entropy_per_head_layer_24_head_1,0.05418,0.05418,0.41349
cas_vs_final_layer_per_head_layer_4_head_0,0.05417,0.05417,0.41358
cas_vs_final_layer_per_head_layer_14_head_0,-0.05415,0.05415,0.41372
cas_vs_current_layer_per_head_layer_19_head_8,-0.05415,0.05415,0.41374
v_ffn_norm_per_layer_layer_26,0.05410,0.05410,0.41418
cas_alt_vs_current_layer_per_head_layer_22_head_23,0.05409,0.05409,0.41421
bos_attention_proportion_per_head_layer_22_head_9,0.05407,0.05407,0.41439
cas_vs_final_layer_per_head_layer_9_head_21,-0.05407,0.05407,0.41445
cas_vs_current_layer_per_head_layer_8_head_10,0.05404,0.05404,0.41469
cas_vs_current_layer_per_head_layer_24_head_23,-0.05403,0.05403,0.41479
ecs_specific_layer_per_head_layer_17_head_8,-0.05403,0.05403,0.41480
ecs_specific_layer_per_head_layer_19_head_16,-0.05401,0.05401,0.41491
ecs_prompt_specific_layer_per_head_layer_12_head_5,0.05394,0.05394,0.41558
ecs_prompt_specific_layer_per_head_layer_0_head_0,-0.05391,0.05391,0.41580
cas_vs_current_layer_per_head_layer_4_head_18,-0.05385,0.05385,0.41628
cas_vs_current_layer_per_head_layer_19_head_11,-0.05385,0.05385,0.41635
ecs_prompt_specific_layer_per_head_layer_15_head_16,-0.05384,0.05384,0.41640
ecs_prompt_specific_layer_per_head_layer_9_head_0,0.05384,0.05384,0.41642
ecs_specific_layer_per_head_layer_4_head_22,-0.05382,0.05382,0.41657
cas_vs_current_layer_per_head_layer_19_head_13,0.05380,0.05380,0.41672
cas_vs_final_layer_per_head_layer_10_head_7,-0.05373,0.05373,0.41734
cas_vs_current_layer_per_head_layer_18_head_12,0.05369,0.05369,0.41767
ecs_specific_layer_per_head_layer_11_head_13,0.05364,0.05364,0.41812
ecs_specific_layer_per_head_layer_6_head_9,-0.05359,0.05359,0.41861
ecs_specific_layer_per_head_layer_9_head_0,-0.05353,0.05353,0.41914
cas_alt_vs_current_layer_per_head_layer_21_head_10,0.05347,0.05347,0.41964
cos_sim_input_pre_ffn_per_layer_layer_8,-0.05346,0.05346,0.41969
ecs_specific_layer_per_head_layer_14_head_11,0.05345,0.05345,0.41978
attention_entropy_per_head_layer_3_head_17,0.05341,0.05341,0.42018
bos_attention_proportion_per_head_layer_2_head_4,0.05337,0.05337,0.42054
ecs_prompt_specific_layer_per_head_layer_9_head_1,0.05333,0.05333,0.42084
cas_vs_current_layer_per_head_layer_6_head_22,0.05333,0.05333,0.42087
cas_vs_current_layer_per_head_layer_25_head_15,-0.05333,0.05333,0.42089
cos_sim_pre_post_ffn_per_layer_layer_3,-0.05328,0.05328,0.42129
cas_vs_final_layer_per_head_layer_2_head_8,0.05327,0.05327,0.42136
cas_vs_final_layer_per_head_layer_26_head_10,0.05321,0.05321,0.42190
ecs_prompt_specific_layer_per_head_layer_10_head_21,-0.05319,0.05319,0.42205
cas_vs_current_layer_per_head_layer_2_head_6,-0.05310,0.05310,0.42288
cas_alt_vs_current_layer_per_head_layer_25_head_5,-0.05289,0.05289,0.42467
cas_vs_final_layer_per_head_layer_0_head_4,-0.05286,0.05286,0.42495
cas_vs_current_layer_per_head_layer_17_head_9,-0.05282,0.05282,0.42529
bos_attention_proportion_per_head_layer_5_head_12,0.05281,0.05281,0.42536
cas_vs_final_layer_per_head_layer_13_head_5,-0.05280,0.05280,0.42549
ecs_specific_layer_per_head_layer_9_head_20,-0.05268,0.05268,0.42654
cas_alt_vs_current_layer_per_head_layer_4_head_11,0.05266,0.05266,0.42674
ecs_specific_layer_per_head_layer_22_head_6,-0.05262,0.05262,0.42706
cas_alt_vs_current_layer_per_head_layer_23_head_2,-0.05262,0.05262,0.42710
cas_alt_vs_current_layer_per_head_layer_23_head_4,-0.05257,0.05257,0.42747
ecs_specific_layer_per_head_layer_9_head_7,-0.05257,0.05257,0.42753
bos_attention_proportion_per_head_layer_5_head_16,-0.05252,0.05252,0.42797
cas_alt_vs_current_layer_per_head_layer_25_head_14,-0.05248,0.05248,0.42827
cas_alt_vs_current_layer_per_head_layer_21_head_23,0.05246,0.05246,0.42848
cas_alt_vs_current_layer_per_head_layer_22_head_10,0.05237,0.05237,0.42925
cas_vs_current_layer_per_head_layer_6_head_12,0.05235,0.05235,0.42943
cas_vs_current_layer_per_head_layer_2_head_20,0.05235,0.05235,0.42948
cas_vs_final_layer_per_head_layer_8_head_9,-0.05230,0.05230,0.42984
ecs_specific_layer_per_head_layer_4_head_11,0.05229,0.05229,0.42997
ecs_prompt_specific_layer_per_head_layer_21_head_4,-0.05229,0.05229,0.43001
cas_alt_vs_current_layer_per_head_layer_0_head_8,-0.05222,0.05222,0.43059
cos_sim_input_post_ffn_per_layer_layer_21,-0.05214,0.05214,0.43129
ecs_specific_layer_per_head_layer_15_head_18,-0.05206,0.05206,0.43197
cas_alt_vs_final_layer_per_head_layer_12_head_23,-0.05200,0.05200,0.43258
ecs_prompt_specific_layer_per_head_layer_21_head_8,-0.05199,0.05199,0.43262
ecs_specific_layer_per_head_layer_8_head_7,0.05199,0.05199,0.43265
cas_vs_current_layer_per_head_layer_3_head_21,-0.05198,0.05198,0.43273
ecs_specific_layer_per_head_layer_10_head_9,0.05194,0.05194,0.43311
attention_entropy_per_head_layer_1_head_10,0.05175,0.05175,0.43473
bos_attention_proportion_per_head_layer_12_head_17,0.05171,0.05171,0.43513
cas_vs_final_layer_per_head_layer_15_head_5,0.05165,0.05165,0.43562
ecs_specific_layer_per_head_layer_1_head_1,-0.05157,0.05157,0.43632
cas_vs_final_layer_per_head_layer_8_head_13,0.05157,0.05157,0.43633
bos_attention_proportion_per_head_layer_8_head_7,-0.05153,0.05153,0.43671
ecs_prompt_specific_layer_per_head_layer_22_head_10,-0.05152,0.05152,0.43681
ecs_specific_layer_per_head_layer_17_head_23,-0.05148,0.05148,0.43716
ecs_prompt_specific_layer_per_head_layer_20_head_23,-0.05146,0.05146,0.43735
bos_attention_proportion_per_head_layer_12_head_4,0.05144,0.05144,0.43753
ecs_specific_layer_per_head_layer_3_head_3,-0.05144,0.05144,0.43756
cas_alt_vs_current_layer_per_head_layer_6_head_19,0.05141,0.05141,0.43780
cas_vs_final_layer_per_head_layer_21_head_20,0.05130,0.05130,0.43874
cas_vs_final_layer_per_head_layer_16_head_14,0.05130,0.05130,0.43879
cas_vs_final_layer_per_head_layer_6_head_9,0.05126,0.05126,0.43908
semantic_drift_per_layer_layer_13,-0.05125,0.05125,0.43921
bos_attention_proportion_per_head_layer_19_head_21,-0.05124,0.05124,0.43928
cas_alt_vs_current_layer_per_head_layer_7_head_17,0.05119,0.05119,0.43976
ecs_specific_layer_per_head_layer_8_head_20,-0.05118,0.05118,0.43983
cas_vs_final_layer_per_head_layer_15_head_1,0.05116,0.05116,0.44005
cas_vs_final_layer_per_head_layer_21_head_19,-0.05116,0.05116,0.44006
ecs_prompt_specific_layer_per_head_layer_9_head_3,0.05112,0.05112,0.44037
cas_vs_current_layer_per_head_layer_11_head_12,0.05109,0.05109,0.44069
ecs_specific_layer_per_head_layer_13_head_19,0.05108,0.05108,0.44070
cas_vs_current_layer_per_head_layer_24_head_9,-0.05105,0.05105,0.44098
cas_alt_vs_current_layer_per_head_layer_7_head_1,0.05103,0.05103,0.44117
attention_entropy_per_head_layer_5_head_16,-0.05101,0.05101,0.44132
cas_vs_current_layer_per_head_layer_2_head_4,0.05096,0.05096,0.44182
cas_alt_vs_current_layer_per_head_layer_4_head_22,0.05091,0.05091,0.44230
attention_entropy_per_head_layer_16_head_7,-0.05090,0.05090,0.44236
cas_vs_final_layer_per_head_layer_16_head_21,0.05090,0.05090,0.44239
attention_entropy_per_head_layer_8_head_16,0.05087,0.05087,0.44262
ecs_specific_layer_per_head_layer_1_head_14,-0.05085,0.05085,0.44281
ecs_specific_layer_per_head_layer_7_head_11,-0.05079,0.05079,0.44337
ecs_prompt_specific_layer_per_head_layer_17_head_23,-0.05067,0.05067,0.44446
pos_cos_similarity_per_layer_layer_7,0.05062,0.05062,0.44490
pos_score_per_layer_layer_7,0.05062,0.05062,0.44490
ecs_prompt_specific_layer_per_head_layer_15_head_11,-0.05061,0.05061,0.44495
ecs_specific_layer_per_head_layer_16_head_17,-0.05060,0.05060,0.44504
cas_alt_vs_current_layer_per_head_layer_24_head_14,-0.05060,0.05060,0.44505
ecs_specific_layer_per_head_layer_4_head_17,-0.05060,0.05060,0.44506
cas_vs_final_layer_per_head_layer_20_head_3,-0.05054,0.05054,0.44562
ecs_prompt_specific_layer_per_head_layer_1_head_6,0.05050,0.05050,0.44595
cas_alt_vs_current_layer_per_head_layer_23_head_23,-0.05050,0.05050,0.44595
cas_vs_current_layer_per_head_layer_9_head_15,0.05049,0.05049,0.44608
x_pre_ffn_norm_per_layer_layer_19,-0.05046,0.05046,0.44629
cas_vs_final_layer_per_head_layer_17_head_0,0.05037,0.05037,0.44708
ecs_prompt_specific_layer_per_head_layer_8_head_9,0.05030,0.05030,0.44778
cas_vs_current_layer_per_head_layer_19_head_1,-0.05029,0.05029,0.44781
cas_vs_current_layer_per_head_layer_15_head_5,-0.05025,0.05025,0.44817
bos_attention_proportion_per_head_layer_5_head_3,0.05024,0.05024,0.44834
bos_attention_proportion_per_head_layer_25_head_0,0.05017,0.05017,0.44895
bos_attention_proportion_per_head_layer_0_head_3,-0.05015,0.05015,0.44913
attention_entropy_per_head_layer_25_head_0,-0.05013,0.05013,0.44932
ecs_specific_layer_per_head_layer_20_head_15,-0.05011,0.05011,0.44951
ecs_specific_layer_per_head_layer_22_head_5,-0.05011,0.05011,0.44952
cas_alt_vs_current_layer_per_head_layer_19_head_6,0.05008,0.05008,0.44971
cas_vs_final_layer_per_head_layer_9_head_3,-0.05005,0.05005,0.44999
bos_attention_proportion_per_head_layer_23_head_18,-0.05005,0.05005,0.45001
ecs_specific_layer_per_head_layer_1_head_20,-0.05004,0.05004,0.45009
bos_attention_proportion_per_head_layer_2_head_22,0.05004,0.05004,0.45013
ecs_specific_layer_per_head_layer_10_head_12,0.05000,0.05000,0.45044
ecs_specific_layer_per_head_layer_20_head_4,-0.04999,0.04999,0.45058
ecs_specific_layer_per_head_layer_16_head_8,-0.04998,0.04998,0.45062
cas_vs_final_layer_per_head_layer_18_head_14,0.04997,0.04997,0.45076
ecs_specific_layer_per_head_layer_20_head_16,-0.04993,0.04993,0.45108
ecs_prompt_specific_layer_per_head_layer_18_head_18,-0.04993,0.04993,0.45108
cos_sim_pre_post_ffn_per_layer_layer_26,-0.04991,0.04991,0.45131
cos_sim_input_post_ffn_per_layer_layer_0,0.04985,0.04985,0.45187
ecs_specific_layer_per_head_layer_18_head_19,-0.04980,0.04980,0.45233
attention_entropy_per_head_layer_15_head_19,0.04975,0.04975,0.45278
cos_sim_input_pre_ffn_per_layer_layer_20,0.04971,0.04971,0.45310
bos_attention_proportion_per_head_layer_0_head_17,-0.04970,0.04970,0.45319
cas_vs_final_layer_per_head_layer_9_head_11,-0.04963,0.04963,0.45387
ecs_prompt_specific_layer_per_head_layer_21_head_16,-0.04961,0.04961,0.45404
cas_vs_current_layer_per_head_layer_14_head_22,0.04960,0.04960,0.45412
cas_vs_final_layer_per_head_layer_16_head_17,0.04959,0.04959,0.45421
bos_attention_proportion_per_head_layer_20_head_5,-0.04959,0.04959,0.45423
cas_vs_final_layer_per_head_layer_21_head_10,-0.04953,0.04953,0.45471
cas_alt_vs_current_layer_per_head_layer_6_head_23,0.04951,0.04951,0.45490
cas_vs_final_layer_per_head_layer_26_head_22,0.04951,0.04951,0.45497
cas_alt_vs_current_layer_per_head_layer_23_head_16,-0.04950,0.04950,0.45498
cas_alt_vs_current_layer_per_head_layer_19_head_7,0.04949,0.04949,0.45511
ecs_specific_layer_per_head_layer_8_head_21,0.04948,0.04948,0.45524
cas_vs_final_layer_per_head_layer_3_head_9,0.04942,0.04942,0.45571
ecs_specific_layer_per_head_layer_17_head_16,-0.04941,0.04941,0.45582
ecs_prompt_specific_layer_per_head_layer_16_head_20,-0.04938,0.04938,0.45615
ecs_prompt_specific_layer_per_head_layer_1_head_8,0.04937,0.04937,0.45622
cas_vs_current_layer_per_head_layer_18_head_1,-0.04935,0.04935,0.45641
cas_alt_vs_current_layer_per_head_layer_20_head_16,0.04933,0.04933,0.45658
cas_alt_vs_current_layer_per_head_layer_20_head_14,0.04933,0.04933,0.45660
ecs_specific_layer_per_head_layer_2_head_17,-0.04928,0.04928,0.45700
bos_attention_proportion_per_head_layer_1_head_9,-0.04922,0.04922,0.45756
bos_attention_proportion_per_head_layer_4_head_3,0.04917,0.04917,0.45808
ecs_prompt_specific_layer_per_head_layer_12_head_0,0.04915,0.04915,0.45819
ecs_prompt_specific_layer_per_head_layer_16_head_22,-0.04911,0.04911,0.45862
cas_alt_vs_current_layer_per_head_layer_23_head_13,-0.04910,0.04910,0.45867
ecs_prompt_specific_layer_per_head_layer_0_head_22,-0.04905,0.04905,0.45909
bos_attention_proportion_per_head_layer_12_head_12,-0.04903,0.04903,0.45931
ecs_specific_layer_per_head_layer_12_head_21,0.04897,0.04897,0.45982
cas_vs_final_layer_per_head_layer_19_head_19,0.04896,0.04896,0.45998
cas_alt_vs_current_layer_per_head_layer_4_head_13,0.04889,0.04889,0.46056
cas_vs_final_layer_per_head_layer_17_head_23,0.04886,0.04886,0.46091
cas_vs_final_layer_per_head_layer_22_head_8,0.04885,0.04885,0.46101
bos_attention_proportion_per_head_layer_22_head_21,-0.04879,0.04879,0.46155
cas_vs_final_layer_per_head_layer_8_head_14,-0.04876,0.04876,0.46183
ecs_specific_layer_per_head_layer_15_head_10,-0.04862,0.04862,0.46311
cas_alt_vs_current_layer_per_head_layer_20_head_15,0.04860,0.04860,0.46329
cas_alt_vs_current_layer_per_head_layer_21_head_7,0.04858,0.04858,0.46343
cas_vs_final_layer_per_head_layer_1_head_19,0.04857,0.04857,0.46359
ecs_specific_layer_per_head_layer_14_head_22,0.04854,0.04854,0.46381
bos_attention_proportion_per_head_layer_1_head_8,0.04853,0.04853,0.46387
cas_vs_current_layer_per_head_layer_13_head_0,0.04852,0.04852,0.46399
ecs_prompt_specific_layer_per_head_layer_15_head_2,-0.04845,0.04845,0.46461
cas_vs_final_layer_per_head_layer_25_head_18,0.04844,0.04844,0.46474
cas_vs_final_layer_per_head_layer_1_head_9,-0.04844,0.04844,0.46477
cas_vs_current_layer_per_head_layer_23_head_13,-0.04838,0.04838,0.46532
bos_attention_proportion_per_head_layer_27_head_3,-0.04828,0.04828,0.46619
cas_vs_final_layer_per_head_layer_5_head_8,-0.04827,0.04827,0.46629
ecs_prompt_specific_layer_per_head_layer_5_head_5,0.04825,0.04825,0.46651
bos_attention_proportion_per_head_layer_19_head_6,0.04816,0.04816,0.46733
ecs_specific_layer_per_head_layer_22_head_10,-0.04812,0.04812,0.46769
ecs_prompt_specific_layer_per_head_layer_23_head_22,-0.04805,0.04805,0.46834
ecs_specific_layer_per_head_layer_13_head_2,0.04800,0.04800,0.46886
cas_vs_final_layer_per_head_layer_13_head_7,-0.04799,0.04799,0.46895
bos_attention_proportion_per_head_layer_25_head_17,-0.04795,0.04795,0.46930
ecs_prompt_specific_layer_per_head_layer_4_head_12,0.04794,0.04794,0.46940
bos_attention_proportion_per_head_layer_2_head_23,0.04793,0.04793,0.46950
bos_attention_proportion_per_head_layer_5_head_15,0.04790,0.04790,0.46977
bos_attention_proportion_per_head_layer_13_head_22,0.04790,0.04790,0.46979
bos_attention_proportion_per_head_layer_11_head_14,-0.04788,0.04788,0.46992
ecs_specific_layer_per_head_layer_8_head_22,-0.04786,0.04786,0.47009
bos_attention_proportion_per_head_layer_19_head_1,0.04784,0.04784,0.47030
cas_vs_current_layer_per_head_layer_10_head_21,-0.04780,0.04780,0.47067
cas_vs_final_layer_per_head_layer_11_head_19,-0.04778,0.04778,0.47085
bos_attention_proportion_per_head_layer_9_head_10,0.04778,0.04778,0.47090
ecs_specific_layer_per_head_layer_1_head_21,0.04770,0.04770,0.47161
cas_vs_final_layer_per_head_layer_13_head_22,-0.04762,0.04762,0.47237
bos_attention_proportion_per_head_layer_19_head_16,-0.04760,0.04760,0.47252
cas_vs_current_layer_per_head_layer_12_head_3,0.04757,0.04757,0.47280
cas_alt_vs_current_layer_per_head_layer_21_head_8,0.04750,0.04750,0.47351
cas_vs_current_layer_per_head_layer_24_head_3,-0.04743,0.04743,0.47413
cas_vs_final_layer_per_head_layer_20_head_4,-0.04743,0.04743,0.47416
cas_vs_final_layer_per_head_layer_22_head_1,-0.04738,0.04738,0.47462
cas_vs_current_layer_per_head_layer_3_head_11,-0.04731,0.04731,0.47519
cas_vs_final_layer_per_head_layer_24_head_2,0.04729,0.04729,0.47540
attention_entropy_per_head_layer_21_head_16,-0.04728,0.04728,0.47551
ecs_prompt_specific_layer_per_head_layer_20_head_4,-0.04725,0.04725,0.47580
bos_attention_proportion_per_head_layer_16_head_8,0.04725,0.04725,0.47581
ecs_prompt_specific_layer_per_head_layer_20_head_1,-0.04724,0.04724,0.47590
ecs_specific_layer_per_head_layer_7_head_17,0.04718,0.04718,0.47648
cas_vs_final_layer_per_head_layer_26_head_11,0.04709,0.04709,0.47728
cas_vs_current_layer_per_head_layer_21_head_3,0.04707,0.04707,0.47747
cas_vs_current_layer_per_head_layer_3_head_15,-0.04706,0.04706,0.47756
cas_vs_current_layer_per_head_layer_5_head_15,0.04705,0.04705,0.47770
cas_vs_current_layer_per_head_layer_22_head_16,-0.04704,0.04704,0.47781
cas_vs_current_layer_per_head_layer_4_head_9,-0.04703,0.04703,0.47787
ecs_specific_layer_per_head_layer_13_head_0,0.04699,0.04699,0.47819
bos_attention_proportion_per_head_layer_9_head_11,0.04697,0.04697,0.47842
ecs_prompt_specific_layer_per_head_layer_22_head_23,-0.04696,0.04696,0.47847
cas_vs_final_layer_per_head_layer_3_head_11,0.04695,0.04695,0.47860
cas_vs_current_layer_per_head_layer_16_head_4,-0.04694,0.04694,0.47869
ecs_prompt_specific_layer_per_head_layer_16_head_21,-0.04692,0.04692,0.47884
cas_vs_current_layer_per_head_layer_4_head_16,0.04688,0.04688,0.47927
cas_alt_vs_current_layer_per_head_layer_4_head_5,0.04686,0.04686,0.47941
ecs_specific_layer_per_head_layer_18_head_11,-0.04681,0.04681,0.47988
ecs_prompt_specific_layer_per_head_layer_21_head_21,-0.04677,0.04677,0.48027
cas_alt_vs_current_layer_per_head_layer_19_head_12,0.04675,0.04675,0.48049
ecs_prompt_specific_layer_per_head_layer_12_head_21,0.04668,0.04668,0.48111
ecs_prompt_specific_layer_per_head_layer_0_head_4,-0.04661,0.04661,0.48177
ecs_specific_layer_per_head_layer_10_head_6,0.04659,0.04659,0.48202
ecs_specific_layer_per_head_layer_6_head_3,0.04658,0.04658,0.48208
ecs_specific_layer_per_head_layer_22_head_0,-0.04657,0.04657,0.48219
ecs_specific_layer_per_head_layer_15_head_14,-0.04656,0.04656,0.48225
ecs_specific_layer_per_head_layer_1_head_15,-0.04650,0.04650,0.48284
cas_alt_vs_current_layer_per_head_layer_20_head_3,0.04648,0.04648,0.48302
cas_vs_current_layer_per_head_layer_23_head_12,-0.04645,0.04645,0.48331
cas_alt_vs_current_layer_per_head_layer_4_head_20,0.04645,0.04645,0.48335
ecs_prompt_specific_layer_per_head_layer_12_head_2,0.04644,0.04644,0.48338
cas_vs_current_layer_per_head_layer_25_head_4,-0.04644,0.04644,0.48343
cas_alt_vs_current_layer_per_head_layer_4_head_18,0.04642,0.04642,0.48359
cas_vs_final_layer_per_head_layer_27_head_5,-0.04637,0.04637,0.48402
cas_vs_current_layer_per_head_layer_27_head_5,-0.04637,0.04637,0.48402
cas_vs_final_layer_per_head_layer_17_head_13,0.04630,0.04630,0.48471
ecs_specific_layer_per_head_layer_12_head_20,-0.04630,0.04630,0.48477
ecs_prompt_specific_layer_per_head_layer_12_head_20,-0.04620,0.04620,0.48569
cas_vs_final_layer_per_head_layer_9_head_0,-0.04619,0.04619,0.48576
cas_vs_current_layer_per_head_layer_2_head_22,-0.04617,0.04617,0.48592
attention_entropy_per_head_layer_2_head_4,0.04614,0.04614,0.48620
ecs_prompt_specific_layer_per_head_layer_20_head_2,-0.04614,0.04614,0.48624
cas_vs_final_layer_per_head_layer_12_head_9,-0.04607,0.04607,0.48688
cas_alt_vs_current_layer_per_head_layer_24_head_2,-0.04604,0.04604,0.48723
cas_vs_final_layer_per_head_layer_21_head_21,-0.04601,0.04601,0.48745
cas_vs_final_layer_per_head_layer_18_head_8,0.04600,0.04600,0.48752
ecs_prompt_specific_layer_per_head_layer_10_head_5,0.04600,0.04600,0.48753
attention_entropy_per_head_layer_20_head_11,0.04595,0.04595,0.48806
ecs_specific_layer_per_head_layer_1_head_3,-0.04590,0.04590,0.48851
cas_vs_current_layer_per_head_layer_8_head_8,-0.04589,0.04589,0.48858
cas_vs_final_layer_per_head_layer_8_head_0,0.04582,0.04582,0.48926
ecs_specific_layer_per_head_layer_5_head_22,0.04578,0.04578,0.48967
ecs_specific_layer_per_head_layer_21_head_1,-0.04575,0.04575,0.48991
ecs_specific_layer_per_head_layer_15_head_22,-0.04575,0.04575,0.48994
cas_alt_vs_current_layer_per_head_layer_1_head_22,-0.04570,0.04570,0.49042
ecs_specific_layer_per_head_layer_11_head_4,0.04564,0.04564,0.49095
ecs_prompt_specific_layer_per_head_layer_1_head_15,0.04562,0.04562,0.49117
bos_attention_proportion_per_head_layer_11_head_7,-0.04561,0.04561,0.49126
bos_attention_proportion_per_head_layer_14_head_7,0.04561,0.04561,0.49127
bos_attention_proportion_per_head_layer_8_head_13,-0.04559,0.04559,0.49144
ecs_specific_layer_per_head_layer_12_head_18,-0.04557,0.04557,0.49166
cas_vs_current_layer_per_head_layer_5_head_3,-0.04554,0.04554,0.49191
cas_vs_final_layer_per_head_layer_0_head_15,-0.04551,0.04551,0.49222
cas_vs_final_layer_per_head_layer_18_head_2,-0.04551,0.04551,0.49225
ecs_specific_layer_per_head_layer_22_head_7,-0.04550,0.04550,0.49230
cas_vs_final_layer_per_head_layer_1_head_8,0.04550,0.04550,0.49234
ecs_prompt_specific_layer_per_head_layer_9_head_2,0.04547,0.04547,0.49258
ecs_specific_layer_per_head_layer_7_head_1,-0.04538,0.04538,0.49348
cas_vs_final_layer_per_head_layer_5_head_18,0.04536,0.04536,0.49364
bos_attention_proportion_per_head_layer_18_head_1,-0.04536,0.04536,0.49366
cas_vs_current_layer_per_head_layer_11_head_2,0.04524,0.04524,0.49483
ecs_prompt_specific_layer_per_head_layer_21_head_23,-0.04520,0.04520,0.49515
cas_vs_final_layer_per_head_layer_25_head_17,0.04519,0.04519,0.49531
ecs_specific_layer_per_head_layer_17_head_12,-0.04516,0.04516,0.49555
ecs_specific_layer_per_head_layer_22_head_19,-0.04497,0.04497,0.49736
cas_vs_final_layer_per_head_layer_0_head_0,-0.04494,0.04494,0.49765
bos_attention_proportion_per_head_layer_5_head_21,-0.04483,0.04483,0.49874
ecs_specific_layer_per_head_layer_5_head_23,0.04481,0.04481,0.49891
cas_alt_vs_current_layer_per_head_layer_22_head_21,0.04475,0.04475,0.49948
ecs_specific_layer_per_head_layer_22_head_3,-0.04466,0.04466,0.50035
bos_attention_proportion_per_head_layer_26_head_18,0.04465,0.04465,0.50040
ecs_prompt_specific_layer_per_head_layer_12_head_22,0.04462,0.04462,0.50072
bos_attention_proportion_per_head_layer_6_head_21,-0.04462,0.04462,0.50075
bos_attention_proportion_per_head_layer_19_head_11,0.04461,0.04461,0.50079
cas_alt_vs_current_layer_per_head_layer_20_head_7,0.04460,0.04460,0.50090
cas_vs_final_layer_per_head_layer_20_head_16,-0.04446,0.04446,0.50229
bos_attention_proportion_per_head_layer_25_head_8,0.04440,0.04440,0.50282
cas_vs_final_layer_per_head_layer_13_head_14,-0.04439,0.04439,0.50293
cas_vs_current_layer_per_head_layer_8_head_22,0.04438,0.04438,0.50305
cas_vs_current_layer_per_head_layer_14_head_17,0.04430,0.04430,0.50380
cas_vs_current_layer_per_head_layer_17_head_21,-0.04430,0.04430,0.50381
attention_entropy_per_head_layer_3_head_11,0.04423,0.04423,0.50444
ecs_specific_layer_per_head_layer_22_head_20,-0.04422,0.04422,0.50462
ecs_specific_layer_per_head_layer_9_head_17,0.04420,0.04420,0.50478
cas_vs_current_layer_per_head_layer_6_head_4,-0.04418,0.04418,0.50500
attention_entropy_per_head_layer_16_head_22,-0.04416,0.04416,0.50517
attention_entropy_per_head_layer_8_head_22,-0.04416,0.04416,0.50517
attention_entropy_per_head_layer_9_head_23,-0.04416,0.04416,0.50517
attention_entropy_per_head_layer_5_head_3,-0.04416,0.04416,0.50517
attention_entropy_per_head_layer_19_head_18,-0.04416,0.04416,0.50517
attention_entropy_per_head_layer_22_head_2,-0.04416,0.04416,0.50517
attention_entropy_per_head_layer_7_head_22,-0.04416,0.04416,0.50517
attention_entropy_per_head_layer_18_head_16,-0.04416,0.04416,0.50517
attention_entropy_per_head_layer_17_head_22,-0.04416,0.04416,0.50517
attention_entropy_per_head_layer_19_head_21,-0.04416,0.04416,0.50517
attention_entropy_per_head_layer_16_head_8,-0.04416,0.04416,0.50517
attention_entropy_per_head_layer_5_head_12,-0.04416,0.04416,0.50517
attention_entropy_per_head_layer_26_head_1,-0.04416,0.04416,0.50517
attention_entropy_per_head_layer_14_head_7,-0.04416,0.04416,0.50517
attention_entropy_per_head_layer_12_head_10,-0.04416,0.04416,0.50517
attention_entropy_per_head_layer_25_head_9,-0.04416,0.04416,0.50517
attention_entropy_per_head_layer_26_head_22,-0.04416,0.04416,0.50517
attention_entropy_per_head_layer_11_head_21,-0.04416,0.04416,0.50517
attention_entropy_per_head_layer_20_head_22,-0.04416,0.04416,0.50517
attention_entropy_per_head_layer_13_head_23,-0.04416,0.04416,0.50517
attention_entropy_per_head_layer_12_head_22,-0.04416,0.04416,0.50517
attention_entropy_per_head_layer_11_head_20,-0.04416,0.04416,0.50517
attention_entropy_per_head_layer_23_head_18,-0.04416,0.04416,0.50517
attention_entropy_per_head_layer_3_head_9,-0.04416,0.04416,0.50517
attention_entropy_per_head_layer_18_head_20,-0.04416,0.04416,0.50517
attention_entropy_per_head_layer_9_head_10,-0.04416,0.04416,0.50517
attention_entropy_per_head_layer_7_head_19,-0.04416,0.04416,0.50517
attention_entropy_per_head_layer_12_head_15,-0.04416,0.04416,0.50517
attention_entropy_per_head_layer_16_head_20,-0.04416,0.04416,0.50517
attention_entropy_per_head_layer_17_head_14,-0.04416,0.04416,0.50517
attention_entropy_per_head_layer_20_head_21,-0.04416,0.04416,0.50517
cas_vs_current_layer_per_head_layer_12_head_22,0.04414,0.04414,0.50536
cas_alt_vs_current_layer_per_head_layer_6_head_17,0.04414,0.04414,0.50538
cas_vs_final_layer_per_head_layer_14_head_19,0.04413,0.04413,0.50548
cas_alt_vs_current_layer_per_head_layer_0_head_16,-0.04412,0.04412,0.50556
ecs_specific_layer_per_head_layer_12_head_13,-0.04396,0.04396,0.50705
cas_alt_vs_final_layer_per_head_layer_2_head_15,-0.04390,0.04390,0.50768
ecs_specific_layer_per_head_layer_16_head_4,-0.04387,0.04387,0.50797
bos_attention_proportion_per_head_layer_25_head_22,-0.04385,0.04385,0.50817
cas_vs_final_layer_per_head_layer_24_head_15,0.04384,0.04384,0.50827
attention_entropy_per_head_layer_22_head_15,0.04382,0.04382,0.50847
bos_attention_proportion_per_head_layer_22_head_20,-0.04382,0.04382,0.50848
cas_vs_final_layer_per_head_layer_19_head_12,0.04379,0.04379,0.50874
cas_vs_current_layer_per_head_layer_3_head_18,-0.04379,0.04379,0.50877
cas_vs_final_layer_per_head_layer_3_head_19,-0.04375,0.04375,0.50909
ecs_prompt_specific_layer_per_head_layer_17_head_22,-0.04368,0.04368,0.50985
cas_alt_vs_current_layer_per_head_layer_7_head_6,0.04368,0.04368,0.50985
cas_vs_final_layer_per_head_layer_19_head_3,-0.04357,0.04357,0.51092
v_attn_norm_per_layer_layer_23,-0.04351,0.04351,0.51142
cas_vs_final_layer_per_head_layer_17_head_16,0.04344,0.04344,0.51212
cas_vs_current_layer_per_head_layer_9_head_14,0.04343,0.04343,0.51220
ecs_specific_layer_per_head_layer_13_head_3,0.04338,0.04338,0.51275
cas_vs_current_layer_per_head_layer_4_head_12,0.04332,0.04332,0.51330
ecs_prompt_specific_layer_per_head_layer_16_head_18,-0.04331,0.04331,0.51338
cas_vs_current_layer_per_head_layer_17_head_14,-0.04329,0.04329,0.51358
cas_alt_vs_current_layer_per_head_layer_0_head_2,0.04329,0.04329,0.51358
cas_alt_vs_current_layer_per_head_layer_24_head_10,-0.04325,0.04325,0.51398
ecs_prompt_specific_layer_per_head_layer_17_head_10,-0.04319,0.04319,0.51460
cas_vs_current_layer_per_head_layer_0_head_2,-0.04317,0.04317,0.51474
cas_alt_vs_current_layer_per_head_layer_21_head_2,0.04316,0.04316,0.51486
ecs_specific_layer_per_head_layer_22_head_18,-0.04315,0.04315,0.51497
bos_attention_proportion_per_head_layer_1_head_21,0.04312,0.04312,0.51525
cas_vs_final_layer_per_head_layer_10_head_9,-0.04304,0.04304,0.51602
cas_vs_final_layer_per_head_layer_14_head_2,-0.04298,0.04298,0.51661
attention_entropy_per_head_layer_5_head_11,0.04298,0.04298,0.51661
cas_vs_final_layer_per_head_layer_1_head_16,0.04296,0.04296,0.51680
ecs_prompt_specific_layer_per_head_layer_4_head_9,0.04295,0.04295,0.51695
ecs_prompt_specific_layer_per_head_layer_7_head_8,0.04292,0.04292,0.51725
cas_vs_current_layer_per_head_layer_18_head_18,-0.04272,0.04272,0.51915
cas_vs_current_layer_per_head_layer_22_head_6,-0.04269,0.04269,0.51942
cas_vs_final_layer_per_head_layer_23_head_21,0.04264,0.04264,0.51997
cas_vs_final_layer_per_head_layer_16_head_8,0.04262,0.04262,0.52016
cas_alt_vs_current_layer_per_head_layer_21_head_1,0.04256,0.04256,0.52076
cas_vs_final_layer_per_head_layer_13_head_6,-0.04255,0.04255,0.52084
parameter_knowledge_difference_layer_12,-0.04247,0.04247,0.52159
ecs_prompt_specific_layer_per_head_layer_21_head_9,-0.04240,0.04240,0.52231
cas_alt_vs_current_layer_per_head_layer_25_head_6,-0.04239,0.04239,0.52239
ecs_specific_layer_per_head_layer_21_head_8,-0.04239,0.04239,0.52241
bos_attention_proportion_per_head_layer_26_head_16,-0.04239,0.04239,0.52243
cas_vs_current_layer_per_head_layer_4_head_17,-0.04238,0.04238,0.52253
cas_vs_current_layer_per_head_layer_16_head_13,-0.04231,0.04231,0.52320
cas_alt_vs_current_layer_per_head_layer_21_head_11,0.04227,0.04227,0.52355
cas_vs_final_layer_per_head_layer_24_head_4,0.04227,0.04227,0.52358
cas_vs_final_layer_per_head_layer_25_head_10,0.04227,0.04227,0.52360
ecs_specific_layer_per_head_layer_4_head_3,0.04226,0.04226,0.52368
cas_vs_final_layer_per_head_layer_25_head_12,0.04223,0.04223,0.52398
cas_vs_current_layer_per_head_layer_9_head_18,0.04215,0.04215,0.52474
ecs_specific_layer_per_head_layer_17_head_9,-0.04215,0.04215,0.52474
cas_vs_current_layer_per_head_layer_21_head_2,-0.04215,0.04215,0.52480
bos_attention_proportion_per_head_layer_25_head_21,-0.04211,0.04211,0.52519
ecs_specific_layer_per_head_layer_11_head_12,0.04205,0.04205,0.52572
cas_vs_final_layer_per_head_layer_23_head_18,0.04203,0.04203,0.52598
ecs_prompt_specific_layer_per_head_layer_21_head_5,-0.04202,0.04202,0.52605
ecs_specific_layer_per_head_layer_12_head_11,0.04194,0.04194,0.52687
cas_vs_current_layer_per_head_layer_20_head_11,-0.04192,0.04192,0.52701
ecs_specific_layer_per_head_layer_13_head_23,0.04189,0.04189,0.52730
ecs_prompt_specific_layer_per_head_layer_16_head_17,-0.04189,0.04189,0.52734
ecs_specific_layer_per_head_layer_8_head_10,0.04189,0.04189,0.52734
ecs_specific_layer_per_head_layer_20_head_9,-0.04187,0.04187,0.52753
cas_alt_vs_current_layer_per_head_layer_5_head_14,0.04186,0.04186,0.52762
attention_entropy_per_head_layer_10_head_3,-0.04184,0.04184,0.52786
bos_attention_proportion_per_head_layer_13_head_8,-0.04182,0.04182,0.52800
cas_vs_current_layer_per_head_layer_8_head_4,0.04181,0.04181,0.52807
cas_vs_final_layer_per_head_layer_26_head_21,0.04177,0.04177,0.52845
ecs_specific_layer_per_head_layer_18_head_12,-0.04165,0.04165,0.52971
cas_alt_vs_current_layer_per_head_layer_23_head_21,-0.04165,0.04165,0.52972
cas_vs_final_layer_per_head_layer_17_head_9,0.04149,0.04149,0.53122
cas_vs_final_layer_per_head_layer_23_head_19,0.04149,0.04149,0.53129
cas_vs_final_layer_per_head_layer_1_head_13,0.04147,0.04147,0.53145
bos_attention_proportion_per_head_layer_21_head_11,0.04143,0.04143,0.53187
ecs_specific_layer_per_head_layer_15_head_4,-0.04141,0.04141,0.53204
ecs_specific_layer_per_head_layer_10_head_13,-0.04139,0.04139,0.53224
ecs_specific_layer_per_head_layer_20_head_3,-0.04139,0.04139,0.53224
attention_entropy_per_head_layer_19_head_8,-0.04138,0.04138,0.53232
attention_entropy_per_head_layer_12_head_19,0.04138,0.04138,0.53233
cas_alt_vs_current_layer_per_head_layer_25_head_13,-0.04135,0.04135,0.53265
ecs_specific_layer_per_head_layer_12_head_7,0.04133,0.04133,0.53288
ecs_specific_layer_per_head_layer_3_head_18,-0.04128,0.04128,0.53336
cos_sim_input_post_ffn_per_layer_layer_9,0.04128,0.04128,0.53340
cas_alt_vs_current_layer_per_head_layer_4_head_8,0.04127,0.04127,0.53341
ecs_specific_layer_per_head_layer_15_head_21,-0.04119,0.04119,0.53421
ecs_specific_layer_per_head_layer_8_head_8,-0.04114,0.04114,0.53475
bos_attention_proportion_per_head_layer_3_head_21,0.04114,0.04114,0.53479
cas_vs_final_layer_per_head_layer_10_head_0,-0.04109,0.04109,0.53521
attention_entropy_per_head_layer_3_head_0,-0.04106,0.04106,0.53551
attention_entropy_per_head_layer_26_head_23,0.04106,0.04106,0.53551
ecs_specific_layer_per_head_layer_22_head_23,-0.04106,0.04106,0.53555
ecs_prompt_specific_layer_per_head_layer_20_head_22,-0.04102,0.04102,0.53593
bos_attention_proportion_per_head_layer_17_head_1,0.04099,0.04099,0.53625
bos_attention_proportion_per_head_layer_9_head_16,-0.04098,0.04098,0.53629
ecs_specific_layer_per_head_layer_20_head_23,-0.04097,0.04097,0.53642
cas_vs_current_layer_per_head_layer_23_head_8,-0.04094,0.04094,0.53677
cas_vs_final_layer_per_head_layer_13_head_17,-0.04089,0.04089,0.53727
bos_attention_proportion_per_head_layer_9_head_18,-0.04076,0.04076,0.53848
cas_vs_final_layer_per_head_layer_6_head_7,0.04076,0.04076,0.53853
attention_entropy_per_head_layer_9_head_21,-0.04076,0.04076,0.53855
ecs_prompt_specific_layer_per_head_layer_0_head_13,-0.04074,0.04074,0.53873
ecs_prompt_specific_layer_per_head_layer_7_head_4,0.04074,0.04074,0.53873
ecs_specific_layer_per_head_layer_17_head_13,-0.04069,0.04069,0.53925
cas_vs_final_layer_per_head_layer_14_head_10,-0.04062,0.04062,0.53996
ecs_specific_layer_per_head_layer_13_head_11,0.04061,0.04061,0.54000
cas_vs_current_layer_per_head_layer_6_head_14,-0.04061,0.04061,0.54003
semantic_drift_per_layer_layer_10,-0.04061,0.04061,0.54004
cos_sim_pre_post_ffn_per_layer_layer_22,0.04060,0.04060,0.54011
cas_vs_final_layer_per_head_layer_26_head_2,0.04060,0.04060,0.54016
cas_vs_final_layer_per_head_layer_21_head_15,0.04055,0.04055,0.54062
ecs_prompt_specific_layer_per_head_layer_18_head_15,-0.04052,0.04052,0.54097
ecs_specific_layer_per_head_layer_9_head_3,-0.04050,0.04050,0.54111
ecs_specific_layer_per_head_layer_1_head_2,0.04050,0.04050,0.54116
ecs_prompt_specific_layer_per_head_layer_20_head_13,-0.04050,0.04050,0.54117
bos_attention_proportion_per_head_layer_17_head_22,0.04049,0.04049,0.54120
cas_vs_final_layer_per_head_layer_15_head_13,0.04046,0.04046,0.54151
ecs_specific_layer_per_head_layer_12_head_5,-0.04041,0.04041,0.54205
ecs_specific_layer_per_head_layer_15_head_15,-0.04039,0.04039,0.54227
bos_attention_proportion_per_head_layer_3_head_15,0.04036,0.04036,0.54249
ecs_prompt_specific_layer_per_head_layer_17_head_14,-0.04033,0.04033,0.54281
attention_entropy_per_head_layer_23_head_22,-0.04029,0.04029,0.54322
ecs_prompt_specific_layer_per_head_layer_7_head_2,0.04024,0.04024,0.54373
bos_attention_proportion_per_head_layer_25_head_13,0.04022,0.04022,0.54392
x_pre_ffn_norm_per_layer_layer_14,0.04021,0.04021,0.54406
attention_entropy_per_head_layer_12_head_8,0.04018,0.04018,0.54432
ecs_specific_layer_per_head_layer_17_head_0,-0.04017,0.04017,0.54442
cas_vs_final_layer_per_head_layer_7_head_3,0.04016,0.04016,0.54451
x_post_ffn_norm_per_layer_layer_20,0.04016,0.04016,0.54453
x_input_norm_per_layer_layer_21,0.04016,0.04016,0.54453
cas_vs_final_layer_per_head_layer_20_head_14,-0.04010,0.04010,0.54517
ecs_specific_layer_per_head_layer_6_head_0,-0.04009,0.04009,0.54522
attention_entropy_per_head_layer_5_head_0,0.04004,0.04004,0.54571
cas_vs_final_layer_per_head_layer_6_head_3,0.04003,0.04003,0.54585
cas_vs_current_layer_per_head_layer_17_head_13,-0.04002,0.04002,0.54590
bos_attention_proportion_per_head_layer_0_head_6,-0.04002,0.04002,0.54592
ecs_specific_layer_per_head_layer_20_head_11,-0.04000,0.04000,0.54612
cas_alt_vs_current_layer_per_head_layer_7_head_8,0.04000,0.04000,0.54612
ecs_specific_layer_per_head_layer_21_head_2,-0.04000,0.04000,0.54615
cas_vs_current_layer_per_head_layer_2_head_0,0.03997,0.03997,0.54642
ecs_specific_layer_per_head_layer_0_head_5,-0.03996,0.03996,0.54656
cas_alt_vs_current_layer_per_head_layer_1_head_13,0.03994,0.03994,0.54669
cas_vs_final_layer_per_head_layer_10_head_4,0.03989,0.03989,0.54723
cas_vs_final_layer_per_head_layer_24_head_17,0.03986,0.03986,0.54752
cas_vs_current_layer_per_head_layer_21_head_13,-0.03984,0.03984,0.54777
ecs_prompt_specific_layer_per_head_layer_15_head_9,-0.03982,0.03982,0.54795
cas_vs_current_layer_per_head_layer_16_head_16,-0.03982,0.03982,0.54798
ecs_specific_layer_per_head_layer_17_head_22,-0.03978,0.03978,0.54838
cas_vs_current_layer_per_head_layer_17_head_22,0.03977,0.03977,0.54845
ecs_specific_layer_per_head_layer_16_head_7,-0.03975,0.03975,0.54869
bos_attention_proportion_per_head_layer_18_head_11,-0.03971,0.03971,0.54906
cas_vs_final_layer_per_head_layer_1_head_20,0.03964,0.03964,0.54976
cas_vs_current_layer_per_head_layer_10_head_12,-0.03962,0.03962,0.54992
pos_cos_similarity_per_layer_layer_2,0.03955,0.03955,0.55061
pos_score_per_layer_layer_2,0.03955,0.03955,0.55061
cas_vs_final_layer_per_head_layer_0_head_1,-0.03954,0.03954,0.55077
cas_alt_vs_current_layer_per_head_layer_23_head_11,-0.03953,0.03953,0.55084
cas_vs_current_layer_per_head_layer_24_head_4,-0.03947,0.03947,0.55146
cas_vs_current_layer_per_head_layer_22_head_5,-0.03947,0.03947,0.55147
bos_attention_proportion_per_head_layer_24_head_17,-0.03946,0.03946,0.55155
cas_vs_final_layer_per_head_layer_27_head_2,0.03946,0.03946,0.55161
cas_vs_current_layer_per_head_layer_27_head_2,0.03946,0.03946,0.55161
bos_attention_proportion_per_head_layer_17_head_8,0.03944,0.03944,0.55177
cas_vs_final_layer_per_head_layer_16_head_11,0.03941,0.03941,0.55211
ecs_specific_layer_per_head_layer_0_head_22,-0.03937,0.03937,0.55251
cas_alt_vs_current_layer_per_head_layer_19_head_21,0.03936,0.03936,0.55260
cas_alt_vs_current_layer_per_head_layer_4_head_3,0.03932,0.03932,0.55296
cas_vs_current_layer_per_head_layer_15_head_4,-0.03932,0.03932,0.55303
bos_attention_proportion_per_head_layer_27_head_14,0.03930,0.03930,0.55316
cas_vs_final_layer_per_head_layer_5_head_9,0.03927,0.03927,0.55346
cas_vs_current_layer_per_head_layer_19_head_19,-0.03919,0.03919,0.55427
ecs_prompt_specific_layer_per_head_layer_20_head_16,-0.03915,0.03915,0.55468
cas_vs_current_layer_per_head_layer_8_head_23,0.03913,0.03913,0.55494
cas_vs_current_layer_per_head_layer_7_head_17,0.03912,0.03912,0.55499
cas_vs_final_layer_per_head_layer_6_head_8,0.03910,0.03910,0.55521
cas_vs_final_layer_per_head_layer_20_head_0,-0.03904,0.03904,0.55579
ecs_prompt_specific_layer_per_head_layer_22_head_5,-0.03904,0.03904,0.55579
bos_attention_proportion_per_head_layer_23_head_5,-0.03902,0.03902,0.55599
bos_attention_proportion_per_head_layer_9_head_23,0.03901,0.03901,0.55611
cas_vs_final_layer_per_head_layer_4_head_6,-0.03895,0.03895,0.55678
cas_vs_current_layer_per_head_layer_10_head_17,0.03890,0.03890,0.55722
ecs_prompt_specific_layer_per_head_layer_15_head_17,-0.03890,0.03890,0.55728
cas_vs_final_layer_per_head_layer_17_head_21,0.03890,0.03890,0.55728
cas_vs_final_layer_per_head_layer_19_head_14,0.03885,0.03885,0.55773
cas_vs_current_layer_per_head_layer_7_head_3,0.03882,0.03882,0.55803
cas_vs_final_layer_per_head_layer_13_head_23,-0.03875,0.03875,0.55874
cas_vs_current_layer_per_head_layer_10_head_0,0.03874,0.03874,0.55889
ecs_prompt_specific_layer_per_head_layer_19_head_8,-0.03871,0.03871,0.55921
ecs_specific_layer_per_head_layer_16_head_0,-0.03865,0.03865,0.55980
cas_vs_final_layer_per_head_layer_17_head_7,0.03864,0.03864,0.55984
cas_vs_final_layer_per_head_layer_12_head_17,0.03862,0.03862,0.56012
cas_vs_current_layer_per_head_layer_6_head_23,0.03853,0.03853,0.56100
ecs_specific_layer_per_head_layer_7_head_7,-0.03850,0.03850,0.56130
bos_attention_proportion_per_head_layer_20_head_11,0.03849,0.03849,0.56145
cas_vs_current_layer_per_head_layer_3_head_0,0.03844,0.03844,0.56190
ecs_prompt_specific_layer_per_head_layer_15_head_5,-0.03842,0.03842,0.56216
cas_vs_current_layer_per_head_layer_16_head_22,-0.03841,0.03841,0.56221
ecs_prompt_specific_layer_per_head_layer_12_head_18,0.03841,0.03841,0.56223
cas_alt_vs_current_layer_per_head_layer_25_head_23,-0.03831,0.03831,0.56323
cas_vs_current_layer_per_head_layer_15_head_11,-0.03829,0.03829,0.56340
cas_vs_final_layer_per_head_layer_14_head_12,0.03829,0.03829,0.56341
bos_attention_proportion_per_head_layer_25_head_19,0.03827,0.03827,0.56366
ecs_specific_layer_per_head_layer_10_head_2,0.03823,0.03823,0.56404
ecs_specific_layer_per_head_layer_1_head_6,0.03822,0.03822,0.56416
ecs_specific_layer_per_head_layer_23_head_10,-0.03821,0.03821,0.56426
ecs_prompt_specific_layer_per_head_layer_20_head_19,-0.03819,0.03819,0.56449
cas_alt_vs_current_layer_per_head_layer_1_head_2,0.03812,0.03812,0.56517
ecs_specific_layer_per_head_layer_23_head_9,-0.03811,0.03811,0.56527
cas_vs_final_layer_per_head_layer_21_head_17,-0.03810,0.03810,0.56537
attention_entropy_per_head_layer_2_head_11,0.03808,0.03808,0.56557
ecs_prompt_specific_layer_per_head_layer_21_head_11,-0.03807,0.03807,0.56565
bos_attention_proportion_per_head_layer_12_head_20,-0.03804,0.03804,0.56600
cas_alt_vs_current_layer_per_head_layer_4_head_6,0.03801,0.03801,0.56626
ecs_specific_layer_per_head_layer_22_head_8,-0.03798,0.03798,0.56664
cas_vs_final_layer_per_head_layer_25_head_15,0.03794,0.03794,0.56697
cas_vs_final_layer_per_head_layer_10_head_20,-0.03791,0.03791,0.56727
bos_attention_proportion_per_head_layer_23_head_21,-0.03790,0.03790,0.56745
ecs_specific_layer_per_head_layer_17_head_10,-0.03783,0.03783,0.56816
cas_vs_final_layer_per_head_layer_2_head_10,-0.03777,0.03777,0.56877
cas_vs_final_layer_per_head_layer_5_head_6,-0.03775,0.03775,0.56892
cos_sim_input_pre_ffn_per_layer_layer_1,-0.03774,0.03774,0.56901
bos_attention_proportion_per_head_layer_5_head_0,-0.03773,0.03773,0.56916
cas_vs_final_layer_per_head_layer_26_head_13,0.03772,0.03772,0.56930
ecs_specific_layer_per_head_layer_10_head_22,0.03770,0.03770,0.56943
cas_vs_final_layer_per_head_layer_18_head_20,0.03768,0.03768,0.56964
bos_attention_proportion_per_head_layer_16_head_1,0.03766,0.03766,0.56990
cas_vs_final_layer_per_head_layer_4_head_2,0.03765,0.03765,0.56998
cas_vs_current_layer_per_head_layer_6_head_15,0.03764,0.03764,0.57007
bos_attention_proportion_per_head_layer_11_head_18,-0.03760,0.03760,0.57053
bos_attention_proportion_per_head_layer_18_head_17,-0.03759,0.03759,0.57058
cas_vs_final_layer_per_head_layer_10_head_13,-0.03757,0.03757,0.57079
bos_attention_proportion_per_head_layer_21_head_18,-0.03757,0.03757,0.57083
bos_attention_proportion_per_head_layer_1_head_12,-0.03756,0.03756,0.57093
ecs_prompt_specific_layer_per_head_layer_10_head_19,0.03755,0.03755,0.57103
bos_attention_proportion_per_head_layer_25_head_14,-0.03754,0.03754,0.57111
cas_vs_final_layer_per_head_layer_6_head_17,0.03754,0.03754,0.57113
cas_alt_vs_current_layer_per_head_layer_4_head_4,0.03748,0.03748,0.57171
cas_vs_current_layer_per_head_layer_13_head_17,0.03743,0.03743,0.57226
ecs_prompt_specific_layer_per_head_layer_0_head_19,-0.03736,0.03736,0.57299
ecs_specific_layer_per_head_layer_13_head_8,0.03736,0.03736,0.57300
bos_attention_proportion_per_head_layer_18_head_3,0.03733,0.03733,0.57329
cas_vs_final_layer_per_head_layer_25_head_16,0.03728,0.03728,0.57375
cas_vs_final_layer_per_head_layer_19_head_7,-0.03719,0.03719,0.57469
cas_alt_vs_current_layer_per_head_layer_19_head_17,0.03714,0.03714,0.57525
attention_entropy_per_head_layer_10_head_10,0.03714,0.03714,0.57527
cas_vs_current_layer_per_head_layer_14_head_0,0.03710,0.03710,0.57565
ecs_prompt_specific_layer_per_head_layer_17_head_12,-0.03709,0.03709,0.57578
bos_attention_proportion_per_head_layer_11_head_13,0.03708,0.03708,0.57587
bos_attention_proportion_per_head_layer_9_head_2,0.03698,0.03698,0.57685
attention_entropy_per_head_layer_12_head_0,-0.03696,0.03696,0.57703
ecs_specific_layer_per_head_layer_5_head_8,0.03696,0.03696,0.57707
cas_vs_final_layer_per_head_layer_4_head_9,0.03691,0.03691,0.57755
cas_vs_current_layer_per_head_layer_6_head_11,0.03691,0.03691,0.57764
cas_vs_current_layer_per_head_layer_27_head_11,0.03688,0.03688,0.57787
cas_vs_final_layer_per_head_layer_27_head_11,0.03688,0.03688,0.57787
bos_attention_proportion_per_head_layer_19_head_8,-0.03681,0.03681,0.57860
bos_attention_proportion_per_head_layer_7_head_17,0.03681,0.03681,0.57861
bos_attention_proportion_per_head_layer_26_head_2,0.03676,0.03676,0.57916
ecs_prompt_specific_layer_per_head_layer_1_head_20,0.03671,0.03671,0.57962
cas_alt_vs_current_layer_per_head_layer_19_head_2,0.03665,0.03665,0.58027
ecs_prompt_specific_layer_per_head_layer_8_head_20,0.03663,0.03663,0.58048
cas_vs_final_layer_per_head_layer_17_head_18,-0.03662,0.03662,0.58055
ecs_prompt_specific_layer_per_head_layer_14_head_22,0.03656,0.03656,0.58117
ecs_specific_layer_per_head_layer_4_head_7,-0.03651,0.03651,0.58175
bos_attention_proportion_per_head_layer_25_head_9,-0.03644,0.03644,0.58248
bos_attention_proportion_per_head_layer_9_head_13,-0.03642,0.03642,0.58271
ecs_prompt_specific_layer_per_head_layer_4_head_8,0.03641,0.03641,0.58277
bos_attention_proportion_per_head_layer_11_head_11,0.03635,0.03635,0.58339
cas_alt_vs_current_layer_per_head_layer_19_head_13,0.03627,0.03627,0.58418
cas_vs_final_layer_per_head_layer_13_head_16,-0.03617,0.03617,0.58529
bos_attention_proportion_per_head_layer_19_head_3,0.03613,0.03613,0.58565
attention_entropy_per_head_layer_18_head_5,-0.03613,0.03613,0.58570
cas_vs_final_layer_per_head_layer_12_head_23,0.03609,0.03609,0.58609
cas_vs_current_layer_per_head_layer_21_head_6,-0.03597,0.03597,0.58732
ecs_specific_layer_per_head_layer_7_head_12,0.03595,0.03595,0.58750
cas_vs_current_layer_per_head_layer_9_head_20,0.03595,0.03595,0.58753
cas_vs_final_layer_per_head_layer_4_head_23,-0.03594,0.03594,0.58759
ecs_prompt_specific_layer_per_head_layer_8_head_6,0.03593,0.03593,0.58779
cas_vs_final_layer_per_head_layer_7_head_15,0.03589,0.03589,0.58817
cas_vs_final_layer_per_head_layer_20_head_10,0.03589,0.03589,0.58821
bos_attention_proportion_per_head_layer_0_head_1,-0.03586,0.03586,0.58851
v_attn_norm_per_layer_layer_1,0.03584,0.03584,0.58871
ecs_specific_layer_per_head_layer_8_head_9,0.03582,0.03582,0.58891
attention_entropy_per_head_layer_23_head_5,0.03581,0.03581,0.58897
ecs_specific_layer_per_head_layer_6_head_12,-0.03580,0.03580,0.58908
cas_vs_final_layer_per_head_layer_21_head_6,-0.03574,0.03574,0.58975
cas_alt_vs_current_layer_per_head_layer_6_head_11,0.03573,0.03573,0.58978
cas_vs_current_layer_per_head_layer_6_head_8,-0.03564,0.03564,0.59080
ecs_prompt_specific_layer_per_head_layer_0_head_11,-0.03558,0.03558,0.59141
bos_attention_proportion_per_head_layer_22_head_8,0.03552,0.03552,0.59204
bos_attention_proportion_per_head_layer_4_head_4,-0.03549,0.03549,0.59228
semantic_drift_per_layer_layer_23,-0.03548,0.03548,0.59248
cas_vs_current_layer_per_head_layer_16_head_0,-0.03543,0.03543,0.59297
cas_vs_final_layer_per_head_layer_21_head_7,-0.03540,0.03540,0.59332
cas_vs_final_layer_per_head_layer_3_head_12,0.03539,0.03539,0.59336
ecs_prompt_specific_layer_per_head_layer_15_head_14,-0.03539,0.03539,0.59338
bos_attention_proportion_per_head_layer_24_head_15,-0.03539,0.03539,0.59341
cas_vs_final_layer_per_head_layer_25_head_11,0.03536,0.03536,0.59363
v_ffn_norm_per_layer_layer_17,-0.03526,0.03526,0.59471
ecs_specific_layer_per_head_layer_16_head_22,-0.03524,0.03524,0.59493
parameter_knowledge_difference_layer_24,0.03518,0.03518,0.59557
bos_attention_proportion_per_head_layer_10_head_20,0.03515,0.03515,0.59591
cas_vs_current_layer_per_head_layer_20_head_9,-0.03511,0.03511,0.59628
cas_vs_current_layer_per_head_layer_15_head_15,0.03511,0.03511,0.59628
ecs_specific_layer_per_head_layer_20_head_12,-0.03506,0.03506,0.59683
cas_vs_current_layer_per_head_layer_2_head_8,-0.03501,0.03501,0.59734
ecs_specific_layer_per_head_layer_7_head_15,-0.03500,0.03500,0.59750
ecs_specific_layer_per_head_layer_0_head_21,0.03493,0.03493,0.59822
ecs_specific_layer_per_head_layer_12_head_23,0.03492,0.03492,0.59826
bos_attention_proportion_per_head_layer_20_head_1,-0.03490,0.03490,0.59854
cas_vs_final_layer_per_head_layer_27_head_18,-0.03488,0.03488,0.59872
cas_vs_current_layer_per_head_layer_27_head_18,-0.03488,0.03488,0.59872
ecs_specific_layer_per_head_layer_1_head_18,-0.03487,0.03487,0.59877
cas_vs_current_layer_per_head_layer_7_head_12,-0.03484,0.03484,0.59917
bos_attention_proportion_per_head_layer_8_head_0,0.03481,0.03481,0.59945
cas_vs_final_layer_per_head_layer_15_head_6,0.03479,0.03479,0.59966
v_ffn_norm_per_layer_layer_20,-0.03478,0.03478,0.59980
cas_alt_vs_current_layer_per_head_layer_4_head_2,0.03473,0.03473,0.60028
attention_entropy_per_head_layer_16_head_21,0.03471,0.03471,0.60053
cas_vs_final_layer_per_head_layer_22_head_7,0.03469,0.03469,0.60069
cas_vs_final_layer_per_head_layer_19_head_4,-0.03469,0.03469,0.60069
ecs_specific_layer_per_head_layer_15_head_7,-0.03468,0.03468,0.60081
cas_vs_current_layer_per_head_layer_11_head_14,0.03463,0.03463,0.60135
cos_sim_pre_post_ffn_per_layer_layer_24,0.03455,0.03455,0.60215
ecs_specific_layer_per_head_layer_1_head_16,-0.03447,0.03447,0.60299
bos_attention_proportion_per_head_layer_5_head_10,0.03443,0.03443,0.60346
attention_entropy_per_head_layer_19_head_23,-0.03436,0.03436,0.60421
cas_alt_vs_current_layer_per_head_layer_5_head_3,0.03435,0.03435,0.60430
v_ffn_norm_per_layer_layer_18,-0.03435,0.03435,0.60432
bos_attention_proportion_per_head_layer_4_head_9,-0.03434,0.03434,0.60436
cas_vs_final_layer_per_head_layer_22_head_16,0.03428,0.03428,0.60505
cas_vs_current_layer_per_head_layer_8_head_5,-0.03427,0.03427,0.60515
ecs_prompt_specific_layer_per_head_layer_15_head_19,-0.03417,0.03417,0.60616
cas_vs_current_layer_per_head_layer_23_head_7,0.03404,0.03404,0.60759
cas_alt_vs_current_layer_per_head_layer_19_head_8,0.03403,0.03403,0.60762
cas_alt_vs_current_layer_per_head_layer_22_head_3,-0.03400,0.03400,0.60797
cas_vs_current_layer_per_head_layer_10_head_9,0.03397,0.03397,0.60827
cas_vs_final_layer_per_head_layer_25_head_9,0.03394,0.03394,0.60856
cas_alt_vs_current_layer_per_head_layer_22_head_8,0.03393,0.03393,0.60870
cas_vs_final_layer_per_head_layer_16_head_16,0.03393,0.03393,0.60870
ecs_specific_layer_per_head_layer_7_head_13,0.03388,0.03388,0.60921
ecs_specific_layer_per_head_layer_9_head_2,-0.03387,0.03387,0.60939
cas_vs_final_layer_per_head_layer_6_head_5,-0.03378,0.03378,0.61027
ecs_specific_layer_per_head_layer_21_head_23,-0.03378,0.03378,0.61027
ecs_prompt_specific_layer_per_head_layer_15_head_1,0.03373,0.03373,0.61083
ecs_specific_layer_per_head_layer_22_head_11,-0.03370,0.03370,0.61119
attention_entropy_per_head_layer_4_head_21,-0.03366,0.03366,0.61157
cas_vs_final_layer_per_head_layer_9_head_14,0.03362,0.03362,0.61199
x_input_norm_per_layer_layer_27,0.03358,0.03358,0.61239
x_post_ffn_norm_per_layer_layer_26,0.03358,0.03358,0.61239
ecs_specific_layer_per_head_layer_20_head_17,-0.03358,0.03358,0.61241
ecs_specific_layer_per_head_layer_9_head_6,0.03357,0.03357,0.61247
cas_vs_final_layer_per_head_layer_13_head_4,-0.03355,0.03355,0.61271
cas_vs_final_layer_per_head_layer_12_head_8,-0.03354,0.03354,0.61287
ecs_prompt_specific_layer_per_head_layer_20_head_5,-0.03351,0.03351,0.61314
cas_vs_current_layer_per_head_layer_11_head_13,0.03348,0.03348,0.61343
bos_attention_proportion_per_head_layer_1_head_6,-0.03340,0.03340,0.61435
bos_attention_proportion_per_head_layer_6_head_7,0.03330,0.03330,0.61533
cas_vs_final_layer_per_head_layer_7_head_21,0.03329,0.03329,0.61548
attention_entropy_per_head_layer_0_head_14,0.03329,0.03329,0.61551
cas_vs_current_layer_per_head_layer_13_head_16,0.03326,0.03326,0.61577
ecs_specific_layer_per_head_layer_5_head_6,-0.03326,0.03326,0.61583
ecs_specific_layer_per_head_layer_2_head_21,-0.03322,0.03322,0.61623
ecs_specific_layer_per_head_layer_10_head_14,0.03321,0.03321,0.61632
ecs_prompt_specific_layer_per_head_layer_10_head_11,0.03320,0.03320,0.61647
cas_vs_final_layer_per_head_layer_18_head_17,0.03313,0.03313,0.61718
bos_attention_proportion_per_head_layer_16_head_10,-0.03311,0.03311,0.61739
cas_vs_current_layer_per_head_layer_19_head_17,-0.03310,0.03310,0.61755
bos_attention_proportion_per_head_layer_22_head_7,0.03309,0.03309,0.61766
cas_vs_final_layer_per_head_layer_26_head_1,0.03305,0.03305,0.61799
cas_vs_final_layer_per_head_layer_14_head_17,-0.03303,0.03303,0.61830
attention_entropy_per_head_layer_9_head_11,-0.03298,0.03298,0.61874
cas_vs_final_layer_per_head_layer_15_head_4,0.03293,0.03293,0.61929
cas_vs_current_layer_per_head_layer_20_head_17,-0.03292,0.03292,0.61941
cas_vs_final_layer_per_head_layer_18_head_13,0.03287,0.03287,0.61997
ecs_specific_layer_per_head_layer_22_head_2,-0.03278,0.03278,0.62086
cas_vs_current_layer_per_head_layer_27_head_13,0.03271,0.03271,0.62163
cas_vs_final_layer_per_head_layer_27_head_13,0.03271,0.03271,0.62163
bos_attention_proportion_per_head_layer_3_head_7,-0.03271,0.03271,0.62168
cas_alt_vs_current_layer_per_head_layer_22_head_22,0.03266,0.03266,0.62215
cas_vs_final_layer_per_head_layer_14_head_8,-0.03265,0.03265,0.62227
ecs_specific_layer_per_head_layer_16_head_15,-0.03264,0.03264,0.62241
ecs_specific_layer_per_head_layer_20_head_10,-0.03263,0.03263,0.62252
bos_attention_proportion_per_head_layer_17_head_19,-0.03261,0.03261,0.62277
bos_attention_proportion_per_head_layer_9_head_0,0.03255,0.03255,0.62335
cas_vs_final_layer_per_head_layer_14_head_18,-0.03253,0.03253,0.62358
cas_vs_current_layer_per_head_layer_12_head_20,0.03252,0.03252,0.62367
cas_vs_current_layer_per_head_layer_6_head_17,0.03252,0.03252,0.62367
cas_alt_vs_current_layer_per_head_layer_4_head_0,0.03252,0.03252,0.62371
bos_attention_proportion_per_head_layer_22_head_0,-0.03252,0.03252,0.62371
cas_vs_current_layer_per_head_layer_22_head_13,-0.03248,0.03248,0.62413
ecs_prompt_specific_layer_per_head_layer_2_head_10,0.03246,0.03246,0.62437
cas_vs_final_layer_per_head_layer_16_head_18,-0.03245,0.03245,0.62447
cos_sim_input_post_ffn_per_layer_layer_26,-0.03245,0.03245,0.62449
bos_attention_proportion_per_head_layer_25_head_2,0.03241,0.03241,0.62485
cas_vs_final_layer_per_head_layer_14_head_20,0.03233,0.03233,0.62576
v_attn_norm_per_layer_layer_27,0.03230,0.03230,0.62603
ecs_specific_layer_per_head_layer_13_head_5,0.03230,0.03230,0.62603
bos_attention_proportion_per_head_layer_2_head_12,0.03229,0.03229,0.62610
ecs_specific_layer_per_head_layer_7_head_18,0.03228,0.03228,0.62621
ecs_specific_layer_per_head_layer_2_head_19,-0.03228,0.03228,0.62623
ecs_prompt_specific_layer_per_head_layer_18_head_11,-0.03227,0.03227,0.62631
cas_vs_final_layer_per_head_layer_25_head_1,0.03226,0.03226,0.62649
ecs_specific_layer_per_head_layer_3_head_8,0.03223,0.03223,0.62679
cas_alt_vs_current_layer_per_head_layer_23_head_18,-0.03220,0.03220,0.62713
ecs_specific_layer_per_head_layer_21_head_0,-0.03219,0.03219,0.62717
cas_vs_current_layer_per_head_layer_22_head_0,-0.03219,0.03219,0.62726
cas_vs_final_layer_per_head_layer_12_head_3,-0.03216,0.03216,0.62753
cas_alt_vs_current_layer_per_head_layer_6_head_10,0.03215,0.03215,0.62762
cas_alt_vs_current_layer_per_head_layer_21_head_5,0.03214,0.03214,0.62777
cas_alt_vs_current_layer_per_head_layer_25_head_1,-0.03212,0.03212,0.62798
cas_alt_vs_current_layer_per_head_layer_4_head_7,0.03209,0.03209,0.62828
ecs_specific_layer_per_head_layer_7_head_21,0.03208,0.03208,0.62835
ecs_specific_layer_per_head_layer_14_head_23,0.03205,0.03205,0.62870
cas_vs_final_layer_per_head_layer_4_head_17,0.03205,0.03205,0.62874
cas_vs_current_layer_per_head_layer_7_head_5,-0.03203,0.03203,0.62894
cas_alt_vs_current_layer_per_head_layer_23_head_12,-0.03203,0.03203,0.62897
ecs_prompt_specific_layer_per_head_layer_0_head_2,-0.03201,0.03201,0.62910
cas_vs_final_layer_per_head_layer_15_head_10,0.03201,0.03201,0.62915
bos_attention_proportion_per_head_layer_14_head_14,-0.03198,0.03198,0.62944
cas_vs_current_layer_per_head_layer_19_head_10,0.03195,0.03195,0.62976
ecs_prompt_specific_layer_per_head_layer_12_head_17,0.03189,0.03189,0.63045
cas_vs_final_layer_per_head_layer_19_head_17,-0.03188,0.03188,0.63053
ecs_specific_layer_per_head_layer_10_head_16,0.03178,0.03178,0.63165
cas_alt_vs_current_layer_per_head_layer_7_head_2,0.03177,0.03177,0.63174
ecs_specific_layer_per_head_layer_4_head_20,0.03176,0.03176,0.63186
ecs_prompt_specific_layer_per_head_layer_20_head_20,-0.03175,0.03175,0.63194
ecs_specific_layer_per_head_layer_12_head_22,-0.03170,0.03170,0.63247
attention_entropy_per_head_layer_26_head_20,0.03168,0.03168,0.63271
cas_alt_vs_current_layer_per_head_layer_23_head_3,-0.03167,0.03167,0.63282
cas_vs_final_layer_per_head_layer_16_head_20,-0.03167,0.03167,0.63284
cas_vs_final_layer_per_head_layer_25_head_2,0.03167,0.03167,0.63284
ecs_specific_layer_per_head_layer_3_head_19,-0.03163,0.03163,0.63320
ecs_prompt_specific_layer_per_head_layer_15_head_13,-0.03157,0.03157,0.63386
cas_vs_final_layer_per_head_layer_8_head_7,-0.03157,0.03157,0.63387
cas_vs_final_layer_per_head_layer_1_head_18,0.03152,0.03152,0.63442
cas_vs_current_layer_per_head_layer_17_head_3,-0.03151,0.03151,0.63451
cas_vs_final_layer_per_head_layer_12_head_0,-0.03150,0.03150,0.63464
ecs_specific_layer_per_head_layer_1_head_4,0.03149,0.03149,0.63476
cas_vs_current_layer_per_head_layer_15_head_22,0.03145,0.03145,0.63512
cas_alt_vs_current_layer_per_head_layer_5_head_0,0.03145,0.03145,0.63516
bos_attention_proportion_per_head_layer_11_head_17,-0.03144,0.03144,0.63524
ecs_specific_layer_per_head_layer_6_head_11,-0.03140,0.03140,0.63572
bos_attention_proportion_per_head_layer_14_head_15,0.03139,0.03139,0.63578
cas_alt_vs_current_layer_per_head_layer_7_head_22,0.03138,0.03138,0.63591
cas_alt_vs_current_layer_per_head_layer_7_head_5,-0.03137,0.03137,0.63598
bos_attention_proportion_per_head_layer_11_head_20,-0.03134,0.03134,0.63639
ecs_prompt_specific_layer_per_head_layer_16_head_2,-0.03123,0.03123,0.63748
cas_alt_vs_current_layer_per_head_layer_22_head_17,0.03123,0.03123,0.63751
bos_attention_proportion_per_head_layer_18_head_16,0.03119,0.03119,0.63799
cas_alt_vs_current_layer_per_head_layer_22_head_16,0.03118,0.03118,0.63809
cas_vs_current_layer_per_head_layer_20_head_5,-0.03113,0.03113,0.63858
cas_alt_vs_current_layer_per_head_layer_24_head_15,-0.03113,0.03113,0.63864
cas_vs_current_layer_per_head_layer_19_head_15,0.03113,0.03113,0.63864
cas_vs_final_layer_per_head_layer_4_head_13,-0.03108,0.03108,0.63914
cas_vs_final_layer_per_head_layer_14_head_11,-0.03099,0.03099,0.64011
cas_vs_final_layer_per_head_layer_5_head_0,0.03093,0.03093,0.64074
bos_attention_proportion_per_head_layer_10_head_1,0.03092,0.03092,0.64091
cas_vs_current_layer_per_head_layer_25_head_17,-0.03090,0.03090,0.64104
cos_sim_pre_post_ffn_per_layer_layer_21,-0.03090,0.03090,0.64111
ecs_prompt_specific_layer_per_head_layer_20_head_10,-0.03089,0.03089,0.64117
attention_entropy_per_head_layer_22_head_6,0.03089,0.03089,0.64122
bos_attention_proportion_per_head_layer_26_head_20,-0.03084,0.03084,0.64179
cas_vs_final_layer_per_head_layer_14_head_16,-0.03083,0.03083,0.64188
cas_vs_final_layer_per_head_layer_4_head_5,-0.03082,0.03082,0.64193
cas_vs_current_layer_per_head_layer_7_head_21,0.03082,0.03082,0.64195
cas_vs_final_layer_per_head_layer_22_head_22,0.03081,0.03081,0.64201
bos_attention_proportion_per_head_layer_3_head_22,-0.03081,0.03081,0.64207
cas_vs_current_layer_per_head_layer_7_head_13,0.03081,0.03081,0.64209
cas_vs_final_layer_per_head_layer_10_head_1,0.03081,0.03081,0.64211
bos_attention_proportion_per_head_layer_13_head_10,-0.03080,0.03080,0.64218
ecs_specific_layer_per_head_layer_5_head_17,0.03075,0.03075,0.64273
ecs_prompt_specific_layer_per_head_layer_20_head_9,-0.03071,0.03071,0.64311
cas_vs_current_layer_per_head_layer_20_head_21,-0.03065,0.03065,0.64380
attention_entropy_per_head_layer_8_head_10,-0.03063,0.03063,0.64401
cas_alt_vs_current_layer_per_head_layer_25_head_4,-0.03057,0.03057,0.64461
cas_vs_current_layer_per_head_layer_6_head_6,-0.03054,0.03054,0.64498
parameter_knowledge_difference_layer_19,-0.03053,0.03053,0.64507
bos_attention_proportion_per_head_layer_13_head_20,-0.03047,0.03047,0.64570
attention_entropy_per_head_layer_10_head_2,0.03040,0.03040,0.64645
ecs_prompt_specific_layer_per_head_layer_17_head_1,-0.03037,0.03037,0.64677
cas_alt_vs_current_layer_per_head_layer_19_head_14,0.03029,0.03029,0.64774
cas_alt_vs_current_layer_per_head_layer_25_head_18,-0.03017,0.03017,0.64904
cas_vs_final_layer_per_head_layer_26_head_6,0.03014,0.03014,0.64930
ecs_specific_layer_per_head_layer_9_head_14,0.03008,0.03008,0.64997
ecs_specific_layer_per_head_layer_21_head_13,-0.03005,0.03005,0.65033
cas_alt_vs_current_layer_per_head_layer_0_head_17,-0.03004,0.03004,0.65036
cas_vs_final_layer_per_head_layer_15_head_17,-0.02994,0.02994,0.65152
ecs_prompt_specific_layer_per_head_layer_17_head_0,-0.02992,0.02992,0.65169
ecs_specific_layer_per_head_layer_8_head_0,0.02992,0.02992,0.65173
cas_vs_final_layer_per_head_layer_19_head_20,0.02985,0.02985,0.65242
cas_vs_final_layer_per_head_layer_3_head_23,0.02984,0.02984,0.65262
ecs_specific_layer_per_head_layer_4_head_2,0.02982,0.02982,0.65281
ecs_prompt_specific_layer_per_head_layer_8_head_11,0.02978,0.02978,0.65323
cas_vs_current_layer_per_head_layer_20_head_7,0.02977,0.02977,0.65330
bos_attention_proportion_per_head_layer_26_head_12,-0.02977,0.02977,0.65333
ecs_prompt_specific_layer_per_head_layer_22_head_3,-0.02975,0.02975,0.65353
ecs_specific_layer_per_head_layer_20_head_22,-0.02972,0.02972,0.65393
ecs_prompt_specific_layer_per_head_layer_16_head_11,-0.02971,0.02971,0.65398
cas_vs_current_layer_per_head_layer_16_head_15,-0.02969,0.02969,0.65421
cas_vs_final_layer_per_head_layer_4_head_8,0.02966,0.02966,0.65453
cas_vs_current_layer_per_head_layer_17_head_11,-0.02960,0.02960,0.65516
cas_alt_vs_current_layer_per_head_layer_23_head_8,-0.02956,0.02956,0.65564
ecs_prompt_specific_layer_per_head_layer_12_head_15,0.02954,0.02954,0.65585
cas_alt_vs_current_layer_per_head_layer_23_head_19,-0.02935,0.02935,0.65787
ecs_specific_layer_per_head_layer_6_head_8,0.02935,0.02935,0.65788
cas_vs_current_layer_per_head_layer_7_head_23,-0.02934,0.02934,0.65799
ecs_specific_layer_per_head_layer_3_head_6,0.02926,0.02926,0.65890
ecs_specific_layer_per_head_layer_1_head_22,0.02925,0.02925,0.65899
cas_alt_vs_current_layer_per_head_layer_3_head_18,0.02921,0.02921,0.65940
cas_vs_current_layer_per_head_layer_21_head_22,-0.02919,0.02919,0.65965
bos_attention_proportion_per_head_layer_16_head_2,0.02919,0.02919,0.65969
cas_alt_vs_current_layer_per_head_layer_22_head_5,-0.02914,0.02914,0.66025
cas_vs_final_layer_per_head_layer_27_head_9,0.02913,0.02913,0.66036
cas_vs_current_layer_per_head_layer_27_head_9,0.02913,0.02913,0.66036
ecs_prompt_specific_layer_per_head_layer_16_head_23,-0.02904,0.02904,0.66130
ecs_prompt_specific_layer_per_head_layer_16_head_19,-0.02903,0.02903,0.66137
cas_alt_vs_current_layer_per_head_layer_23_head_20,-0.02898,0.02898,0.66199
bos_attention_proportion_per_head_layer_12_head_23,0.02893,0.02893,0.66250
cas_vs_final_layer_per_head_layer_15_head_18,0.02893,0.02893,0.66253
ecs_specific_layer_per_head_layer_15_head_23,-0.02892,0.02892,0.66267
bos_attention_proportion_per_head_layer_26_head_10,0.02885,0.02885,0.66336
cas_vs_current_layer_per_head_layer_23_head_3,-0.02885,0.02885,0.66341
cas_vs_final_layer_per_head_layer_16_head_0,0.02880,0.02880,0.66398
cas_vs_final_layer_per_head_layer_12_head_4,-0.02879,0.02879,0.66403
ecs_specific_layer_per_head_layer_12_head_3,-0.02875,0.02875,0.66449
cas_alt_vs_current_layer_per_head_layer_1_head_18,0.02873,0.02873,0.66474
cas_vs_final_layer_per_head_layer_5_head_22,0.02872,0.02872,0.66487
cas_vs_current_layer_per_head_layer_5_head_0,0.02870,0.02870,0.66503
cas_vs_final_layer_per_head_layer_22_head_12,0.02870,0.02870,0.66505
cas_alt_vs_current_layer_per_head_layer_3_head_10,0.02870,0.02870,0.66508
cas_vs_current_layer_per_head_layer_25_head_20,-0.02865,0.02865,0.66558
ecs_specific_layer_per_head_layer_21_head_7,-0.02860,0.02860,0.66613
cas_vs_current_layer_per_head_layer_16_head_2,0.02856,0.02856,0.66652
cas_alt_vs_current_layer_per_head_layer_25_head_17,-0.02856,0.02856,0.66662
cas_vs_final_layer_per_head_layer_3_head_17,0.02853,0.02853,0.66693
cas_vs_final_layer_per_head_layer_17_head_3,0.02850,0.02850,0.66723
ecs_prompt_specific_layer_per_head_layer_0_head_5,-0.02849,0.02849,0.66731
ecs_specific_layer_per_head_layer_0_head_23,-0.02849,0.02849,0.66736
cas_vs_current_layer_per_head_layer_2_head_15,0.02847,0.02847,0.66757
cas_vs_current_layer_per_head_layer_19_head_12,0.02839,0.02839,0.66839
ecs_specific_layer_per_head_layer_7_head_4,-0.02839,0.02839,0.66841
ecs_specific_layer_per_head_layer_1_head_5,0.02837,0.02837,0.66860
bos_attention_proportion_per_head_layer_11_head_8,-0.02836,0.02836,0.66876
cas_vs_final_layer_per_head_layer_21_head_13,-0.02835,0.02835,0.66885
cas_alt_vs_current_layer_per_head_layer_4_head_17,0.02829,0.02829,0.66951
cas_vs_final_layer_per_head_layer_1_head_2,0.02829,0.02829,0.66958
cas_vs_current_layer_per_head_layer_22_head_4,-0.02828,0.02828,0.66961
cas_alt_vs_current_layer_per_head_layer_24_head_16,-0.02827,0.02827,0.66974
cas_vs_current_layer_per_head_layer_10_head_6,0.02817,0.02817,0.67089
cas_vs_current_layer_per_head_layer_3_head_9,0.02816,0.02816,0.67093
cas_vs_final_layer_per_head_layer_26_head_0,-0.02816,0.02816,0.67096
ecs_prompt_specific_layer_per_head_layer_17_head_11,-0.02807,0.02807,0.67194
bos_attention_proportion_per_head_layer_14_head_23,-0.02805,0.02805,0.67223
cas_vs_current_layer_per_head_layer_13_head_8,0.02801,0.02801,0.67258
ecs_prompt_specific_layer_per_head_layer_0_head_23,-0.02795,0.02795,0.67330
x_post_ffn_norm_per_layer_layer_9,-0.02792,0.02792,0.67358
x_input_norm_per_layer_layer_10,-0.02792,0.02792,0.67358
cas_vs_final_layer_per_head_layer_26_head_9,0.02789,0.02789,0.67392
bos_attention_proportion_per_head_layer_17_head_5,-0.02788,0.02788,0.67405
ecs_specific_layer_per_head_layer_6_head_15,0.02785,0.02785,0.67441
cas_vs_final_layer_per_head_layer_12_head_21,-0.02782,0.02782,0.67468
cas_vs_current_layer_per_head_layer_20_head_2,0.02781,0.02781,0.67479
cas_vs_final_layer_per_head_layer_16_head_22,0.02779,0.02779,0.67505
bos_attention_proportion_per_head_layer_13_head_11,-0.02779,0.02779,0.67506
pos_cos_similarity_per_layer_layer_5,0.02768,0.02768,0.67623
pos_score_per_layer_layer_5,0.02768,0.02768,0.67623
attention_entropy_per_head_layer_20_head_4,0.02766,0.02766,0.67649
ecs_specific_layer_per_head_layer_16_head_16,-0.02761,0.02761,0.67698
ecs_prompt_specific_layer_per_head_layer_17_head_2,-0.02759,0.02759,0.67723
attention_entropy_per_head_layer_26_head_9,-0.02753,0.02753,0.67793
cas_vs_current_layer_per_head_layer_16_head_12,0.02752,0.02752,0.67806
cas_alt_vs_current_layer_per_head_layer_7_head_3,-0.02749,0.02749,0.67831
cas_vs_current_layer_per_head_layer_21_head_8,-0.02749,0.02749,0.67838
cas_vs_current_layer_per_head_layer_4_head_11,-0.02748,0.02748,0.67843
bos_attention_proportion_per_head_layer_8_head_5,0.02746,0.02746,0.67867
cas_vs_final_layer_per_head_layer_2_head_19,0.02744,0.02744,0.67891
attention_entropy_per_head_layer_8_head_12,0.02742,0.02742,0.67909
cas_vs_final_layer_per_head_layer_13_head_1,-0.02741,0.02741,0.67924
cas_vs_current_layer_per_head_layer_21_head_16,-0.02740,0.02740,0.67931
cas_alt_vs_final_layer_per_head_layer_12_head_1,-0.02740,0.02740,0.67939
ecs_prompt_specific_layer_per_head_layer_15_head_22,0.02731,0.02731,0.68032
cas_vs_current_layer_per_head_layer_15_head_21,0.02730,0.02730,0.68040
cas_vs_current_layer_per_head_layer_1_head_17,-0.02728,0.02728,0.68064
bos_attention_proportion_per_head_layer_5_head_22,0.02727,0.02727,0.68074
bos_attention_proportion_per_head_layer_2_head_16,0.02723,0.02723,0.68125
cas_alt_vs_current_layer_per_head_layer_22_head_20,0.02722,0.02722,0.68130
bos_attention_proportion_per_head_layer_17_head_4,-0.02717,0.02717,0.68194
ecs_prompt_specific_layer_per_head_layer_22_head_11,-0.02717,0.02717,0.68194
ecs_specific_layer_per_head_layer_7_head_2,0.02711,0.02711,0.68252
cas_alt_vs_current_layer_per_head_layer_1_head_6,0.02710,0.02710,0.68266
cas_vs_final_layer_per_head_layer_3_head_5,0.02706,0.02706,0.68315
ecs_specific_layer_per_head_layer_21_head_14,-0.02705,0.02705,0.68323
cas_vs_current_layer_per_head_layer_3_head_4,-0.02699,0.02699,0.68391
ecs_specific_layer_per_head_layer_12_head_6,-0.02698,0.02698,0.68402
cas_vs_current_layer_per_head_layer_16_head_3,0.02697,0.02697,0.68412
cas_alt_vs_current_layer_per_head_layer_22_head_18,0.02693,0.02693,0.68460
cas_alt_vs_current_layer_per_head_layer_1_head_15,0.02691,0.02691,0.68478
ecs_specific_layer_per_head_layer_2_head_2,0.02685,0.02685,0.68542
cas_vs_final_layer_per_head_layer_3_head_2,0.02685,0.02685,0.68545
x_pre_ffn_norm_per_layer_layer_9,0.02685,0.02685,0.68548
cas_vs_current_layer_per_head_layer_22_head_21,-0.02681,0.02681,0.68587
ecs_specific_layer_per_head_layer_10_head_21,0.02680,0.02680,0.68594
bos_attention_proportion_per_head_layer_23_head_9,-0.02678,0.02678,0.68625
cas_vs_current_layer_per_head_layer_5_head_9,0.02677,0.02677,0.68631
attention_entropy_per_head_layer_19_head_2,-0.02677,0.02677,0.68634
cas_alt_vs_current_layer_per_head_layer_21_head_4,0.02674,0.02674,0.68662
ecs_specific_layer_per_head_layer_22_head_9,-0.02673,0.02673,0.68681
bos_attention_proportion_per_head_layer_5_head_1,0.02672,0.02672,0.68687
cas_alt_vs_current_layer_per_head_layer_19_head_23,0.02651,0.02651,0.68925
cas_vs_final_layer_per_head_layer_11_head_7,-0.02650,0.02650,0.68930
cas_alt_vs_current_layer_per_head_layer_22_head_12,0.02650,0.02650,0.68932
ecs_specific_layer_per_head_layer_0_head_2,-0.02650,0.02650,0.68936
cas_alt_vs_current_layer_per_head_layer_7_head_13,0.02647,0.02647,0.68963
cas_alt_vs_current_layer_per_head_layer_21_head_16,0.02644,0.02644,0.68997
cas_vs_final_layer_per_head_layer_5_head_4,0.02644,0.02644,0.68998
ecs_specific_layer_per_head_layer_1_head_7,-0.02642,0.02642,0.69018
cas_vs_current_layer_per_head_layer_15_head_0,-0.02631,0.02631,0.69139
ecs_specific_layer_per_head_layer_1_head_0,-0.02627,0.02627,0.69188
cas_vs_current_layer_per_head_layer_3_head_12,-0.02627,0.02627,0.69193
cas_vs_final_layer_per_head_layer_24_head_8,0.02624,0.02624,0.69218
ecs_prompt_specific_layer_per_head_layer_9_head_17,-0.02624,0.02624,0.69221
ecs_specific_layer_per_head_layer_2_head_13,0.02622,0.02622,0.69241
cas_alt_vs_current_layer_per_head_layer_24_head_0,-0.02617,0.02617,0.69295
cas_alt_vs_current_layer_per_head_layer_1_head_16,0.02614,0.02614,0.69329
cas_vs_current_layer_per_head_layer_20_head_1,-0.02613,0.02613,0.69347
cas_vs_current_layer_per_head_layer_19_head_18,-0.02609,0.02609,0.69387
cas_vs_final_layer_per_head_layer_22_head_0,0.02608,0.02608,0.69395
cas_vs_final_layer_per_head_layer_4_head_4,0.02608,0.02608,0.69405
cas_alt_vs_current_layer_per_head_layer_24_head_8,-0.02603,0.02603,0.69453
cas_alt_vs_current_layer_per_head_layer_1_head_23,-0.02594,0.02594,0.69554
cas_alt_vs_current_layer_per_head_layer_21_head_3,0.02594,0.02594,0.69558
cas_vs_final_layer_per_head_layer_17_head_12,0.02592,0.02592,0.69577
ecs_specific_layer_per_head_layer_13_head_7,0.02591,0.02591,0.69585
cas_vs_current_layer_per_head_layer_22_head_7,-0.02589,0.02589,0.69614
cas_vs_final_layer_per_head_layer_8_head_21,0.02588,0.02588,0.69627
cos_sim_pre_post_ffn_per_layer_layer_0,-0.02587,0.02587,0.69633
bos_attention_proportion_per_head_layer_8_head_15,-0.02580,0.02580,0.69708
cas_vs_current_layer_per_head_layer_15_head_18,-0.02579,0.02579,0.69723
cas_vs_current_layer_per_head_layer_6_head_19,0.02577,0.02577,0.69741
ecs_specific_layer_per_head_layer_11_head_14,0.02577,0.02577,0.69749
cas_vs_final_layer_per_head_layer_7_head_23,0.02574,0.02574,0.69777
ecs_prompt_specific_layer_per_head_layer_1_head_16,0.02570,0.02570,0.69820
bos_attention_proportion_per_head_layer_9_head_1,0.02569,0.02569,0.69833
bos_attention_proportion_per_head_layer_27_head_22,0.02568,0.02568,0.69850
cas_vs_current_layer_per_head_layer_2_head_3,-0.02566,0.02566,0.69871
attention_entropy_per_head_layer_12_head_5,-0.02558,0.02558,0.69963
cas_vs_current_layer_per_head_layer_7_head_7,-0.02554,0.02554,0.70001
ecs_specific_layer_per_head_layer_15_head_6,-0.02551,0.02551,0.70037
cas_vs_final_layer_per_head_layer_21_head_12,-0.02550,0.02550,0.70046
bos_attention_proportion_per_head_layer_9_head_9,0.02550,0.02550,0.70052
cas_vs_final_layer_per_head_layer_17_head_5,-0.02548,0.02548,0.70065
cas_vs_final_layer_per_head_layer_1_head_15,0.02544,0.02544,0.70116
ecs_prompt_specific_layer_per_head_layer_12_head_12,0.02540,0.02540,0.70157
cas_vs_final_layer_per_head_layer_15_head_9,0.02539,0.02539,0.70175
ecs_specific_layer_per_head_layer_10_head_5,0.02538,0.02538,0.70177
bos_attention_proportion_per_head_layer_27_head_10,0.02532,0.02532,0.70252
ecs_prompt_specific_layer_per_head_layer_16_head_15,0.02530,0.02530,0.70269
cas_vs_final_layer_per_head_layer_5_head_19,0.02529,0.02529,0.70284
ecs_specific_layer_per_head_layer_9_head_11,0.02528,0.02528,0.70295
cas_vs_final_layer_per_head_layer_8_head_5,0.02523,0.02523,0.70348
ecs_specific_layer_per_head_layer_5_head_0,0.02520,0.02520,0.70384
cas_alt_vs_current_layer_per_head_layer_19_head_1,0.02514,0.02514,0.70452
cas_vs_current_layer_per_head_layer_6_head_7,-0.02514,0.02514,0.70455
ecs_specific_layer_per_head_layer_8_head_5,-0.02510,0.02510,0.70490
cas_vs_final_layer_per_head_layer_3_head_1,0.02508,0.02508,0.70512
bos_attention_proportion_per_head_layer_26_head_7,-0.02507,0.02507,0.70523
attention_entropy_per_head_layer_21_head_14,-0.02503,0.02503,0.70576
cas_vs_current_layer_per_head_layer_3_head_19,-0.02501,0.02501,0.70601
cas_alt_vs_current_layer_per_head_layer_1_head_4,0.02498,0.02498,0.70627
ecs_specific_layer_per_head_layer_11_head_2,0.02497,0.02497,0.70641
cas_alt_vs_current_layer_per_head_layer_22_head_15,0.02496,0.02496,0.70650
ecs_specific_layer_per_head_layer_22_head_4,-0.02491,0.02491,0.70705
cas_vs_final_layer_per_head_layer_2_head_21,0.02491,0.02491,0.70706
ecs_specific_layer_per_head_layer_9_head_15,0.02490,0.02490,0.70721
cas_vs_final_layer_per_head_layer_18_head_9,0.02485,0.02485,0.70771
attention_entropy_per_head_layer_7_head_16,-0.02484,0.02484,0.70787
cas_vs_final_layer_per_head_layer_1_head_6,0.02474,0.02474,0.70902
pos_cos_similarity_per_layer_layer_26,0.02471,0.02471,0.70930
pos_score_per_layer_layer_26,0.02471,0.02471,0.70930
cas_vs_current_layer_per_head_layer_13_head_5,-0.02470,0.02470,0.70944
cas_alt_vs_final_layer_per_head_layer_5_head_8,-0.02467,0.02467,0.70981
cas_vs_current_layer_per_head_layer_16_head_1,0.02466,0.02466,0.70985
cas_vs_final_layer_per_head_layer_12_head_10,0.02460,0.02460,0.71057
cas_vs_final_layer_per_head_layer_25_head_7,0.02459,0.02459,0.71068
cas_vs_current_layer_per_head_layer_23_head_9,-0.02458,0.02458,0.71076
cas_vs_current_layer_per_head_layer_27_head_4,-0.02456,0.02456,0.71104
cas_vs_final_layer_per_head_layer_27_head_4,-0.02456,0.02456,0.71104
ecs_specific_layer_per_head_layer_16_head_21,-0.02450,0.02450,0.71169
attention_entropy_per_head_layer_13_head_12,-0.02449,0.02449,0.71177
cas_vs_current_layer_per_head_layer_22_head_23,-0.02444,0.02444,0.71235
cas_vs_final_layer_per_head_layer_8_head_20,0.02443,0.02443,0.71243
bos_attention_proportion_per_head_layer_20_head_16,-0.02443,0.02443,0.71252
cas_vs_current_layer_per_head_layer_8_head_11,0.02442,0.02442,0.71264
cas_alt_vs_current_layer_per_head_layer_21_head_0,0.02439,0.02439,0.71289
bos_attention_proportion_per_head_layer_8_head_1,-0.02435,0.02435,0.71332
attention_entropy_per_head_layer_19_head_20,-0.02431,0.02431,0.71381
parameter_knowledge_difference_layer_3,0.02429,0.02429,0.71403
bos_attention_proportion_per_head_layer_4_head_5,0.02429,0.02429,0.71408
cas_vs_final_layer_per_head_layer_18_head_6,-0.02421,0.02421,0.71490
bos_attention_proportion_per_head_layer_23_head_14,-0.02421,0.02421,0.71499
cas_vs_final_layer_per_head_layer_20_head_11,0.02417,0.02417,0.71539
cas_vs_final_layer_per_head_layer_3_head_10,0.02415,0.02415,0.71561
ecs_specific_layer_per_head_layer_6_head_4,-0.02413,0.02413,0.71580
cas_vs_final_layer_per_head_layer_3_head_6,-0.02412,0.02412,0.71598
ecs_specific_layer_per_head_layer_10_head_1,0.02412,0.02412,0.71599
x_input_norm_per_layer_layer_14,0.02411,0.02411,0.71604
x_post_ffn_norm_per_layer_layer_13,0.02411,0.02411,0.71604
cas_vs_current_layer_per_head_layer_2_head_16,-0.02409,0.02409,0.71626
ecs_prompt_specific_layer_per_head_layer_17_head_6,-0.02407,0.02407,0.71648
cas_vs_final_layer_per_head_layer_1_head_3,0.02403,0.02403,0.71699
cas_vs_final_layer_per_head_layer_23_head_1,0.02403,0.02403,0.71700
cas_vs_final_layer_per_head_layer_13_head_15,-0.02403,0.02403,0.71701
cas_vs_final_layer_per_head_layer_7_head_11,-0.02402,0.02402,0.71713
cas_alt_vs_current_layer_per_head_layer_1_head_9,0.02395,0.02395,0.71784
cas_vs_current_layer_per_head_layer_15_head_16,0.02390,0.02390,0.71843
ecs_specific_layer_per_head_layer_20_head_13,-0.02389,0.02389,0.71860
cas_alt_vs_current_layer_per_head_layer_23_head_17,-0.02386,0.02386,0.71889
ecs_prompt_specific_layer_per_head_layer_10_head_4,0.02382,0.02382,0.71937
cas_vs_final_layer_per_head_layer_3_head_4,-0.02382,0.02382,0.71938
cas_vs_final_layer_per_head_layer_16_head_9,0.02370,0.02370,0.72074
bos_attention_proportion_per_head_layer_23_head_8,0.02364,0.02364,0.72134
bos_attention_proportion_per_head_layer_23_head_19,-0.02363,0.02363,0.72146
cas_alt_vs_current_layer_per_head_layer_5_head_5,0.02361,0.02361,0.72173
bos_attention_proportion_per_head_layer_8_head_21,-0.02359,0.02359,0.72196
cas_vs_current_layer_per_head_layer_20_head_10,-0.02358,0.02358,0.72208
cas_vs_final_layer_per_head_layer_8_head_15,-0.02333,0.02333,0.72484
ecs_prompt_specific_layer_per_head_layer_9_head_13,0.02331,0.02331,0.72508
bos_attention_proportion_per_head_layer_22_head_19,-0.02327,0.02327,0.72560
v_ffn_norm_per_layer_layer_24,0.02322,0.02322,0.72609
bos_attention_proportion_per_head_layer_4_head_6,-0.02318,0.02318,0.72653
cas_vs_current_layer_per_head_layer_16_head_19,-0.02311,0.02311,0.72739
cas_vs_final_layer_per_head_layer_13_head_18,0.02311,0.02311,0.72741
cas_vs_final_layer_per_head_layer_6_head_21,0.02309,0.02309,0.72762
ecs_specific_layer_per_head_layer_20_head_20,-0.02308,0.02308,0.72774
cas_vs_final_layer_per_head_layer_3_head_15,0.02305,0.02305,0.72808
ecs_specific_layer_per_head_layer_9_head_13,0.02303,0.02303,0.72823
ecs_prompt_specific_layer_per_head_layer_21_head_2,-0.02302,0.02302,0.72845
cas_alt_vs_current_layer_per_head_layer_25_head_10,-0.02301,0.02301,0.72847
cas_vs_current_layer_per_head_layer_2_head_2,0.02301,0.02301,0.72851
cas_vs_current_layer_per_head_layer_7_head_14,-0.02294,0.02294,0.72930
bos_attention_proportion_per_head_layer_10_head_16,-0.02291,0.02291,0.72968
bos_attention_proportion_per_head_layer_24_head_0,-0.02290,0.02290,0.72979
cas_vs_current_layer_per_head_layer_14_head_18,0.02289,0.02289,0.72986
ecs_specific_layer_per_head_layer_0_head_19,-0.02287,0.02287,0.73009
cas_vs_current_layer_per_head_layer_5_head_7,0.02285,0.02285,0.73027
cas_vs_final_layer_per_head_layer_14_head_7,0.02273,0.02273,0.73163
cas_alt_vs_current_layer_per_head_layer_1_head_0,0.02267,0.02267,0.73241
bos_attention_proportion_per_head_layer_12_head_2,-0.02265,0.02265,0.73263
cas_vs_final_layer_per_head_layer_21_head_8,-0.02265,0.02265,0.73263
cas_vs_current_layer_per_head_layer_17_head_1,0.02263,0.02263,0.73278
cas_vs_current_layer_per_head_layer_0_head_4,-0.02263,0.02263,0.73278
cas_vs_current_layer_per_head_layer_6_head_9,-0.02263,0.02263,0.73288
cas_vs_final_layer_per_head_layer_1_head_7,0.02262,0.02262,0.73289
cas_vs_final_layer_per_head_layer_26_head_20,0.02262,0.02262,0.73290
bos_attention_proportion_per_head_layer_27_head_19,0.02261,0.02261,0.73307
cas_alt_vs_current_layer_per_head_layer_21_head_20,0.02260,0.02260,0.73313
cas_vs_final_layer_per_head_layer_19_head_5,-0.02260,0.02260,0.73316
bos_attention_proportion_per_head_layer_23_head_20,-0.02260,0.02260,0.73318
cas_vs_final_layer_per_head_layer_10_head_3,0.02252,0.02252,0.73404
ecs_prompt_specific_layer_per_head_layer_18_head_19,-0.02242,0.02242,0.73523
cas_vs_current_layer_per_head_layer_21_head_12,0.02238,0.02238,0.73567
cas_vs_current_layer_per_head_layer_12_head_13,-0.02234,0.02234,0.73613
v_ffn_norm_per_layer_layer_23,0.02233,0.02233,0.73628
cas_alt_vs_current_layer_per_head_layer_25_head_3,-0.02232,0.02232,0.73632
cas_alt_vs_current_layer_per_head_layer_1_head_8,0.02230,0.02230,0.73652
cos_sim_input_post_ffn_per_layer_layer_25,-0.02230,0.02230,0.73652
ecs_prompt_specific_layer_per_head_layer_21_head_7,-0.02228,0.02228,0.73681
bos_attention_proportion_per_head_layer_25_head_4,0.02223,0.02223,0.73739
cas_vs_final_layer_per_head_layer_4_head_11,-0.02222,0.02222,0.73751
ecs_specific_layer_per_head_layer_21_head_11,-0.02220,0.02220,0.73775
parameter_knowledge_difference_layer_21,0.02218,0.02218,0.73789
cas_vs_current_layer_per_head_layer_6_head_10,0.02217,0.02217,0.73800
cas_vs_final_layer_per_head_layer_0_head_3,-0.02214,0.02214,0.73842
cas_vs_current_layer_per_head_layer_22_head_18,-0.02204,0.02204,0.73948
ecs_specific_layer_per_head_layer_20_head_0,-0.02200,0.02200,0.73995
ecs_specific_layer_per_head_layer_12_head_4,-0.02199,0.02199,0.74015
cas_vs_current_layer_per_head_layer_16_head_11,0.02198,0.02198,0.74017
cas_vs_final_layer_per_head_layer_7_head_5,0.02195,0.02195,0.74053
cas_vs_final_layer_per_head_layer_24_head_16,0.02190,0.02190,0.74109
ecs_specific_layer_per_head_layer_20_head_1,-0.02189,0.02189,0.74123
cas_vs_current_layer_per_head_layer_10_head_16,0.02188,0.02188,0.74135
cas_vs_current_layer_per_head_layer_16_head_10,-0.02187,0.02187,0.74144
cas_alt_vs_current_layer_per_head_layer_23_head_10,0.02182,0.02182,0.74201
cas_vs_current_layer_per_head_layer_8_head_20,0.02182,0.02182,0.74206
cos_sim_input_pre_ffn_per_layer_layer_0,0.02179,0.02179,0.74243
ecs_specific_layer_per_head_layer_0_head_3,-0.02173,0.02173,0.74302
cas_alt_vs_current_layer_per_head_layer_4_head_15,0.02172,0.02172,0.74313
ecs_specific_layer_per_head_layer_0_head_18,-0.02172,0.02172,0.74315
cas_vs_current_layer_per_head_layer_20_head_19,-0.02170,0.02170,0.74339
ecs_specific_layer_per_head_layer_4_head_13,0.02165,0.02165,0.74399
cas_alt_vs_current_layer_per_head_layer_7_head_23,0.02156,0.02156,0.74500
bos_attention_proportion_per_head_layer_3_head_2,-0.02146,0.02146,0.74613
ecs_specific_layer_per_head_layer_0_head_13,-0.02144,0.02144,0.74637
ecs_specific_layer_per_head_layer_15_head_8,-0.02142,0.02142,0.74660
cas_vs_current_layer_per_head_layer_15_head_10,0.02138,0.02138,0.74704
cas_vs_final_layer_per_head_layer_21_head_14,0.02129,0.02129,0.74812
cas_vs_final_layer_per_head_layer_4_head_7,0.02127,0.02127,0.74834
ecs_specific_layer_per_head_layer_2_head_8,-0.02125,0.02125,0.74859
cas_vs_final_layer_per_head_layer_5_head_15,0.02120,0.02120,0.74912
cas_vs_current_layer_per_head_layer_17_head_2,0.02112,0.02112,0.75004
v_attn_norm_per_layer_layer_9,0.02107,0.02107,0.75061
attention_entropy_per_head_layer_7_head_2,-0.02105,0.02105,0.75079
ecs_specific_layer_per_head_layer_17_head_3,-0.02105,0.02105,0.75082
cas_alt_vs_current_layer_per_head_layer_22_head_6,0.02103,0.02103,0.75111
bos_attention_proportion_per_head_layer_14_head_10,0.02103,0.02103,0.75112
ecs_specific_layer_per_head_layer_15_head_3,-0.02102,0.02102,0.75119
cas_alt_vs_current_layer_per_head_layer_7_head_0,0.02098,0.02098,0.75169
cas_alt_vs_current_layer_per_head_layer_25_head_0,-0.02086,0.02086,0.75299
cas_vs_final_layer_per_head_layer_22_head_14,-0.02084,0.02084,0.75329
cas_alt_vs_current_layer_per_head_layer_4_head_21,0.02083,0.02083,0.75341
cas_vs_final_layer_per_head_layer_1_head_23,0.02078,0.02078,0.75389
cas_vs_final_layer_per_head_layer_22_head_17,-0.02078,0.02078,0.75391
bos_attention_proportion_per_head_layer_22_head_10,-0.02078,0.02078,0.75398
ecs_prompt_specific_layer_per_head_layer_22_head_9,-0.02077,0.02077,0.75407
cas_vs_current_layer_per_head_layer_27_head_23,-0.02076,0.02076,0.75412
cas_vs_final_layer_per_head_layer_27_head_23,-0.02076,0.02076,0.75412
ecs_prompt_specific_layer_per_head_layer_15_head_21,-0.02076,0.02076,0.75419
attention_entropy_per_head_layer_13_head_22,0.02072,0.02072,0.75463
bos_attention_proportion_per_head_layer_21_head_19,-0.02069,0.02069,0.75496
bos_attention_proportion_per_head_layer_25_head_15,0.02057,0.02057,0.75629
cas_vs_final_layer_per_head_layer_8_head_11,0.02057,0.02057,0.75636
cas_vs_final_layer_per_head_layer_8_head_17,-0.02055,0.02055,0.75652
cas_vs_final_layer_per_head_layer_12_head_7,-0.02054,0.02054,0.75673
cas_alt_vs_current_layer_per_head_layer_24_head_7,-0.02051,0.02051,0.75702
cas_vs_final_layer_per_head_layer_1_head_22,0.02050,0.02050,0.75717
ecs_specific_layer_per_head_layer_13_head_6,-0.02049,0.02049,0.75724
cas_vs_final_layer_per_head_layer_18_head_22,-0.02043,0.02043,0.75789
ecs_specific_layer_per_head_layer_21_head_16,-0.02042,0.02042,0.75802
cas_alt_vs_current_layer_per_head_layer_3_head_12,0.02042,0.02042,0.75804
cas_vs_final_layer_per_head_layer_20_head_1,0.02039,0.02039,0.75839
bos_attention_proportion_per_head_layer_4_head_2,-0.02034,0.02034,0.75897
cas_alt_vs_current_layer_per_head_layer_0_head_15,-0.02033,0.02033,0.75906
x_post_ffn_norm_per_layer_layer_1,-0.02031,0.02031,0.75928
x_input_norm_per_layer_layer_2,-0.02031,0.02031,0.75928
cas_vs_final_layer_per_head_layer_21_head_5,0.02031,0.02031,0.75929
ecs_specific_layer_per_head_layer_5_head_2,0.02029,0.02029,0.75960
ecs_prompt_specific_layer_per_head_layer_22_head_4,-0.02026,0.02026,0.75995
cas_alt_vs_current_layer_per_head_layer_1_head_11,0.02019,0.02019,0.76073
cas_vs_current_layer_per_head_layer_0_head_21,0.02019,0.02019,0.76076
attention_entropy_per_head_layer_22_head_8,-0.02012,0.02012,0.76148
cas_vs_final_layer_per_head_layer_10_head_21,-0.02010,0.02010,0.76176
cas_vs_final_layer_per_head_layer_1_head_0,0.02003,0.02003,0.76254
bos_attention_proportion_per_head_layer_23_head_10,-0.02002,0.02002,0.76271
bos_attention_proportion_per_head_layer_22_head_4,-0.02001,0.02001,0.76278
cas_alt_vs_current_layer_per_head_layer_1_head_7,0.02000,0.02000,0.76292
ecs_specific_layer_per_head_layer_6_head_23,-0.01999,0.01999,0.76297
cas_vs_final_layer_per_head_layer_26_head_23,0.01999,0.01999,0.76303
cas_vs_current_layer_per_head_layer_5_head_16,-0.01997,0.01997,0.76319
x_input_norm_per_layer_layer_0,0.01994,0.01994,0.76355
cas_alt_vs_current_layer_per_head_layer_20_head_4,0.01994,0.01994,0.76356
cas_vs_final_layer_per_head_layer_12_head_11,-0.01986,0.01986,0.76455
cas_alt_vs_current_layer_per_head_layer_24_head_3,0.01984,0.01984,0.76478
ecs_specific_layer_per_head_layer_5_head_20,-0.01981,0.01981,0.76504
cas_vs_current_layer_per_head_layer_7_head_20,-0.01975,0.01975,0.76577
ecs_prompt_specific_layer_per_head_layer_0_head_16,-0.01974,0.01974,0.76591
cas_vs_final_layer_per_head_layer_13_head_11,0.01973,0.01973,0.76596
cas_vs_final_layer_per_head_layer_13_head_20,-0.01963,0.01963,0.76719
cas_vs_final_layer_per_head_layer_20_head_8,0.01961,0.01961,0.76735
cas_vs_final_layer_per_head_layer_17_head_6,0.01959,0.01959,0.76757
cas_vs_current_layer_per_head_layer_7_head_15,0.01956,0.01956,0.76795
cas_alt_vs_current_layer_per_head_layer_25_head_16,-0.01955,0.01955,0.76804
cas_alt_vs_current_layer_per_head_layer_7_head_20,0.01953,0.01953,0.76827
ecs_prompt_specific_layer_per_head_layer_15_head_12,-0.01952,0.01952,0.76844
cas_vs_final_layer_per_head_layer_22_head_2,0.01948,0.01948,0.76888
ecs_specific_layer_per_head_layer_16_head_2,-0.01944,0.01944,0.76929
bos_attention_proportion_per_head_layer_22_head_2,-0.01944,0.01944,0.76931
cas_vs_final_layer_per_head_layer_18_head_16,-0.01944,0.01944,0.76933
ecs_prompt_specific_layer_per_head_layer_0_head_9,-0.01944,0.01944,0.76938
cas_vs_final_layer_per_head_layer_20_head_15,-0.01941,0.01941,0.76968
ecs_prompt_specific_layer_per_head_layer_12_head_6,0.01940,0.01940,0.76978
cas_vs_current_layer_per_head_layer_16_head_6,0.01939,0.01939,0.76987
cas_alt_vs_current_layer_per_head_layer_3_head_11,0.01936,0.01936,0.77030
cas_alt_vs_current_layer_per_head_layer_23_head_15,-0.01934,0.01934,0.77049
ecs_specific_layer_per_head_layer_4_head_12,0.01930,0.01930,0.77092
cas_alt_vs_current_layer_per_head_layer_3_head_1,-0.01927,0.01927,0.77133
bos_attention_proportion_per_head_layer_25_head_5,-0.01926,0.01926,0.77144
cas_alt_vs_current_layer_per_head_layer_22_head_1,0.01924,0.01924,0.77168
attention_entropy_per_head_layer_8_head_7,-0.01922,0.01922,0.77189
cas_vs_current_layer_per_head_layer_15_head_6,0.01921,0.01921,0.77197
bos_attention_proportion_per_head_layer_9_head_14,0.01914,0.01914,0.77276
cas_vs_current_layer_per_head_layer_17_head_10,-0.01914,0.01914,0.77283
cas_vs_final_layer_per_head_layer_18_head_1,0.01911,0.01911,0.77309
attention_entropy_per_head_layer_15_head_22,0.01911,0.01911,0.77309
cas_vs_final_layer_per_head_layer_3_head_16,0.01910,0.01910,0.77324
cas_vs_current_layer_per_head_layer_13_head_1,-0.01909,0.01909,0.77339
cas_alt_vs_current_layer_per_head_layer_6_head_9,0.01906,0.01906,0.77375
attention_entropy_per_head_layer_25_head_4,0.01905,0.01905,0.77378
cas_alt_vs_current_layer_per_head_layer_22_head_4,0.01903,0.01903,0.77407
cas_vs_final_layer_per_head_layer_2_head_18,0.01893,0.01893,0.77523
ecs_specific_layer_per_head_layer_9_head_23,-0.01889,0.01889,0.77565
v_attn_norm_per_layer_layer_8,0.01888,0.01888,0.77583
cas_alt_vs_current_layer_per_head_layer_5_head_21,0.01886,0.01886,0.77601
ecs_specific_layer_per_head_layer_2_head_0,0.01883,0.01883,0.77634
cas_vs_current_layer_per_head_layer_7_head_18,0.01881,0.01881,0.77662
cas_vs_final_layer_per_head_layer_19_head_0,0.01878,0.01878,0.77690
cas_alt_vs_current_layer_per_head_layer_21_head_17,-0.01874,0.01874,0.77745
cas_vs_final_layer_per_head_layer_27_head_15,0.01870,0.01870,0.77788
cas_vs_current_layer_per_head_layer_27_head_15,0.01870,0.01870,0.77788
cas_vs_current_layer_per_head_layer_20_head_18,-0.01868,0.01868,0.77816
attention_entropy_per_head_layer_3_head_1,-0.01864,0.01864,0.77858
ecs_prompt_specific_layer_per_head_layer_0_head_20,-0.01863,0.01863,0.77869
cas_vs_current_layer_per_head_layer_18_head_15,-0.01858,0.01858,0.77929
cas_vs_final_layer_per_head_layer_13_head_2,-0.01854,0.01854,0.77969
cas_vs_current_layer_per_head_layer_18_head_13,-0.01849,0.01849,0.78035
cas_vs_final_layer_per_head_layer_9_head_9,-0.01842,0.01842,0.78110
cas_alt_vs_current_layer_per_head_layer_25_head_2,-0.01841,0.01841,0.78127
cas_vs_final_layer_per_head_layer_14_head_22,0.01839,0.01839,0.78150
cas_vs_final_layer_per_head_layer_19_head_16,0.01839,0.01839,0.78150
ecs_prompt_specific_layer_per_head_layer_15_head_7,-0.01836,0.01836,0.78184
ecs_specific_layer_per_head_layer_4_head_18,-0.01835,0.01835,0.78189
ecs_specific_layer_per_head_layer_5_head_13,0.01828,0.01828,0.78280
bos_attention_proportion_per_head_layer_19_head_19,0.01827,0.01827,0.78291
cas_vs_current_layer_per_head_layer_3_head_5,0.01823,0.01823,0.78330
cas_vs_final_layer_per_head_layer_15_head_2,0.01821,0.01821,0.78361
ecs_specific_layer_per_head_layer_16_head_5,0.01819,0.01819,0.78379
cas_alt_vs_current_layer_per_head_layer_5_head_15,0.01819,0.01819,0.78383
cas_vs_current_layer_per_head_layer_21_head_10,-0.01818,0.01818,0.78391
cas_vs_current_layer_per_head_layer_22_head_2,-0.01817,0.01817,0.78400
cas_vs_current_layer_per_head_layer_22_head_12,-0.01817,0.01817,0.78405
cas_vs_final_layer_per_head_layer_12_head_14,-0.01816,0.01816,0.78411
bos_attention_proportion_per_head_layer_3_head_0,0.01803,0.01803,0.78563
cas_vs_final_layer_per_head_layer_20_head_13,-0.01800,0.01800,0.78598
cas_vs_final_layer_per_head_layer_8_head_3,-0.01798,0.01798,0.78626
bos_attention_proportion_per_head_layer_27_head_16,-0.01791,0.01791,0.78703
cos_sim_pre_post_ffn_per_layer_layer_19,0.01781,0.01781,0.78821
attention_entropy_per_head_layer_23_head_15,-0.01781,0.01781,0.78822
cas_vs_current_layer_per_head_layer_27_head_17,0.01780,0.01780,0.78832
cas_vs_final_layer_per_head_layer_27_head_17,0.01780,0.01780,0.78832
cas_vs_final_layer_per_head_layer_13_head_21,-0.01779,0.01779,0.78837
bos_attention_proportion_per_head_layer_19_head_23,0.01776,0.01776,0.78882
cas_vs_current_layer_per_head_layer_17_head_0,0.01775,0.01775,0.78891
ecs_specific_layer_per_head_layer_21_head_5,-0.01771,0.01771,0.78938
cas_vs_final_layer_per_head_layer_24_head_6,0.01769,0.01769,0.78958
cas_vs_final_layer_per_head_layer_6_head_14,0.01766,0.01766,0.78999
bos_attention_proportion_per_head_layer_5_head_4,0.01762,0.01762,0.79037
attention_entropy_per_head_layer_1_head_1,0.01760,0.01760,0.79061
ecs_prompt_specific_layer_per_head_layer_20_head_21,-0.01758,0.01758,0.79088
cas_alt_vs_current_layer_per_head_layer_19_head_15,0.01755,0.01755,0.79120
cas_alt_vs_current_layer_per_head_layer_7_head_15,0.01754,0.01754,0.79136
ecs_prompt_specific_layer_per_head_layer_13_head_13,-0.01742,0.01742,0.79268
cas_vs_final_layer_per_head_layer_19_head_8,0.01742,0.01742,0.79273
bos_attention_proportion_per_head_layer_18_head_6,-0.01732,0.01732,0.79394
ecs_prompt_specific_layer_per_head_layer_21_head_22,-0.01731,0.01731,0.79400
ecs_specific_layer_per_head_layer_21_head_19,-0.01730,0.01730,0.79409
cas_alt_vs_current_layer_per_head_layer_3_head_9,0.01725,0.01725,0.79466
cas_vs_current_layer_per_head_layer_10_head_4,-0.01724,0.01724,0.79486
cas_vs_current_layer_per_head_layer_15_head_14,-0.01723,0.01723,0.79496
cas_vs_final_layer_per_head_layer_21_head_3,0.01721,0.01721,0.79514
ecs_specific_layer_per_head_layer_16_head_6,-0.01717,0.01717,0.79568
bos_attention_proportion_per_head_layer_14_head_9,-0.01716,0.01716,0.79570
cas_vs_final_layer_per_head_layer_5_head_3,0.01711,0.01711,0.79635
cas_alt_vs_current_layer_per_head_layer_3_head_19,0.01710,0.01710,0.79642
bos_attention_proportion_per_head_layer_23_head_2,0.01706,0.01706,0.79691
ecs_prompt_specific_layer_per_head_layer_16_head_16,-0.01705,0.01705,0.79709
cos_sim_input_post_ffn_per_layer_layer_22,-0.01699,0.01699,0.79773
ecs_specific_layer_per_head_layer_8_head_18,0.01698,0.01698,0.79785
ecs_specific_layer_per_head_layer_16_head_9,-0.01695,0.01695,0.79824
cas_vs_current_layer_per_head_layer_15_head_8,-0.01694,0.01694,0.79828
ecs_prompt_specific_layer_per_head_layer_15_head_23,-0.01688,0.01688,0.79901
cas_vs_final_layer_per_head_layer_20_head_19,0.01684,0.01684,0.79945
cas_vs_current_layer_per_head_layer_23_head_22,-0.01684,0.01684,0.79950
cas_vs_final_layer_per_head_layer_17_head_17,0.01682,0.01682,0.79971
cas_vs_final_layer_per_head_layer_16_head_5,0.01681,0.01681,0.79986
cas_vs_final_layer_per_head_layer_7_head_4,0.01678,0.01678,0.80014
ecs_specific_layer_per_head_layer_10_head_23,-0.01674,0.01674,0.80061
cas_vs_final_layer_per_head_layer_9_head_1,-0.01674,0.01674,0.80065
ecs_specific_layer_per_head_layer_0_head_15,0.01666,0.01666,0.80154
cas_vs_current_layer_per_head_layer_15_head_17,0.01662,0.01662,0.80204
cas_vs_final_layer_per_head_layer_10_head_2,-0.01661,0.01661,0.80212
cas_vs_current_layer_per_head_layer_7_head_19,0.01661,0.01661,0.80222
x_pre_ffn_norm_per_layer_layer_5,0.01657,0.01657,0.80262
cas_vs_current_layer_per_head_layer_0_head_3,-0.01657,0.01657,0.80264
attention_entropy_per_head_layer_4_head_22,-0.01655,0.01655,0.80282
bos_attention_proportion_per_head_layer_1_head_15,0.01653,0.01653,0.80311
cas_vs_current_layer_per_head_layer_4_head_19,0.01650,0.01650,0.80346
cas_vs_final_layer_per_head_layer_5_head_5,0.01647,0.01647,0.80380
ecs_prompt_specific_layer_per_head_layer_0_head_3,-0.01642,0.01642,0.80440
ecs_specific_layer_per_head_layer_0_head_11,0.01638,0.01638,0.80483
ecs_specific_layer_per_head_layer_21_head_3,-0.01636,0.01636,0.80506
bos_attention_proportion_per_head_layer_9_head_8,0.01634,0.01634,0.80527
ecs_specific_layer_per_head_layer_8_head_4,-0.01632,0.01632,0.80559
cas_alt_vs_current_layer_per_head_layer_22_head_2,-0.01630,0.01630,0.80575
cas_vs_final_layer_per_head_layer_1_head_4,0.01630,0.01630,0.80580
attention_entropy_per_head_layer_15_head_15,0.01626,0.01626,0.80626
cas_alt_vs_current_layer_per_head_layer_0_head_21,-0.01625,0.01625,0.80638
bos_attention_proportion_per_head_layer_21_head_21,0.01624,0.01624,0.80644
bos_attention_proportion_per_head_layer_13_head_14,-0.01619,0.01619,0.80702
cas_vs_final_layer_per_head_layer_10_head_5,-0.01617,0.01617,0.80727
x_pre_ffn_norm_per_layer_layer_0,0.01617,0.01617,0.80728
cas_vs_current_layer_per_head_layer_9_head_12,0.01617,0.01617,0.80728
ecs_specific_layer_per_head_layer_21_head_22,-0.01614,0.01614,0.80763
ecs_specific_layer_per_head_layer_20_head_21,-0.01613,0.01613,0.80775
cas_vs_current_layer_per_head_layer_21_head_23,-0.01611,0.01611,0.80794
bos_attention_proportion_per_head_layer_13_head_19,-0.01610,0.01610,0.80813
ecs_specific_layer_per_head_layer_21_head_12,-0.01604,0.01604,0.80882
cas_alt_vs_current_layer_per_head_layer_24_head_20,-0.01603,0.01603,0.80896
cas_vs_current_layer_per_head_layer_20_head_8,-0.01599,0.01599,0.80939
cas_vs_final_layer_per_head_layer_22_head_9,-0.01592,0.01592,0.81025
cas_vs_current_layer_per_head_layer_14_head_16,0.01589,0.01589,0.81062
cas_vs_final_layer_per_head_layer_1_head_11,0.01586,0.01586,0.81089
ecs_specific_layer_per_head_layer_8_head_12,0.01585,0.01585,0.81100
cas_vs_final_layer_per_head_layer_5_head_2,0.01584,0.01584,0.81117
cas_vs_current_layer_per_head_layer_2_head_7,-0.01583,0.01583,0.81122
bos_attention_proportion_per_head_layer_5_head_19,0.01576,0.01576,0.81211
cas_vs_current_layer_per_head_layer_7_head_4,-0.01574,0.01574,0.81229
cas_alt_vs_current_layer_per_head_layer_24_head_5,-0.01574,0.01574,0.81229
cas_alt_vs_current_layer_per_head_layer_21_head_18,0.01574,0.01574,0.81232
cas_vs_final_layer_per_head_layer_27_head_1,0.01573,0.01573,0.81242
cas_vs_current_layer_per_head_layer_27_head_1,0.01573,0.01573,0.81242
bos_attention_proportion_per_head_layer_22_head_3,-0.01570,0.01570,0.81284
cas_vs_final_layer_per_head_layer_10_head_22,0.01569,0.01569,0.81292
cas_vs_current_layer_per_head_layer_18_head_7,-0.01568,0.01568,0.81299
cas_vs_current_layer_per_head_layer_21_head_21,-0.01563,0.01563,0.81362
cas_vs_current_layer_per_head_layer_2_head_14,0.01560,0.01560,0.81401
ecs_specific_layer_per_head_layer_20_head_5,-0.01558,0.01558,0.81415
cas_vs_final_layer_per_head_layer_18_head_15,0.01558,0.01558,0.81419
bos_attention_proportion_per_head_layer_16_head_14,0.01557,0.01557,0.81429
cas_alt_vs_current_layer_per_head_layer_7_head_7,0.01556,0.01556,0.81440
cas_vs_current_layer_per_head_layer_21_head_15,0.01554,0.01554,0.81462
ecs_specific_layer_per_head_layer_12_head_15,-0.01554,0.01554,0.81471
x_pre_ffn_norm_per_layer_layer_1,0.01552,0.01552,0.81495
cas_alt_vs_current_layer_per_head_layer_24_head_11,-0.01550,0.01550,0.81511
cas_vs_final_layer_per_head_layer_13_head_13,-0.01549,0.01549,0.81530
cas_vs_final_layer_per_head_layer_4_head_1,-0.01543,0.01543,0.81593
ecs_specific_layer_per_head_layer_10_head_4,-0.01543,0.01543,0.81601
cas_vs_current_layer_per_head_layer_22_head_20,-0.01542,0.01542,0.81602
attention_entropy_per_head_layer_18_head_19,-0.01542,0.01542,0.81612
ecs_prompt_specific_layer_per_head_layer_15_head_6,-0.01531,0.01531,0.81735
ecs_prompt_specific_layer_per_head_layer_21_head_19,-0.01529,0.01529,0.81762
cos_sim_input_pre_ffn_per_layer_layer_9,-0.01527,0.01527,0.81788
cas_vs_final_layer_per_head_layer_9_head_22,0.01526,0.01526,0.81791
cas_vs_current_layer_per_head_layer_2_head_23,0.01526,0.01526,0.81794
cas_alt_vs_current_layer_per_head_layer_0_head_23,0.01525,0.01525,0.81811
ecs_specific_layer_per_head_layer_16_head_1,-0.01523,0.01523,0.81833
cas_vs_current_layer_per_head_layer_23_head_6,0.01521,0.01521,0.81849
cas_alt_vs_current_layer_per_head_layer_7_head_4,-0.01521,0.01521,0.81849
cas_alt_vs_current_layer_per_head_layer_21_head_15,0.01515,0.01515,0.81920
ecs_specific_layer_per_head_layer_7_head_3,0.01512,0.01512,0.81961
ecs_specific_layer_per_head_layer_9_head_22,-0.01503,0.01503,0.82069
cas_vs_current_layer_per_head_layer_21_head_7,-0.01502,0.01502,0.82079
cas_vs_current_layer_per_head_layer_21_head_19,-0.01500,0.01500,0.82099
cas_vs_current_layer_per_head_layer_18_head_11,-0.01500,0.01500,0.82101
bos_attention_proportion_per_head_layer_2_head_11,-0.01499,0.01499,0.82117
attention_entropy_per_head_layer_1_head_22,-0.01498,0.01498,0.82125
cas_alt_vs_current_layer_per_head_layer_1_head_20,0.01494,0.01494,0.82168
cas_vs_current_layer_per_head_layer_10_head_5,0.01492,0.01492,0.82193
ecs_specific_layer_per_head_layer_9_head_21,-0.01489,0.01489,0.82225
ecs_specific_layer_per_head_layer_12_head_2,-0.01485,0.01485,0.82273
cas_alt_vs_current_layer_per_head_layer_25_head_19,-0.01482,0.01482,0.82307
cas_alt_vs_current_layer_per_head_layer_23_head_6,0.01482,0.01482,0.82309
cas_vs_current_layer_per_head_layer_16_head_7,0.01480,0.01480,0.82330
cas_vs_final_layer_per_head_layer_4_head_3,-0.01480,0.01480,0.82339
cas_vs_final_layer_per_head_layer_12_head_20,0.01474,0.01474,0.82399
cas_alt_vs_current_layer_per_head_layer_1_head_3,0.01474,0.01474,0.82400
ecs_prompt_specific_layer_per_head_layer_0_head_10,-0.01474,0.01474,0.82404
ecs_specific_layer_per_head_layer_0_head_20,-0.01473,0.01473,0.82413
cas_vs_final_layer_per_head_layer_4_head_12,-0.01473,0.01473,0.82417
v_ffn_norm_per_layer_layer_0,0.01472,0.01472,0.82427
cas_vs_final_layer_per_head_layer_10_head_11,0.01471,0.01471,0.82437
cas_vs_current_layer_per_head_layer_2_head_19,0.01469,0.01469,0.82464
cas_vs_current_layer_per_head_layer_20_head_20,-0.01468,0.01468,0.82470
ecs_specific_layer_per_head_layer_10_head_3,0.01466,0.01466,0.82501
attention_entropy_per_head_layer_0_head_6,-0.01464,0.01464,0.82521
cas_vs_final_layer_per_head_layer_19_head_13,0.01454,0.01454,0.82643
ecs_prompt_specific_layer_per_head_layer_15_head_3,-0.01446,0.01446,0.82735
attention_entropy_per_head_layer_9_head_3,-0.01444,0.01444,0.82759
cas_alt_vs_current_layer_per_head_layer_22_head_9,0.01437,0.01437,0.82842
ecs_specific_layer_per_head_layer_12_head_10,0.01428,0.01428,0.82944
bos_attention_proportion_per_head_layer_15_head_2,-0.01422,0.01422,0.83022
cas_vs_final_layer_per_head_layer_27_head_3,-0.01421,0.01421,0.83029
cas_vs_current_layer_per_head_layer_27_head_3,-0.01421,0.01421,0.83029
cas_vs_final_layer_per_head_layer_10_head_23,-0.01420,0.01420,0.83041
ecs_specific_layer_per_head_layer_2_head_20,0.01416,0.01416,0.83092
attention_entropy_per_head_layer_13_head_10,-0.01415,0.01415,0.83093
cas_vs_current_layer_per_head_layer_2_head_17,-0.01410,0.01410,0.83152
cas_alt_vs_current_layer_per_head_layer_22_head_7,0.01410,0.01410,0.83159
ecs_specific_layer_per_head_layer_12_head_14,-0.01409,0.01409,0.83165
x_pre_ffn_norm_per_layer_layer_6,0.01399,0.01399,0.83291
ecs_specific_layer_per_head_layer_8_head_11,0.01398,0.01398,0.83298
ecs_prompt_specific_layer_per_head_layer_1_head_2,0.01397,0.01397,0.83306
cas_vs_final_layer_per_head_layer_0_head_18,0.01397,0.01397,0.83309
cas_vs_current_layer_per_head_layer_16_head_14,-0.01396,0.01396,0.83319
cas_vs_final_layer_per_head_layer_24_head_23,0.01396,0.01396,0.83320
cas_vs_final_layer_per_head_layer_27_head_16,-0.01388,0.01388,0.83414
cas_vs_current_layer_per_head_layer_27_head_16,-0.01388,0.01388,0.83414
cas_vs_current_layer_per_head_layer_10_head_23,0.01388,0.01388,0.83420
bos_attention_proportion_per_head_layer_9_head_21,0.01387,0.01387,0.83432
ecs_specific_layer_per_head_layer_8_head_23,0.01386,0.01386,0.83443
pos_score_per_layer_layer_3,0.01379,0.01379,0.83519
pos_cos_similarity_per_layer_layer_3,0.01379,0.01379,0.83519
ecs_prompt_specific_layer_per_head_layer_15_head_18,0.01378,0.01378,0.83535
ecs_specific_layer_per_head_layer_8_head_14,0.01373,0.01373,0.83598
cas_vs_current_layer_per_head_layer_9_head_3,0.01371,0.01371,0.83612
cas_alt_vs_current_layer_per_head_layer_0_head_5,0.01367,0.01367,0.83660
cas_vs_final_layer_per_head_layer_8_head_6,0.01363,0.01363,0.83709
cas_vs_final_layer_per_head_layer_20_head_12,-0.01362,0.01362,0.83722
cas_alt_vs_current_layer_per_head_layer_25_head_20,-0.01359,0.01359,0.83753
cas_vs_final_layer_per_head_layer_27_head_12,-0.01359,0.01359,0.83758
cas_vs_current_layer_per_head_layer_27_head_12,-0.01359,0.01359,0.83758
bos_attention_proportion_per_head_layer_2_head_7,0.01353,0.01353,0.83825
ecs_specific_layer_per_head_layer_2_head_23,-0.01340,0.01340,0.83979
cas_alt_vs_current_layer_per_head_layer_25_head_15,0.01339,0.01339,0.83991
cos_sim_input_post_ffn_per_layer_layer_8,0.01335,0.01335,0.84036
cas_alt_vs_current_layer_per_head_layer_22_head_0,-0.01335,0.01335,0.84037
ecs_specific_layer_per_head_layer_21_head_21,-0.01333,0.01333,0.84066
cas_vs_final_layer_per_head_layer_5_head_20,0.01327,0.01327,0.84137
ecs_prompt_specific_layer_per_head_layer_16_head_12,-0.01327,0.01327,0.84141
cas_alt_vs_current_layer_per_head_layer_25_head_11,-0.01323,0.01323,0.84177
cas_alt_vs_current_layer_per_head_layer_1_head_5,0.01320,0.01320,0.84222
ecs_specific_layer_per_head_layer_15_head_1,-0.01318,0.01318,0.84242
ecs_prompt_specific_layer_per_head_layer_9_head_9,-0.01318,0.01318,0.84247
cas_vs_current_layer_per_head_layer_3_head_8,0.01317,0.01317,0.84257
ecs_specific_layer_per_head_layer_15_head_16,-0.01315,0.01315,0.84277
ecs_prompt_specific_layer_per_head_layer_6_head_7,-0.01314,0.01314,0.84289
semantic_drift_per_layer_layer_9,-0.01309,0.01309,0.84343
ecs_specific_layer_per_head_layer_21_head_17,-0.01309,0.01309,0.84352
ecs_specific_layer_per_head_layer_17_head_1,0.01308,0.01308,0.84355
cas_vs_final_layer_per_head_layer_22_head_15,-0.01298,0.01298,0.84477
parameter_knowledge_difference_layer_1,-0.01291,0.01291,0.84558
cas_alt_vs_current_layer_per_head_layer_3_head_20,0.01289,0.01289,0.84579
cas_vs_current_layer_per_head_layer_5_head_8,0.01289,0.01289,0.84583
cas_vs_current_layer_per_head_layer_15_head_19,0.01288,0.01288,0.84590
ecs_specific_layer_per_head_layer_16_head_13,-0.01288,0.01288,0.84601
cas_vs_final_layer_per_head_layer_5_head_23,0.01286,0.01286,0.84615
cas_vs_final_layer_per_head_layer_20_head_21,-0.01286,0.01286,0.84625
bos_attention_proportion_per_head_layer_13_head_3,0.01278,0.01278,0.84714
bos_attention_proportion_per_head_layer_27_head_1,0.01275,0.01275,0.84754
cas_vs_current_layer_per_head_layer_20_head_6,-0.01272,0.01272,0.84782
bos_attention_proportion_per_head_layer_27_head_0,-0.01272,0.01272,0.84790
cas_vs_current_layer_per_head_layer_21_head_17,0.01271,0.01271,0.84795
cas_vs_current_layer_per_head_layer_14_head_9,0.01268,0.01268,0.84833
attention_entropy_per_head_layer_13_head_17,0.01266,0.01266,0.84851
bos_attention_proportion_per_head_layer_7_head_15,0.01265,0.01265,0.84865
cas_vs_current_layer_per_head_layer_22_head_9,-0.01255,0.01255,0.84982
bos_attention_proportion_per_head_layer_2_head_6,0.01252,0.01252,0.85023
bos_attention_proportion_per_head_layer_24_head_23,0.01245,0.01245,0.85105
cas_alt_vs_current_layer_per_head_layer_21_head_13,0.01242,0.01242,0.85141
cas_vs_final_layer_per_head_layer_3_head_18,0.01239,0.01239,0.85178
cas_vs_final_layer_per_head_layer_27_head_10,0.01236,0.01236,0.85213
cas_vs_current_layer_per_head_layer_27_head_10,0.01236,0.01236,0.85213
cas_vs_current_layer_per_head_layer_10_head_13,0.01230,0.01230,0.85276
cas_vs_current_layer_per_head_layer_7_head_10,0.01230,0.01230,0.85287
bos_attention_proportion_per_head_layer_12_head_16,0.01218,0.01218,0.85428
bos_attention_proportion_per_head_layer_17_head_3,-0.01217,0.01217,0.85438
cas_vs_current_layer_per_head_layer_22_head_19,0.01208,0.01208,0.85540
cas_vs_final_layer_per_head_layer_1_head_21,0.01199,0.01199,0.85651
cas_vs_final_layer_per_head_layer_15_head_0,0.01198,0.01198,0.85665
cas_alt_vs_current_layer_per_head_layer_23_head_7,0.01195,0.01195,0.85695
cas_vs_current_layer_per_head_layer_5_head_13,-0.01187,0.01187,0.85795
cas_vs_current_layer_per_head_layer_12_head_18,0.01182,0.01182,0.85846
cas_vs_final_layer_per_head_layer_20_head_9,-0.01182,0.01182,0.85849
bos_attention_proportion_per_head_layer_23_head_7,-0.01181,0.01181,0.85867
ecs_prompt_specific_layer_per_head_layer_16_head_6,-0.01180,0.01180,0.85868
cas_alt_vs_current_layer_per_head_layer_1_head_1,0.01180,0.01180,0.85869
cas_vs_current_layer_per_head_layer_3_head_6,0.01179,0.01179,0.85880
bos_attention_proportion_per_head_layer_25_head_23,-0.01178,0.01178,0.85892
cas_vs_final_layer_per_head_layer_19_head_21,0.01175,0.01175,0.85931
ecs_prompt_specific_layer_per_head_layer_9_head_10,0.01170,0.01170,0.85992
cas_vs_current_layer_per_head_layer_9_head_10,-0.01166,0.01166,0.86039
cos_sim_pre_post_ffn_per_layer_layer_23,0.01162,0.01162,0.86086
cas_vs_final_layer_per_head_layer_22_head_6,0.01161,0.01161,0.86100
cas_vs_final_layer_per_head_layer_3_head_7,0.01159,0.01159,0.86120
cas_vs_current_layer_per_head_layer_15_head_9,0.01159,0.01159,0.86121
ecs_prompt_specific_layer_per_head_layer_21_head_13,-0.01153,0.01153,0.86193
cas_vs_current_layer_per_head_layer_13_head_7,0.01153,0.01153,0.86195
bos_attention_proportion_per_head_layer_4_head_7,-0.01151,0.01151,0.86219
cas_vs_current_layer_per_head_layer_4_head_2,0.01151,0.01151,0.86222
bos_attention_proportion_per_head_layer_9_head_15,0.01150,0.01150,0.86228
x_post_ffn_norm_per_layer_layer_8,-0.01147,0.01147,0.86265
x_input_norm_per_layer_layer_9,-0.01147,0.01147,0.86265
attention_entropy_per_head_layer_24_head_16,-0.01146,0.01146,0.86281
bos_attention_proportion_per_head_layer_23_head_12,0.01144,0.01144,0.86305
bos_attention_proportion_per_head_layer_15_head_21,-0.01139,0.01139,0.86364
ecs_specific_layer_per_head_layer_6_head_5,-0.01136,0.01136,0.86393
ecs_specific_layer_per_head_layer_5_head_7,0.01134,0.01134,0.86415
ecs_prompt_specific_layer_per_head_layer_12_head_19,-0.01133,0.01133,0.86430
cas_vs_final_layer_per_head_layer_26_head_8,0.01129,0.01129,0.86477
ecs_prompt_specific_layer_per_head_layer_16_head_10,0.01129,0.01129,0.86478
cas_alt_vs_current_layer_per_head_layer_0_head_19,-0.01127,0.01127,0.86499
cas_vs_final_layer_per_head_layer_18_head_0,-0.01122,0.01122,0.86559
cas_vs_current_layer_per_head_layer_13_head_14,0.01121,0.01121,0.86567
cas_vs_final_layer_per_head_layer_22_head_4,0.01120,0.01120,0.86584
ecs_specific_layer_per_head_layer_13_head_14,0.01119,0.01119,0.86592
bos_attention_proportion_per_head_layer_8_head_10,-0.01119,0.01119,0.86594
ecs_prompt_specific_layer_per_head_layer_21_head_17,0.01119,0.01119,0.86599
ecs_specific_layer_per_head_layer_10_head_15,-0.01117,0.01117,0.86621
cas_vs_current_layer_per_head_layer_5_head_5,-0.01116,0.01116,0.86628
ecs_specific_layer_per_head_layer_1_head_17,-0.01112,0.01112,0.86684
cas_alt_vs_current_layer_per_head_layer_22_head_14,-0.01107,0.01107,0.86739
cas_vs_current_layer_per_head_layer_3_head_23,0.01107,0.01107,0.86740
ecs_prompt_specific_layer_per_head_layer_5_head_1,0.01102,0.01102,0.86800
cas_alt_vs_current_layer_per_head_layer_22_head_19,0.01101,0.01101,0.86807
cas_vs_final_layer_per_head_layer_17_head_4,0.01101,0.01101,0.86813
cas_vs_final_layer_per_head_layer_19_head_2,-0.01100,0.01100,0.86827
cas_alt_vs_current_layer_per_head_layer_0_head_11,-0.01099,0.01099,0.86839
cas_vs_current_layer_per_head_layer_19_head_14,-0.01097,0.01097,0.86858
cas_vs_current_layer_per_head_layer_10_head_14,0.01092,0.01092,0.86913
bos_attention_proportion_per_head_layer_7_head_4,0.01090,0.01090,0.86941
cas_alt_vs_current_layer_per_head_layer_0_head_4,0.01088,0.01088,0.86969
ecs_specific_layer_per_head_layer_12_head_16,-0.01082,0.01082,0.87035
cas_alt_vs_current_layer_per_head_layer_5_head_11,0.01082,0.01082,0.87041
cas_alt_vs_current_layer_per_head_layer_3_head_21,-0.01081,0.01081,0.87053
cas_vs_current_layer_per_head_layer_5_head_22,0.01079,0.01079,0.87068
cas_alt_vs_current_layer_per_head_layer_25_head_9,-0.01068,0.01068,0.87202
attention_entropy_per_head_layer_2_head_1,-0.01067,0.01067,0.87211
ecs_specific_layer_per_head_layer_5_head_3,-0.01063,0.01063,0.87257
cas_vs_final_layer_per_head_layer_17_head_19,0.01060,0.01060,0.87299
ecs_specific_layer_per_head_layer_20_head_2,-0.01055,0.01055,0.87357
cas_vs_final_layer_per_head_layer_24_head_22,0.01053,0.01053,0.87376
cas_alt_vs_current_layer_per_head_layer_3_head_13,-0.01053,0.01053,0.87383
cas_alt_vs_current_layer_per_head_layer_7_head_18,-0.01042,0.01042,0.87507
cas_alt_vs_current_layer_per_head_layer_5_head_1,-0.01039,0.01039,0.87544
cas_vs_current_layer_per_head_layer_27_head_6,0.01039,0.01039,0.87547
cas_vs_final_layer_per_head_layer_27_head_6,0.01039,0.01039,0.87547
cas_vs_current_layer_per_head_layer_14_head_3,-0.01038,0.01038,0.87556
cas_vs_current_layer_per_head_layer_2_head_1,0.01037,0.01037,0.87575
cas_vs_current_layer_per_head_layer_21_head_14,-0.01030,0.01030,0.87659
ecs_specific_layer_per_head_layer_9_head_9,-0.01024,0.01024,0.87728
ecs_prompt_specific_layer_per_head_layer_0_head_21,0.01018,0.01018,0.87797
ecs_prompt_specific_layer_per_head_layer_0_head_15,0.01015,0.01015,0.87838
cas_vs_current_layer_per_head_layer_8_head_3,-0.01010,0.01010,0.87890
bos_attention_proportion_per_head_layer_21_head_4,-0.01010,0.01010,0.87895
cas_alt_vs_current_layer_per_head_layer_0_head_22,0.01008,0.01008,0.87915
cas_vs_current_layer_per_head_layer_23_head_10,-0.01005,0.01005,0.87953
cas_vs_current_layer_per_head_layer_10_head_3,0.01004,0.01004,0.87960
ecs_specific_layer_per_head_layer_2_head_9,0.01003,0.01003,0.87976
bos_attention_proportion_per_head_layer_12_head_22,-0.01001,0.01001,0.88004
cas_alt_vs_current_layer_per_head_layer_7_head_14,0.01000,0.01000,0.88008
cas_alt_vs_current_layer_per_head_layer_0_head_0,0.00996,0.00996,0.88054
ecs_prompt_specific_layer_per_head_layer_16_head_7,0.00995,0.00995,0.88068
cas_alt_vs_current_layer_per_head_layer_3_head_15,-0.00995,0.00995,0.88071
ecs_prompt_specific_layer_per_head_layer_6_head_19,0.00985,0.00985,0.88187
ecs_specific_layer_per_head_layer_8_head_6,-0.00982,0.00982,0.88221
cas_vs_final_layer_per_head_layer_8_head_23,0.00979,0.00979,0.88258
ecs_specific_layer_per_head_layer_2_head_5,0.00979,0.00979,0.88260
cas_alt_vs_current_layer_per_head_layer_7_head_12,0.00972,0.00972,0.88340
cas_vs_current_layer_per_head_layer_23_head_5,-0.00968,0.00968,0.88394
attention_entropy_per_head_layer_27_head_7,-0.00967,0.00967,0.88407
ecs_prompt_specific_layer_per_head_layer_9_head_16,0.00964,0.00964,0.88438
cas_alt_vs_current_layer_per_head_layer_5_head_23,-0.00962,0.00962,0.88459
bos_attention_proportion_per_head_layer_2_head_17,-0.00960,0.00960,0.88493
ecs_specific_layer_per_head_layer_7_head_23,-0.00958,0.00958,0.88509
cas_vs_final_layer_per_head_layer_21_head_16,-0.00956,0.00956,0.88539
bos_attention_proportion_per_head_layer_20_head_22,0.00955,0.00955,0.88544
cas_vs_current_layer_per_head_layer_4_head_5,-0.00950,0.00950,0.88608
cas_alt_vs_current_layer_per_head_layer_7_head_10,-0.00946,0.00946,0.88650
cas_vs_current_layer_per_head_layer_21_head_18,0.00946,0.00946,0.88656
bos_attention_proportion_per_head_layer_0_head_4,0.00944,0.00944,0.88672
cas_vs_final_layer_per_head_layer_4_head_19,-0.00940,0.00940,0.88724
bos_attention_proportion_per_head_layer_18_head_14,-0.00938,0.00938,0.88749
ecs_specific_layer_per_head_layer_6_head_17,0.00936,0.00936,0.88770
ecs_specific_layer_per_head_layer_2_head_12,-0.00934,0.00934,0.88797
cas_alt_vs_current_layer_per_head_layer_2_head_16,0.00933,0.00933,0.88811
attention_entropy_per_head_layer_6_head_17,-0.00929,0.00929,0.88855
cas_vs_final_layer_per_head_layer_22_head_10,0.00926,0.00926,0.88895
cas_vs_current_layer_per_head_layer_9_head_0,0.00920,0.00920,0.88963
ecs_specific_layer_per_head_layer_6_head_14,-0.00917,0.00917,0.88994
ecs_specific_layer_per_head_layer_7_head_5,-0.00916,0.00916,0.89010
ecs_specific_layer_per_head_layer_0_head_17,-0.00913,0.00913,0.89050
pos_score_per_layer_layer_20,-0.00912,0.00912,0.89063
ecs_specific_layer_per_head_layer_13_head_20,0.00911,0.00911,0.89075
cas_vs_current_layer_per_head_layer_19_head_9,0.00910,0.00910,0.89087
ecs_specific_layer_per_head_layer_2_head_7,0.00906,0.00906,0.89127
cas_alt_vs_current_layer_per_head_layer_1_head_21,0.00903,0.00903,0.89167
semantic_drift_per_layer_layer_11,-0.00903,0.00903,0.89169
ecs_specific_layer_per_head_layer_21_head_4,-0.00901,0.00901,0.89188
ecs_prompt_specific_layer_per_head_layer_20_head_11,-0.00897,0.00897,0.89235
cas_vs_final_layer_per_head_layer_13_head_12,-0.00896,0.00896,0.89251
bos_attention_proportion_per_head_layer_9_head_22,-0.00896,0.00896,0.89253
cas_vs_current_layer_per_head_layer_3_head_10,0.00894,0.00894,0.89271
cas_vs_final_layer_per_head_layer_19_head_6,0.00890,0.00890,0.89316
ecs_specific_layer_per_head_layer_4_head_1,-0.00886,0.00886,0.89371
ecs_specific_layer_per_head_layer_16_head_10,-0.00885,0.00885,0.89380
ecs_specific_layer_per_head_layer_21_head_20,-0.00884,0.00884,0.89391
ecs_specific_layer_per_head_layer_12_head_17,-0.00880,0.00880,0.89445
bos_attention_proportion_per_head_layer_6_head_16,0.00872,0.00872,0.89541
pos_cos_similarity_per_layer_layer_21,-0.00871,0.00871,0.89546
ecs_specific_layer_per_head_layer_3_head_1,0.00869,0.00869,0.89577
ecs_specific_layer_per_head_layer_7_head_14,-0.00867,0.00867,0.89592
ecs_specific_layer_per_head_layer_4_head_5,0.00866,0.00866,0.89611
bos_attention_proportion_per_head_layer_26_head_13,0.00864,0.00864,0.89628
cas_vs_final_layer_per_head_layer_7_head_0,-0.00864,0.00864,0.89635
cas_alt_vs_current_layer_per_head_layer_24_head_18,-0.00862,0.00862,0.89653
cas_vs_final_layer_per_head_layer_3_head_8,0.00861,0.00861,0.89672
cas_vs_final_layer_per_head_layer_1_head_10,-0.00858,0.00858,0.89705
cas_vs_final_layer_per_head_layer_9_head_17,-0.00838,0.00838,0.89947
x_input_norm_per_layer_layer_13,-0.00832,0.00832,0.90015
x_post_ffn_norm_per_layer_layer_12,-0.00832,0.00832,0.90015
cas_alt_vs_current_layer_per_head_layer_0_head_10,-0.00824,0.00824,0.90110
cas_vs_current_layer_per_head_layer_13_head_4,0.00819,0.00819,0.90165
bos_attention_proportion_per_head_layer_12_head_3,0.00818,0.00818,0.90183
bos_attention_proportion_per_head_layer_17_head_18,0.00815,0.00815,0.90218
cas_vs_final_layer_per_head_layer_7_head_2,0.00815,0.00815,0.90220
cas_alt_vs_current_layer_per_head_layer_0_head_20,0.00810,0.00810,0.90273
cas_vs_current_layer_per_head_layer_13_head_3,0.00804,0.00804,0.90342
cas_vs_final_layer_per_head_layer_2_head_15,0.00799,0.00799,0.90409
ecs_specific_layer_per_head_layer_5_head_5,0.00789,0.00789,0.90529
cas_vs_final_layer_per_head_layer_3_head_14,-0.00788,0.00788,0.90535
attention_entropy_per_head_layer_4_head_4,-0.00788,0.00788,0.90541
attention_entropy_per_head_layer_24_head_11,0.00786,0.00786,0.90565
cas_vs_current_layer_per_head_layer_7_head_9,-0.00784,0.00784,0.90583
attention_entropy_per_head_layer_1_head_6,-0.00783,0.00783,0.90601
bos_attention_proportion_per_head_layer_20_head_9,0.00780,0.00780,0.90631
ecs_prompt_specific_layer_per_head_layer_15_head_4,0.00779,0.00779,0.90651
cas_vs_current_layer_per_head_layer_27_head_21,-0.00774,0.00774,0.90703
cas_vs_final_layer_per_head_layer_27_head_21,-0.00774,0.00774,0.90703
bos_attention_proportion_per_head_layer_6_head_5,0.00768,0.00768,0.90778
cas_vs_final_layer_per_head_layer_17_head_20,0.00760,0.00760,0.90869
cas_vs_final_layer_per_head_layer_8_head_19,-0.00759,0.00759,0.90890
cas_alt_vs_current_layer_per_head_layer_3_head_3,-0.00758,0.00758,0.90899
cas_vs_current_layer_per_head_layer_9_head_11,-0.00755,0.00755,0.90937
bos_attention_proportion_per_head_layer_5_head_20,-0.00752,0.00752,0.90965
cas_vs_final_layer_per_head_layer_13_head_19,0.00751,0.00751,0.90986
ecs_specific_layer_per_head_layer_4_head_15,0.00746,0.00746,0.91046
ecs_prompt_specific_layer_per_head_layer_15_head_10,0.00744,0.00744,0.91060
ecs_specific_layer_per_head_layer_9_head_16,0.00744,0.00744,0.91066
cas_vs_current_layer_per_head_layer_4_head_1,0.00743,0.00743,0.91073
cas_vs_final_layer_per_head_layer_24_head_7,0.00740,0.00740,0.91116
cas_vs_final_layer_per_head_layer_8_head_12,-0.00736,0.00736,0.91157
bos_attention_proportion_per_head_layer_19_head_15,-0.00735,0.00735,0.91176
cas_vs_final_layer_per_head_layer_4_head_18,-0.00733,0.00733,0.91191
ecs_specific_layer_per_head_layer_13_head_22,0.00724,0.00724,0.91307
v_ffn_norm_per_layer_layer_25,-0.00724,0.00724,0.91310
cas_alt_vs_current_layer_per_head_layer_7_head_21,0.00719,0.00719,0.91361
ecs_specific_layer_per_head_layer_2_head_18,-0.00714,0.00714,0.91425
cas_vs_final_layer_per_head_layer_25_head_0,0.00707,0.00707,0.91504
cas_vs_final_layer_per_head_layer_2_head_16,-0.00706,0.00706,0.91523
cas_alt_vs_current_layer_per_head_layer_5_head_22,-0.00699,0.00699,0.91601
cas_vs_current_layer_per_head_layer_5_head_19,-0.00697,0.00697,0.91627
cas_vs_current_layer_per_head_layer_10_head_15,0.00695,0.00695,0.91656
cas_vs_final_layer_per_head_layer_19_head_15,0.00694,0.00694,0.91658
cas_alt_vs_current_layer_per_head_layer_3_head_4,0.00690,0.00690,0.91709
ecs_prompt_specific_layer_per_head_layer_21_head_18,0.00682,0.00682,0.91801
cas_vs_current_layer_per_head_layer_16_head_9,-0.00682,0.00682,0.91806
bos_attention_proportion_per_head_layer_15_head_23,-0.00676,0.00676,0.91873
cas_vs_final_layer_per_head_layer_16_head_4,0.00665,0.00665,0.92016
cas_alt_vs_current_layer_per_head_layer_23_head_9,0.00661,0.00661,0.92053
cas_vs_final_layer_per_head_layer_16_head_13,0.00659,0.00659,0.92078
cas_vs_final_layer_per_head_layer_15_head_11,0.00658,0.00658,0.92093
attention_entropy_per_head_layer_3_head_7,0.00651,0.00651,0.92174
bos_attention_proportion_per_head_layer_1_head_7,-0.00644,0.00644,0.92260
cas_vs_current_layer_per_head_layer_4_head_8,0.00643,0.00643,0.92270
attention_entropy_per_head_layer_2_head_0,-0.00636,0.00636,0.92361
attention_entropy_per_head_layer_20_head_9,0.00634,0.00634,0.92386
ecs_prompt_specific_layer_per_head_layer_16_head_14,0.00631,0.00631,0.92416
cas_alt_vs_current_layer_per_head_layer_3_head_14,0.00630,0.00630,0.92432
cas_vs_current_layer_per_head_layer_11_head_19,0.00629,0.00629,0.92445
cas_vs_current_layer_per_head_layer_4_head_10,0.00628,0.00628,0.92452
cas_vs_current_layer_per_head_layer_6_head_13,0.00620,0.00620,0.92548
attention_entropy_per_head_layer_4_head_3,0.00615,0.00615,0.92606
attention_entropy_per_head_layer_15_head_0,-0.00608,0.00608,0.92689
cas_vs_current_layer_per_head_layer_18_head_14,0.00606,0.00606,0.92713
cas_vs_current_layer_per_head_layer_5_head_6,-0.00605,0.00605,0.92727
ecs_specific_layer_per_head_layer_16_head_12,0.00603,0.00603,0.92757
attention_entropy_per_head_layer_8_head_17,0.00599,0.00599,0.92806
v_ffn_norm_per_layer_layer_19,-0.00586,0.00586,0.92963
cas_alt_vs_current_layer_per_head_layer_7_head_19,0.00573,0.00573,0.93113
cas_vs_final_layer_per_head_layer_3_head_21,0.00565,0.00565,0.93214
cas_vs_final_layer_per_head_layer_15_head_8,-0.00564,0.00564,0.93220
cas_alt_vs_current_layer_per_head_layer_3_head_6,-0.00558,0.00558,0.93290
ecs_specific_layer_per_head_layer_3_head_10,-0.00557,0.00557,0.93299
cas_vs_current_layer_per_head_layer_27_head_22,0.00554,0.00554,0.93340
cas_vs_final_layer_per_head_layer_27_head_22,0.00554,0.00554,0.93340
cas_vs_final_layer_per_head_layer_4_head_22,0.00553,0.00553,0.93352
ecs_specific_layer_per_head_layer_3_head_9,-0.00551,0.00551,0.93374
ecs_prompt_specific_layer_per_head_layer_16_head_1,-0.00544,0.00544,0.93461
bos_attention_proportion_per_head_layer_8_head_23,0.00543,0.00543,0.93476
cas_vs_final_layer_per_head_layer_3_head_22,0.00543,0.00543,0.93478
ecs_specific_layer_per_head_layer_4_head_14,0.00536,0.00536,0.93551
bos_attention_proportion_per_head_layer_11_head_15,0.00534,0.00534,0.93586
cas_vs_final_layer_per_head_layer_27_head_14,0.00531,0.00531,0.93613
cas_vs_current_layer_per_head_layer_27_head_14,0.00531,0.00531,0.93613
cas_vs_current_layer_per_head_layer_8_head_12,-0.00529,0.00529,0.93638
attention_entropy_per_head_layer_15_head_18,0.00523,0.00523,0.93717
ecs_prompt_specific_layer_per_head_layer_16_head_13,-0.00522,0.00522,0.93725
cas_vs_final_layer_per_head_layer_1_head_1,0.00518,0.00518,0.93775
ecs_specific_layer_per_head_layer_21_head_10,-0.00509,0.00509,0.93878
cas_vs_current_layer_per_head_layer_17_head_23,-0.00507,0.00507,0.93902
cas_alt_vs_current_layer_per_head_layer_3_head_17,0.00506,0.00506,0.93911
bos_attention_proportion_per_head_layer_24_head_10,-0.00499,0.00499,0.93995
cas_vs_current_layer_per_head_layer_14_head_23,-0.00498,0.00498,0.94007
cas_alt_vs_current_layer_per_head_layer_3_head_7,0.00497,0.00497,0.94021
cas_vs_current_layer_per_head_layer_5_head_21,-0.00497,0.00497,0.94028
cas_vs_current_layer_per_head_layer_19_head_16,-0.00491,0.00491,0.94092
ecs_prompt_specific_layer_per_head_layer_15_head_15,-0.00491,0.00491,0.94099
v_ffn_norm_per_layer_layer_22,0.00489,0.00489,0.94120
attention_entropy_per_head_layer_0_head_12,0.00488,0.00488,0.94134
cas_alt_vs_current_layer_per_head_layer_5_head_2,-0.00487,0.00487,0.94140
attention_entropy_per_head_layer_4_head_6,-0.00485,0.00485,0.94165
ecs_prompt_specific_layer_per_head_layer_21_head_20,-0.00479,0.00479,0.94239
cas_vs_final_layer_per_head_layer_6_head_1,0.00477,0.00477,0.94261
bos_attention_proportion_per_head_layer_0_head_0,-0.00477,0.00477,0.94264
cas_vs_current_layer_per_head_layer_4_head_13,-0.00477,0.00477,0.94269
cas_vs_current_layer_per_head_layer_4_head_3,-0.00472,0.00472,0.94328
ecs_prompt_specific_layer_per_head_layer_8_head_13,0.00462,0.00462,0.94444
semantic_drift_per_layer_layer_12,0.00457,0.00457,0.94500
x_pre_ffn_norm_per_layer_layer_11,0.00449,0.00449,0.94604
ecs_specific_layer_per_head_layer_5_head_19,0.00443,0.00443,0.94668
cas_alt_vs_current_layer_per_head_layer_7_head_9,-0.00443,0.00443,0.94670
cas_vs_current_layer_per_head_layer_6_head_16,0.00439,0.00439,0.94720
cas_vs_final_layer_per_head_layer_22_head_3,-0.00432,0.00432,0.94809
cas_alt_vs_current_layer_per_head_layer_3_head_8,0.00430,0.00430,0.94828
ecs_specific_layer_per_head_layer_17_head_11,0.00429,0.00429,0.94843
cas_alt_vs_current_layer_per_head_layer_0_head_12,0.00426,0.00426,0.94880
ecs_specific_layer_per_head_layer_0_head_9,-0.00424,0.00424,0.94906
cas_vs_current_layer_per_head_layer_16_head_23,-0.00423,0.00423,0.94918
cas_alt_vs_current_layer_per_head_layer_7_head_11,0.00419,0.00419,0.94966
cas_alt_vs_current_layer_per_head_layer_3_head_22,-0.00412,0.00412,0.95043
bos_attention_proportion_per_head_layer_12_head_13,-0.00412,0.00412,0.95050
bos_attention_proportion_per_head_layer_26_head_11,0.00412,0.00412,0.95050
cas_alt_vs_current_layer_per_head_layer_0_head_3,-0.00409,0.00409,0.95080
cas_vs_current_layer_per_head_layer_20_head_0,-0.00409,0.00409,0.95080
cas_alt_vs_current_layer_per_head_layer_8_head_8,-0.00409,0.00409,0.95086
ecs_specific_layer_per_head_layer_3_head_7,-0.00406,0.00406,0.95114
cas_vs_final_layer_per_head_layer_7_head_1,0.00405,0.00405,0.95128
ecs_prompt_specific_layer_per_head_layer_17_head_3,-0.00404,0.00404,0.95138
cas_vs_final_layer_per_head_layer_3_head_3,-0.00401,0.00401,0.95175
ecs_specific_layer_per_head_layer_21_head_18,0.00400,0.00400,0.95184
ecs_specific_layer_per_head_layer_8_head_19,-0.00395,0.00395,0.95254
cas_vs_current_layer_per_head_layer_12_head_10,0.00394,0.00394,0.95260
cas_vs_final_layer_per_head_layer_15_head_20,-0.00393,0.00393,0.95270
cas_vs_current_layer_per_head_layer_5_head_2,0.00385,0.00385,0.95367
ecs_specific_layer_per_head_layer_3_head_23,-0.00383,0.00383,0.95390
cas_vs_current_layer_per_head_layer_21_head_5,0.00382,0.00382,0.95404
cas_vs_current_layer_per_head_layer_5_head_23,0.00381,0.00381,0.95417
bos_attention_proportion_per_head_layer_26_head_9,0.00381,0.00381,0.95420
pos_cos_similarity_per_layer_layer_8,0.00380,0.00380,0.95426
pos_score_per_layer_layer_8,0.00380,0.00380,0.95426
ecs_specific_layer_per_head_layer_10_head_8,-0.00378,0.00378,0.95455
cas_vs_final_layer_per_head_layer_6_head_22,0.00373,0.00373,0.95512
ecs_specific_layer_per_head_layer_6_head_22,-0.00364,0.00364,0.95621
cas_vs_final_layer_per_head_layer_16_head_19,0.00361,0.00361,0.95657
cas_vs_current_layer_per_head_layer_12_head_4,-0.00348,0.00348,0.95818
cas_vs_final_layer_per_head_layer_14_head_21,0.00343,0.00343,0.95875
cas_vs_current_layer_per_head_layer_21_head_0,0.00341,0.00341,0.95901
x_pre_ffn_norm_per_layer_layer_13,0.00339,0.00339,0.95928
cas_vs_final_layer_per_head_layer_17_head_15,0.00336,0.00336,0.95960
cas_vs_final_layer_per_head_layer_5_head_7,-0.00332,0.00332,0.96011
cas_vs_current_layer_per_head_layer_4_head_15,-0.00329,0.00329,0.96046
cas_vs_final_layer_per_head_layer_26_head_19,-0.00326,0.00326,0.96078
cas_vs_final_layer_per_head_layer_22_head_5,-0.00323,0.00323,0.96113
v_attn_norm_per_layer_layer_0,-0.00321,0.00321,0.96139
ecs_specific_layer_per_head_layer_15_head_12,0.00321,0.00321,0.96143
cas_vs_final_layer_per_head_layer_9_head_10,-0.00316,0.00316,0.96195
cas_alt_vs_current_layer_per_head_layer_0_head_14,-0.00315,0.00315,0.96205
cas_alt_vs_current_layer_per_head_layer_1_head_12,0.00313,0.00313,0.96236
ecs_prompt_specific_layer_per_head_layer_9_head_22,-0.00307,0.00307,0.96305
ecs_prompt_specific_layer_per_head_layer_9_head_14,-0.00306,0.00306,0.96324
parameter_knowledge_difference_layer_15,-0.00303,0.00303,0.96352
cas_vs_final_layer_per_head_layer_12_head_15,0.00300,0.00300,0.96388
ecs_specific_layer_per_head_layer_9_head_18,0.00300,0.00300,0.96392
cas_vs_current_layer_per_head_layer_14_head_8,0.00295,0.00295,0.96449
cas_vs_final_layer_per_head_layer_10_head_18,-0.00291,0.00291,0.96502
ecs_specific_layer_per_head_layer_4_head_8,-0.00280,0.00280,0.96630
cas_vs_current_layer_per_head_layer_9_head_6,-0.00276,0.00276,0.96685
ecs_specific_layer_per_head_layer_21_head_15,-0.00274,0.00274,0.96705
ecs_specific_layer_per_head_layer_10_head_7,0.00269,0.00269,0.96759
cas_vs_final_layer_per_head_layer_8_head_4,0.00267,0.00267,0.96786
cas_vs_current_layer_per_head_layer_12_head_19,0.00266,0.00266,0.96795
bos_attention_proportion_per_head_layer_6_head_22,0.00260,0.00260,0.96870
cas_vs_current_layer_per_head_layer_22_head_10,0.00258,0.00258,0.96897
ecs_specific_layer_per_head_layer_13_head_4,0.00257,0.00257,0.96902
ecs_specific_layer_per_head_layer_7_head_0,-0.00255,0.00255,0.96937
ecs_prompt_specific_layer_per_head_layer_0_head_18,-0.00251,0.00251,0.96974
ecs_specific_layer_per_head_layer_5_head_4,0.00251,0.00251,0.96977
cas_vs_final_layer_per_head_layer_15_head_14,0.00247,0.00247,0.97023
cas_alt_vs_current_layer_per_head_layer_3_head_0,-0.00246,0.00246,0.97038
ecs_specific_layer_per_head_layer_21_head_9,0.00245,0.00245,0.97047
cas_vs_final_layer_per_head_layer_26_head_17,0.00241,0.00241,0.97101
ecs_specific_layer_per_head_layer_16_head_14,-0.00232,0.00232,0.97210
cas_vs_final_layer_per_head_layer_4_head_10,-0.00230,0.00230,0.97234
cas_alt_vs_current_layer_per_head_layer_24_head_19,-0.00229,0.00229,0.97241
attention_entropy_per_head_layer_24_head_6,0.00225,0.00225,0.97289
cas_alt_vs_current_layer_per_head_layer_3_head_5,0.00216,0.00216,0.97401
cas_vs_current_layer_per_head_layer_10_head_10,0.00212,0.00212,0.97445
ecs_specific_layer_per_head_layer_6_head_6,-0.00209,0.00209,0.97484
cas_vs_final_layer_per_head_layer_9_head_4,0.00209,0.00209,0.97490
bos_attention_proportion_per_head_layer_24_head_21,0.00207,0.00207,0.97508
cas_alt_vs_current_layer_per_head_layer_19_head_16,-0.00202,0.00202,0.97575
bos_attention_proportion_per_head_layer_2_head_2,0.00201,0.00201,0.97586
cas_vs_current_layer_per_head_layer_2_head_9,-0.00198,0.00198,0.97618
cas_alt_vs_current_layer_per_head_layer_0_head_9,-0.00197,0.00197,0.97629
attention_entropy_per_head_layer_17_head_4,-0.00196,0.00196,0.97640
cas_vs_current_layer_per_head_layer_23_head_4,-0.00194,0.00194,0.97661
cas_vs_current_layer_per_head_layer_18_head_19,-0.00194,0.00194,0.97671
cas_vs_final_layer_per_head_layer_0_head_20,0.00192,0.00192,0.97687
ecs_prompt_specific_layer_per_head_layer_21_head_15,0.00192,0.00192,0.97690
x_post_ffn_norm_per_layer_layer_10,0.00191,0.00191,0.97700
x_input_norm_per_layer_layer_11,0.00191,0.00191,0.97700
cas_alt_vs_current_layer_per_head_layer_4_head_16,0.00188,0.00188,0.97733
bos_attention_proportion_per_head_layer_7_head_3,0.00188,0.00188,0.97734
ecs_specific_layer_per_head_layer_1_head_10,-0.00186,0.00186,0.97765
cas_vs_current_layer_per_head_layer_2_head_18,-0.00186,0.00186,0.97766
cas_vs_current_layer_per_head_layer_27_head_8,0.00183,0.00183,0.97803
cas_vs_final_layer_per_head_layer_27_head_8,0.00183,0.00183,0.97803
cas_alt_vs_current_layer_per_head_layer_23_head_22,-0.00179,0.00179,0.97843
ecs_specific_layer_per_head_layer_16_head_23,0.00177,0.00177,0.97868
cas_vs_current_layer_per_head_layer_14_head_10,0.00175,0.00175,0.97889
cas_vs_final_layer_per_head_layer_19_head_22,-0.00175,0.00175,0.97894
bos_attention_proportion_per_head_layer_11_head_10,0.00172,0.00172,0.97933
cas_vs_current_layer_per_head_layer_8_head_6,0.00171,0.00171,0.97939
cas_alt_vs_current_layer_per_head_layer_21_head_19,0.00167,0.00167,0.97992
cas_vs_final_layer_per_head_layer_8_head_2,0.00167,0.00167,0.97994
cas_vs_current_layer_per_head_layer_15_head_13,-0.00155,0.00155,0.98140
attention_entropy_per_head_layer_16_head_17,0.00151,0.00151,0.98189
cas_alt_vs_current_layer_per_head_layer_3_head_23,0.00136,0.00136,0.98361
cas_vs_final_layer_per_head_layer_12_head_22,-0.00133,0.00133,0.98399
cas_vs_final_layer_per_head_layer_18_head_10,-0.00131,0.00131,0.98425
cas_alt_vs_current_layer_per_head_layer_5_head_9,-0.00129,0.00129,0.98444
bos_attention_proportion_per_head_layer_24_head_11,0.00126,0.00126,0.98482
x_input_norm_per_layer_layer_20,0.00125,0.00125,0.98501
x_post_ffn_norm_per_layer_layer_19,0.00125,0.00125,0.98501
cas_alt_vs_current_layer_per_head_layer_0_head_1,0.00121,0.00121,0.98548
cas_vs_current_layer_per_head_layer_15_head_3,-0.00120,0.00120,0.98555
bos_attention_proportion_per_head_layer_26_head_6,-0.00117,0.00117,0.98595
ecs_prompt_specific_layer_per_head_layer_21_head_12,-0.00117,0.00117,0.98597
cas_vs_final_layer_per_head_layer_27_head_0,0.00116,0.00116,0.98600
cas_vs_current_layer_per_head_layer_27_head_0,0.00116,0.00116,0.98600
cas_vs_current_layer_per_head_layer_3_head_1,0.00116,0.00116,0.98602
cas_vs_final_layer_per_head_layer_21_head_18,0.00116,0.00116,0.98609
cas_alt_vs_current_layer_per_head_layer_7_head_16,-0.00113,0.00113,0.98635
cas_alt_vs_current_layer_per_head_layer_0_head_13,-0.00111,0.00111,0.98659
cas_vs_current_layer_per_head_layer_14_head_5,-0.00111,0.00111,0.98661
ecs_specific_layer_per_head_layer_9_head_5,-0.00111,0.00111,0.98666
cas_vs_current_layer_per_head_layer_2_head_5,-0.00105,0.00105,0.98734
cas_vs_final_layer_per_head_layer_27_head_20,-0.00100,0.00100,0.98794
cas_vs_current_layer_per_head_layer_27_head_20,-0.00100,0.00100,0.98794
attention_entropy_per_head_layer_11_head_17,-0.00097,0.00097,0.98831
parameter_knowledge_difference_layer_17,0.00097,0.00097,0.98833
cas_vs_final_layer_per_head_layer_1_head_5,0.00094,0.00094,0.98868
cas_vs_final_layer_per_head_layer_20_head_6,0.00094,0.00094,0.98875
cas_vs_current_layer_per_head_layer_27_head_7,-0.00091,0.00091,0.98904
cas_vs_final_layer_per_head_layer_27_head_7,-0.00091,0.00091,0.98904
bos_attention_proportion_per_head_layer_11_head_12,-0.00088,0.00088,0.98939
bos_attention_proportion_per_head_layer_22_head_18,0.00088,0.00088,0.98943
cas_alt_vs_current_layer_per_head_layer_1_head_10,-0.00088,0.00088,0.98943
cos_sim_pre_post_ffn_per_layer_layer_15,-0.00086,0.00086,0.98963
pos_score_per_layer_layer_21,-0.00086,0.00086,0.98966
ecs_specific_layer_per_head_layer_8_head_3,0.00081,0.00081,0.99025
attention_entropy_per_head_layer_16_head_6,-0.00079,0.00079,0.99051
x_pre_ffn_norm_per_layer_layer_20,0.00076,0.00076,0.99089
cas_alt_vs_current_layer_per_head_layer_22_head_13,-0.00073,0.00073,0.99122
cas_vs_final_layer_per_head_layer_14_head_14,0.00072,0.00072,0.99130
cas_alt_vs_current_layer_per_head_layer_5_head_10,-0.00071,0.00071,0.99140
ecs_prompt_specific_layer_per_head_layer_16_head_3,-0.00070,0.00070,0.99161
ecs_prompt_specific_layer_per_head_layer_12_head_14,0.00068,0.00068,0.99178
ecs_specific_layer_per_head_layer_0_head_10,0.00067,0.00067,0.99191
cas_vs_final_layer_per_head_layer_12_head_1,0.00065,0.00065,0.99218
cas_alt_vs_current_layer_per_head_layer_0_head_18,0.00062,0.00062,0.99250
cas_vs_current_layer_per_head_layer_2_head_13,0.00061,0.00061,0.99267
cas_alt_vs_current_layer_per_head_layer_3_head_16,0.00059,0.00059,0.99285
bos_attention_proportion_per_head_layer_19_head_7,-0.00057,0.00057,0.99308
ecs_specific_layer_per_head_layer_5_head_21,-0.00057,0.00057,0.99319
ecs_specific_layer_per_head_layer_16_head_3,-0.00054,0.00054,0.99346
ecs_specific_layer_per_head_layer_5_head_11,0.00054,0.00054,0.99348
cas_vs_current_layer_per_head_layer_14_head_6,0.00049,0.00049,0.99415
bos_attention_proportion_per_head_layer_11_head_1,0.00049,0.00049,0.99416
x_input_norm_per_layer_layer_1,0.00043,0.00043,0.99485
x_post_ffn_norm_per_layer_layer_0,0.00043,0.00043,0.99485
ecs_prompt_specific_layer_per_head_layer_13_head_12,0.00036,0.00036,0.99566
cas_alt_vs_current_layer_per_head_layer_1_head_19,0.00032,0.00032,0.99614
pos_score_per_layer_layer_11,-0.00030,0.00030,0.99636
pos_cos_similarity_per_layer_layer_11,-0.00030,0.00030,0.99636
ecs_prompt_specific_layer_per_head_layer_16_head_9,0.00025,0.00025,0.99702
bos_attention_proportion_per_head_layer_3_head_16,-0.00023,0.00023,0.99721
ecs_prompt_specific_layer_per_head_layer_17_head_13,0.00019,0.00019,0.99771
cas_vs_final_layer_per_head_layer_3_head_13,-0.00018,0.00018,0.99782
cas_vs_final_layer_per_head_layer_2_head_17,-0.00012,0.00012,0.99854
cas_vs_current_layer_per_head_layer_22_head_8,-0.00012,0.00012,0.99857
bos_attention_proportion_per_head_layer_16_head_13,0.00010,0.00010,0.99874
cas_vs_current_layer_per_head_layer_14_head_15,0.00010,0.00010,0.99879
bos_attention_proportion_per_head_layer_6_head_15,0.00007,0.00007,0.99914
cas_alt_vs_current_layer_per_head_layer_24_head_4,-0.00005,0.00005,0.99936
x_post_ffn_norm_per_layer_layer_5,-0.00003,0.00003,0.99969
x_input_norm_per_layer_layer_6,-0.00003,0.00003,0.99969
ecs_prompt_specific_layer_per_head_layer_16_head_5,0.00001,0.00001,0.99988
